area,year,pct_of_area_equipped_for_irrigation_by_mixed_surface_water_and_groundwater
afghanistan,1967,0.0000
afghanistan,1968,0.0000
afghanistan,1969,0.0000
afghanistan,1970,0.0000
afghanistan,1971,0.0000
afghanistan,1972,0.0000
afghanistan,1973,0.0000
afghanistan,1974,0.0000
afghanistan,1975,0.0000
afghanistan,1976,0.0000
afghanistan,1977,0.0000
afghanistan,1978,0.0000
afghanistan,1979,0.0000
afghanistan,1980,0.0000
afghanistan,1981,0.0000
afghanistan,1982,0.0000
afghanistan,1983,0.0000
afghanistan,1984,0.0000
afghanistan,1985,0.0000
afghanistan,1986,0.0000
afghanistan,1987,0.0000
afghanistan,1988,0.0000
afghanistan,1989,0.0000
afghanistan,1990,0.0000
afghanistan,1991,0.0000
afghanistan,1992,0.0000
afghanistan,1993,0.0000
afghanistan,1994,0.0000
afghanistan,1995,0.0000
afghanistan,1996,0.0000
afghanistan,1997,0.0000
afghanistan,1998,0.0000
afghanistan,1999,0.0000
afghanistan,2000,0.0000
afghanistan,2001,0.0000
afghanistan,2002,0.0000
afghanistan,2003,0.0000
afghanistan,2004,0.0000
afghanistan,2005,0.0000
afghanistan,2006,0.0000
afghanistan,2007,0.0000
afghanistan,2008,0.0000
afghanistan,2009,0.0000
afghanistan,2010,0.0000
afghanistan,2011,0.0000
afghanistan,2012,0.0000
afghanistan,2013,0.0000
afghanistan,2014,0.0000
afghanistan,2015,0.0000
afghanistan,2016,0.0000
afghanistan,2017,0.0000
afghanistan,2018,0.0000
afghanistan,2019,0.0000
afghanistan,2020,0.0000
afghanistan,2021,0.0000
afghanistan,2022,0.0000
algeria,2001,2.1073
algeria,2002,1.9501
algeria,2003,1.8188
algeria,2004,1.7074
algeria,2005,1.6119
algeria,2006,1.5289
algeria,2007,1.4563
algeria,2008,1.3921
algeria,2009,1.3211
algeria,2010,1.2588
algeria,2011,1.2037
algeria,2012,1.1546
algeria,2013,1.1468
algeria,2014,1.1391
algeria,2015,1.1315
algeria,2016,1.0815
algeria,2017,1.0403
algeria,2018,1.0403
algeria,2019,1.0403
algeria,2020,1.0403
algeria,2021,1.0403
algeria,2022,1.0403
angola,1974,0.0000
angola,1975,0.0000
angola,1976,0.0000
angola,1977,0.0000
angola,1978,0.0000
angola,1979,0.0000
angola,1980,0.0000
angola,1981,0.0000
angola,1982,0.0000
angola,1983,0.0000
angola,1984,0.0000
angola,1985,0.0000
angola,1986,0.0000
angola,1987,0.0000
angola,1988,0.0000
angola,1989,0.0000
angola,1990,0.0000
angola,1991,0.0000
angola,1992,0.0000
angola,1993,0.0000
angola,1994,0.0000
angola,1995,0.0000
angola,1996,0.0000
angola,1997,0.0000
angola,1998,0.0000
angola,1999,0.0000
angola,2000,0.0000
angola,2001,0.0000
angola,2002,0.0000
angola,2003,0.0000
angola,2004,0.0000
angola,2005,0.0000
angola,2006,0.0000
angola,2007,0.0000
angola,2008,0.0000
angola,2009,0.0000
angola,2010,0.0000
angola,2011,0.0000
angola,2012,0.0000
angola,2013,0.0000
angola,2014,0.0000
angola,2015,0.0000
angola,2016,0.0000
angola,2017,0.0000
angola,2018,0.0000
angola,2019,0.0000
angola,2020,0.0000
angola,2021,0.0000
angola,2022,0.0000
argentina,1999,0.0000
argentina,2000,2.1213
argentina,2001,4.2427
argentina,2002,6.3640
argentina,2003,8.4854
argentina,2004,10.607
argentina,2005,12.728
argentina,2006,14.849
argentina,2007,16.971
argentina,2008,19.092
argentina,2009,21.213
argentina,2010,23.335
argentina,2011,25.456
argentina,2012,27.563
argentina,2013,30.050
argentina,2014,33.031
argentina,2015,36.668
argentina,2016,41.204
argentina,2017,47.022
argentina,2018,54.754
argentina,2019,54.754
argentina,2020,54.754
argentina,2021,54.754
argentina,2022,54.754
armenia,1994,0.0000
armenia,1995,0.0000
armenia,1996,0.0000
armenia,1997,0.0000
armenia,1998,0.0000
armenia,1999,0.0000
armenia,2000,0.0000
armenia,2001,0.0000
armenia,2002,0.0000
armenia,2003,0.0000
armenia,2004,0.0000
armenia,2005,0.0000
armenia,2006,0.0000
armenia,2007,0.0000
armenia,2008,0.0000
armenia,2009,0.0000
armenia,2010,0.0000
armenia,2011,0.0000
armenia,2012,0.0000
armenia,2013,0.0000
armenia,2014,0.0000
armenia,2015,0.0000
armenia,2016,0.0000
armenia,2017,0.0000
armenia,2018,0.0000
armenia,2019,0.0000
armenia,2020,0.0000
armenia,2021,0.0000
armenia,2022,0.0000
azerbaijan,1995,0.0000
azerbaijan,1996,0.0000
azerbaijan,1997,0.0000
azerbaijan,1998,0.0000
azerbaijan,1999,0.0000
azerbaijan,2000,0.0000
azerbaijan,2001,0.0000
azerbaijan,2002,0.0000
azerbaijan,2003,0.0000
azerbaijan,2004,0.0000
azerbaijan,2005,0.0000
azerbaijan,2006,0.0000
azerbaijan,2007,0.0000
azerbaijan,2008,0.0000
azerbaijan,2009,0.0000
azerbaijan,2010,0.0000
azerbaijan,2011,0.0000
azerbaijan,2012,0.0000
azerbaijan,2013,0.0000
azerbaijan,2014,0.0000
azerbaijan,2015,0.0000
azerbaijan,2016,0.0000
azerbaijan,2017,0.0000
azerbaijan,2018,0.0000
azerbaijan,2019,0.0000
azerbaijan,2020,0.0000
azerbaijan,2021,0.0000
azerbaijan,2022,0.0000
bahrain,1994,13.600
bahrain,1995,13.600
bahrain,1996,13.600
bahrain,1997,13.600
bahrain,1998,13.600
bahrain,1999,13.600
bahrain,2000,13.600
bahrain,2001,13.600
bahrain,2002,13.600
bahrain,2003,13.600
bahrain,2004,13.600
bahrain,2005,13.600
bahrain,2006,13.600
bahrain,2007,13.600
bahrain,2008,13.600
bahrain,2009,13.600
bahrain,2010,13.600
bahrain,2011,13.600
bahrain,2012,13.600
bahrain,2013,13.600
bahrain,2014,13.600
bahrain,2015,13.600
bahrain,2016,13.600
bahrain,2017,13.600
bahrain,2018,13.600
bahrain,2019,13.600
bahrain,2020,13.600
bahrain,2021,13.600
bahrain,2022,13.600
benin,1994,0.0000
benin,1995,0.0000
benin,1996,0.0000
benin,1997,0.0000
benin,1998,0.0000
benin,1999,0.0000
benin,2000,0.0000
benin,2001,0.0000
benin,2002,0.0000
benin,2003,0.0000
benin,2004,0.0000
benin,2005,0.0000
benin,2006,0.0000
benin,2007,0.0000
benin,2008,0.0000
benin,2009,0.0000
benin,2010,0.0000
benin,2011,0.0000
benin,2012,0.0000
benin,2013,0.0000
benin,2014,0.0000
benin,2015,0.0000
benin,2016,0.0000
benin,2017,0.0000
benin,2018,0.0000
benin,2019,0.0000
benin,2020,0.0000
benin,2021,0.0000
benin,2022,0.0000
botswana,1992,3.9102
botswana,1993,3.8939
botswana,1994,3.8776
botswana,1995,3.8616
botswana,1996,3.8456
botswana,1997,3.8298
botswana,1998,3.8141
botswana,1999,3.7985
botswana,2000,3.7831
botswana,2001,3.7678
botswana,2002,3.7526
botswana,2003,3.4972
botswana,2004,3.2744
botswana,2005,3.0782
botswana,2006,2.9043
botswana,2007,2.7489
botswana,2008,2.6093
botswana,2009,2.4832
botswana,2010,2.3688
botswana,2011,2.2644
botswana,2012,2.1688
botswana,2013,2.0810
botswana,2014,2.0000
botswana,2015,1.8000
botswana,2016,1.5429
botswana,2017,1.4400
botswana,2018,1.4400
botswana,2019,1.4400
botswana,2020,1.3706
botswana,2021,1.5680
botswana,2022,1.4400
brazil,1996,0.0000
brazil,1997,0.0000
brazil,1998,0.0000
brazil,1999,0.0000
brazil,2000,0.0000
brazil,2001,0.0000
brazil,2002,0.0000
brazil,2003,0.0000
brazil,2004,0.0000
brazil,2005,0.0000
brazil,2006,0.0000
brazil,2007,0.0000
brazil,2008,0.0000
brazil,2009,0.0000
brazil,2010,0.0000
brazil,2011,0.0000
brazil,2012,0.0000
brazil,2013,0.0000
brazil,2014,0.0000
brazil,2015,0.0000
brazil,2016,0.0000
brazil,2017,0.0000
brazil,2018,0.0000
brazil,2019,0.0000
brazil,2020,0.0000
brazil,2021,0.0000
brazil,2022,0.0000
chile,1999,0.0000
chile,2000,0.0000
chile,2001,0.0000
chile,2002,0.0000
chile,2003,0.0000
chile,2004,0.0000
chile,2005,0.0000
chile,2006,0.0000
chile,2007,0.0000
chile,2008,0.0000
chile,2009,0.0000
chile,2010,0.0000
chile,2011,0.0000
chile,2012,0.0000
chile,2013,0.0000
chile,2014,0.0000
chile,2015,0.0000
chile,2016,0.0000
chile,2017,0.0000
chile,2018,0.0000
chile,2019,0.0000
chile,2020,0.0000
chile,2021,0.0000
chile,2022,0.0000
cyprus,1994,0.50000
cyprus,1995,0.50000
cyprus,1996,0.50000
cyprus,1997,0.50000
cyprus,1998,0.50000
cyprus,1999,0.50000
cyprus,2000,0.50000
cyprus,2001,0.50000
cyprus,2002,0.50000
cyprus,2003,0.50000
cyprus,2004,0.50000
cyprus,2005,0.50000
cyprus,2006,0.50000
cyprus,2007,0.50000
cyprus,2008,0.50000
cyprus,2009,0.50000
cyprus,2010,0.50000
cyprus,2011,0.50000
cyprus,2012,0.50000
cyprus,2013,0.50000
cyprus,2014,0.50000
cyprus,2015,0.50000
cyprus,2016,0.50000
cyprus,2017,0.50000
cyprus,2018,0.50000
cyprus,2019,0.50000
cyprus,2020,0.50000
cyprus,2021,0.50000
cyprus,2022,0.50000
djibouti,1989,0.0000
djibouti,1990,0.0000
djibouti,1991,0.0000
djibouti,1992,0.0000
djibouti,1993,0.0000
djibouti,1994,0.0000
djibouti,1995,0.0000
djibouti,1996,0.0000
djibouti,1997,0.0000
djibouti,1998,0.0000
djibouti,1999,0.0000
djibouti,2000,0.0000
djibouti,2001,0.0000
djibouti,2002,0.0000
djibouti,2003,0.0000
djibouti,2004,0.0000
djibouti,2005,0.0000
djibouti,2006,0.0000
djibouti,2007,0.0000
djibouti,2008,0.0000
djibouti,2009,0.0000
djibouti,2010,0.0000
djibouti,2011,0.0000
djibouti,2012,0.0000
djibouti,2013,0.0000
djibouti,2014,0.0000
djibouti,2015,0.0000
djibouti,2016,0.0000
djibouti,2017,0.0000
djibouti,2018,0.0000
djibouti,2019,0.0000
djibouti,2020,0.0000
djibouti,2021,0.0000
djibouti,2022,0.0000
egypt,1993,0.10000
egypt,1994,0.10000
egypt,1995,0.10000
egypt,1996,0.10000
egypt,1997,0.10000
egypt,1998,0.10000
egypt,1999,0.10000
egypt,2000,0.10000
egypt,2001,0.10000
egypt,2002,0.10000
egypt,2003,0.10000
egypt,2004,0.10000
egypt,2005,0.10000
egypt,2006,0.10000
egypt,2007,0.10000
egypt,2008,0.10000
egypt,2009,0.10000
egypt,2010,0.10000
egypt,2011,0.10000
egypt,2012,0.10000
egypt,2013,0.10000
egypt,2014,0.10000
egypt,2015,0.10000
egypt,2016,0.10000
egypt,2017,0.10000
egypt,2018,0.10000
egypt,2019,0.10000
egypt,2020,0.10000
egypt,2021,0.10000
egypt,2022,0.10000
el_salvador,1997,0.0000
el_salvador,1998,0.0000
el_salvador,1999,0.0000
el_salvador,2000,0.0000
el_salvador,2001,0.0000
el_salvador,2002,0.0000
el_salvador,2003,0.0000
el_salvador,2004,0.0000
el_salvador,2005,0.0000
el_salvador,2006,0.0000
el_salvador,2007,0.0000
el_salvador,2008,0.0000
el_salvador,2009,0.0000
el_salvador,2010,0.0000
el_salvador,2011,0.0000
el_salvador,2012,0.0000
el_salvador,2013,0.0000
el_salvador,2014,0.0000
el_salvador,2015,0.0000
el_salvador,2016,0.0000
el_salvador,2017,0.0000
el_salvador,2018,0.0000
el_salvador,2019,0.0000
el_salvador,2020,0.0000
el_salvador,2021,0.0000
el_salvador,2022,0.0000
estonia,1995,0.0000
estonia,1996,0.0000
estonia,1997,0.0000
estonia,1998,0.0000
estonia,1999,0.0000
estonia,2000,0.0000
estonia,2001,0.0000
estonia,2002,0.0000
estonia,2003,0.0000
estonia,2004,0.0000
estonia,2005,0.0000
estonia,2006,0.0000
estonia,2007,0.0000
estonia,2008,0.0000
estonia,2009,0.0000
estonia,2010,0.0000
estonia,2011,0.0000
estonia,2012,0.0000
estonia,2013,0.0000
estonia,2014,0.0000
estonia,2015,0.0000
estonia,2016,0.0000
estonia,2017,0.0000
estonia,2018,0.0000
estonia,2019,0.0000
estonia,2020,0.0000
estonia,2021,0.0000
estonia,2022,0.0000
georgia,2018,0.0000
georgia,2019,0.0000
georgia,2020,0.0000
georgia,2021,0.0000
georgia,2022,0.0000
guatemala,1991,0.0000
guatemala,1992,0.0000
guatemala,1993,0.0000
guatemala,1994,0.0000
guatemala,1995,0.0000
guatemala,1996,0.0000
guatemala,1997,0.0000
guatemala,1998,0.0000
guatemala,1999,0.0000
guatemala,2000,0.0000
guatemala,2001,0.0000
guatemala,2002,0.0000
guatemala,2003,0.0000
guatemala,2004,0.0000
guatemala,2005,0.0000
guatemala,2006,0.0000
guatemala,2007,0.0000
guatemala,2008,0.0000
guatemala,2009,0.0000
guatemala,2010,0.0000
guatemala,2011,0.0000
guatemala,2012,0.0000
guatemala,2013,0.0000
guatemala,2014,0.0000
guatemala,2015,0.0000
guatemala,2016,0.0000
guatemala,2017,0.0000
guatemala,2018,0.0000
guatemala,2019,0.0000
guatemala,2020,0.0000
guatemala,2021,0.0000
guatemala,2022,0.0000
guinea,1994,0.0000
guinea,1995,0.0000
guinea,1996,0.0000
guinea,1997,0.0000
guinea,1998,0.0000
guinea,1999,0.0000
guinea,2000,0.0000
guinea,2001,0.0000
guinea,2002,0.0000
guinea,2003,0.0000
guinea,2004,0.0000
guinea,2005,0.0000
guinea,2006,0.0000
guinea,2007,0.0000
guinea,2008,0.0000
guinea,2009,0.0000
guinea,2010,0.0000
guinea,2011,0.0000
guinea,2012,0.0000
guinea,2013,0.0000
guinea,2014,0.0000
guinea,2015,0.0000
guinea,2016,0.0000
guinea,2017,0.0000
guinea,2018,0.0000
guinea,2019,0.0000
guinea,2020,0.0000
guinea,2021,0.0000
guinea,2022,0.0000
guinea_bissau,1994,0.0000
guinea_bissau,1995,18.575
guinea_bissau,1996,32.670
guinea_bissau,1997,32.670
guinea_bissau,1998,32.670
guinea_bissau,1999,32.670
guinea_bissau,2000,32.670
guinea_bissau,2001,32.670
guinea_bissau,2002,32.670
guinea_bissau,2003,32.670
guinea_bissau,2004,32.670
guinea_bissau,2005,32.670
guinea_bissau,2006,32.670
guinea_bissau,2007,32.670
guinea_bissau,2008,32.670
guinea_bissau,2009,32.670
guinea_bissau,2010,32.670
guinea_bissau,2011,32.670
guinea_bissau,2012,32.670
guinea_bissau,2013,32.670
guinea_bissau,2014,32.670
guinea_bissau,2015,32.670
guinea_bissau,2016,32.670
guinea_bissau,2017,32.670
guinea_bissau,2018,32.670
guinea_bissau,2019,32.670
guinea_bissau,2020,32.670
guinea_bissau,2021,32.670
guinea_bissau,2022,32.670
india,1993,0.0000
india,1994,0.0000
india,1995,0.0000
india,1996,0.0000
india,1997,0.0000
india,1998,0.0000
india,1999,0.0000
india,2000,0.0000
india,2001,0.0000
india,2002,0.0000
india,2003,0.0000
india,2004,0.0000
india,2005,0.0000
india,2006,0.0000
india,2007,0.0000
india,2008,0.0000
india,2009,0.0000
india,2010,0.0000
india,2011,0.0000
india,2012,0.0000
india,2013,0.0000
india,2014,0.0000
india,2015,0.0000
india,2016,0.0000
india,2017,0.0000
india,2018,0.0000
india,2019,0.0000
india,2020,0.0000
india,2021,0.0000
india,2022,0.0000
iran_islamic_republic_of,1993,0.0000
iran_islamic_republic_of,1994,0.0000
iran_islamic_republic_of,1995,0.0000
iran_islamic_republic_of,1996,0.0000
iran_islamic_republic_of,1997,0.0000
iran_islamic_republic_of,1998,0.0000
iran_islamic_republic_of,1999,0.0000
iran_islamic_republic_of,2000,0.0000
iran_islamic_republic_of,2001,0.0000
iran_islamic_republic_of,2002,0.0000
iran_islamic_republic_of,2003,0.0000
iran_islamic_republic_of,2004,0.0000
iran_islamic_republic_of,2005,0.0000
iran_islamic_republic_of,2006,0.0000
iran_islamic_republic_of,2007,0.0000
iran_islamic_republic_of,2008,0.0000
iran_islamic_republic_of,2009,0.0000
iran_islamic_republic_of,2010,0.0000
iran_islamic_republic_of,2011,0.0000
iran_islamic_republic_of,2012,0.0000
iran_islamic_republic_of,2013,0.0000
iran_islamic_republic_of,2014,0.0000
iran_islamic_republic_of,2015,0.0000
iran_islamic_republic_of,2016,0.0000
iran_islamic_republic_of,2017,0.0000
iran_islamic_republic_of,2018,0.0000
iran_islamic_republic_of,2019,0.0000
iran_islamic_republic_of,2020,0.0000
iran_islamic_republic_of,2021,0.0000
iran_islamic_republic_of,2022,0.0000
japan,1993,15.985
japan,1994,16.115
japan,1995,16.247
japan,1996,16.381
japan,1997,16.518
japan,1998,16.656
japan,1999,16.798
japan,2000,16.941
japan,2001,17.087
japan,2002,17.236
japan,2003,17.387
japan,2004,17.541
japan,2005,17.698
japan,2006,17.857
japan,2007,18.349
japan,2008,18.868
japan,2009,19.417
japan,2010,20.000
japan,2011,19.638
japan,2012,19.288
japan,2013,18.951
japan,2014,18.625
japan,2015,18.310
japan,2016,18.006
japan,2017,17.712
japan,2018,17.427
japan,2019,17.350
japan,2020,17.281
japan,2021,17.281
japan,2022,17.281
jordan,1991,5.7000
jordan,1992,5.7000
jordan,1993,5.7000
jordan,1994,5.7000
jordan,1995,5.7000
jordan,1996,5.7000
jordan,1997,5.7000
jordan,1998,5.7000
jordan,1999,5.7000
jordan,2000,5.7000
jordan,2001,5.7000
jordan,2002,5.7000
jordan,2003,5.7000
jordan,2004,5.7000
jordan,2005,5.7000
jordan,2006,5.7000
jordan,2007,5.7000
jordan,2008,5.7000
jordan,2009,5.7000
jordan,2010,5.7000
jordan,2011,5.7000
jordan,2012,5.7000
jordan,2013,5.7000
jordan,2014,5.7000
jordan,2015,5.7000
jordan,2016,5.7000
jordan,2017,5.7000
jordan,2018,5.7000
jordan,2019,5.7000
jordan,2020,5.7000
jordan,2021,5.7000
jordan,2022,5.7000
kazakhstan,1993,2.0000
kazakhstan,1994,2.0000
kazakhstan,1995,2.0000
kazakhstan,1996,2.0000
kazakhstan,1997,2.0000
kazakhstan,1998,2.0000
kazakhstan,1999,2.0000
kazakhstan,2000,2.0000
kazakhstan,2001,2.0000
kazakhstan,2002,2.0000
kazakhstan,2003,2.0000
kazakhstan,2004,2.0000
kazakhstan,2005,2.0000
kazakhstan,2006,2.0000
kazakhstan,2007,2.0000
kazakhstan,2008,2.0000
kazakhstan,2009,2.0000
kazakhstan,2010,2.0000
kazakhstan,2011,2.0000
kazakhstan,2012,2.0000
kazakhstan,2013,2.0000
kazakhstan,2014,2.0000
kazakhstan,2015,2.0000
kazakhstan,2016,2.0000
kazakhstan,2017,2.0000
kazakhstan,2018,2.0000
kazakhstan,2019,2.0000
kazakhstan,2020,2.0000
kazakhstan,2021,2.0000
kazakhstan,2022,2.0000
kuwait,1994,39.000
kuwait,1995,39.000
kuwait,1996,39.000
kuwait,1997,39.000
kuwait,1998,39.000
kuwait,1999,39.000
kuwait,2000,39.000
kuwait,2001,39.000
kuwait,2002,39.000
kuwait,2003,39.000
kuwait,2004,39.000
kuwait,2005,39.000
kuwait,2006,39.000
kuwait,2007,39.000
kuwait,2008,39.000
kuwait,2009,39.000
kuwait,2010,39.000
kuwait,2011,39.000
kuwait,2012,39.000
kuwait,2013,39.000
kuwait,2014,39.000
kuwait,2015,39.000
kuwait,2016,39.000
kuwait,2017,39.000
kuwait,2018,39.000
kuwait,2019,39.000
kuwait,2020,39.000
kuwait,2021,39.000
kuwait,2022,39.000
kyrgyzstan,1994,0.0000
kyrgyzstan,1995,0.0000
kyrgyzstan,1996,0.0000
kyrgyzstan,1997,0.0000
kyrgyzstan,1998,0.0000
kyrgyzstan,1999,0.0000
kyrgyzstan,2000,0.0000
kyrgyzstan,2001,0.0000
kyrgyzstan,2002,0.0000
kyrgyzstan,2003,0.0000
kyrgyzstan,2004,0.0000
kyrgyzstan,2005,0.0000
kyrgyzstan,2006,0.0000
kyrgyzstan,2007,0.0000
kyrgyzstan,2008,0.0000
kyrgyzstan,2009,0.0000
kyrgyzstan,2010,0.0000
kyrgyzstan,2011,0.0000
kyrgyzstan,2012,0.0000
kyrgyzstan,2013,0.0000
kyrgyzstan,2014,0.0000
kyrgyzstan,2015,0.0000
kyrgyzstan,2016,0.0000
kyrgyzstan,2017,0.0000
kyrgyzstan,2018,0.0000
kyrgyzstan,2019,0.0000
kyrgyzstan,2020,0.0000
kyrgyzstan,2021,0.0000
kyrgyzstan,2022,0.0000
malawi,1992,0.0000
malawi,1993,0.0000
malawi,1994,0.0000
malawi,1995,0.0000
malawi,1996,0.0000
malawi,1997,0.0000
malawi,1998,0.0000
malawi,1999,0.0000
malawi,2000,0.0000
malawi,2001,0.0000
malawi,2002,0.0000
malawi,2003,0.0000
malawi,2004,0.0000
malawi,2005,0.0000
malawi,2006,0.0000
malawi,2007,0.0000
malawi,2008,0.0000
malawi,2009,0.0000
malawi,2010,0.0000
malawi,2011,0.0000
malawi,2012,0.0000
malawi,2013,0.0000
malawi,2014,0.0000
malawi,2015,0.0000
malawi,2016,0.0000
malawi,2017,0.0000
malawi,2018,0.0000
malawi,2019,0.0000
malawi,2020,0.0000
malawi,2021,0.0000
malawi,2022,0.0000
malaysia,1994,0.0000
malaysia,1995,0.0000
malaysia,1996,0.0000
malaysia,1997,0.0000
malaysia,1998,0.0000
malaysia,1999,0.0000
malaysia,2000,0.0000
malaysia,2001,0.0000
malaysia,2002,0.0000
malaysia,2003,0.0000
malaysia,2004,0.0000
malaysia,2005,0.0000
malaysia,2006,0.0000
malaysia,2007,0.0000
malaysia,2008,0.0000
malaysia,2009,0.0000
malaysia,2010,0.0000
malaysia,2011,0.0000
malaysia,2012,0.0000
malaysia,2013,0.0000
malaysia,2014,0.0000
malaysia,2015,0.0000
malaysia,2016,0.0000
malaysia,2017,0.0000
malaysia,2018,0.0000
malaysia,2019,0.0000
malaysia,2020,0.0000
malaysia,2021,0.0000
malaysia,2022,0.0000
mali,1994,0.0000
mali,1995,0.0000
mali,1996,0.0000
mali,1997,0.0000
mali,1998,0.0000
mali,1999,0.0000
mali,2000,0.0000
mali,2001,0.0000
mali,2002,0.0000
mali,2003,0.0000
mali,2004,0.0000
mali,2005,0.0000
mali,2006,0.0000
mali,2007,0.0000
mali,2008,0.0000
mali,2009,0.0000
mali,2010,0.0000
mali,2011,0.0000
mali,2012,0.0000
mali,2013,0.0000
mali,2014,0.0000
mali,2015,0.0000
mali,2016,0.0000
mali,2017,0.0000
mali,2018,0.0000
mali,2019,0.0000
mali,2020,0.0000
mali,2021,0.0000
mali,2022,0.0000
malta,1990,36.700
malta,1991,36.700
malta,1992,36.700
malta,1993,36.700
malta,1994,36.700
malta,1995,36.700
malta,1996,36.700
malta,1997,36.700
malta,1998,36.700
malta,1999,36.700
malta,2000,36.700
malta,2001,36.700
malta,2002,36.700
malta,2003,36.700
malta,2004,36.700
malta,2005,36.700
malta,2006,36.700
malta,2007,36.700
malta,2008,36.700
malta,2009,36.700
malta,2010,36.700
malta,2011,36.700
malta,2012,36.700
malta,2013,36.700
malta,2014,36.700
malta,2015,36.700
malta,2016,36.700
malta,2017,36.700
malta,2018,36.700
malta,2019,36.700
malta,2020,36.700
malta,2021,36.700
malta,2022,36.700
mauritania,1994,0.0000
mauritania,1995,0.0000
mauritania,1996,0.0000
mauritania,1997,0.0000
mauritania,1998,0.0000
mauritania,1999,0.0000
mauritania,2000,0.0000
mauritania,2001,0.0000
mauritania,2002,0.0000
mauritania,2003,0.0000
mauritania,2004,0.0000
mauritania,2005,0.0000
mauritania,2006,0.0000
mauritania,2007,0.0000
mauritania,2008,0.0000
mauritania,2009,0.0000
mauritania,2010,0.0000
mauritania,2011,0.0000
mauritania,2012,0.0000
mauritania,2013,0.0000
mauritania,2014,0.0000
mauritania,2015,0.0000
mauritania,2016,0.0000
mauritania,2017,0.0000
mauritania,2018,0.0000
mauritania,2019,0.0000
mauritania,2020,0.0000
mauritania,2021,0.0000
mauritania,2022,0.0000
mauritius,1995,0.0000
mauritius,1996,0.0000
mauritius,1997,0.0000
mauritius,1998,0.0000
mauritius,1999,0.0000
mauritius,2000,0.0000
mauritius,2001,0.0000
mauritius,2002,0.0000
mauritius,2003,0.0000
mauritius,2004,0.0000
mauritius,2005,0.0000
mauritius,2006,0.0000
mauritius,2007,0.0000
mauritius,2008,0.0000
mauritius,2009,0.0000
mauritius,2010,0.0000
mauritius,2011,0.0000
mauritius,2012,0.0000
mauritius,2013,0.0000
mauritius,2014,0.0000
mauritius,2015,0.0000
mauritius,2016,0.0000
mauritius,2017,0.0000
mauritius,2018,0.0000
mauritius,2019,0.0000
mauritius,2020,0.0000
mauritius,2021,0.0000
mauritius,2022,0.0000
mexico,1997,6.9998
mexico,1998,8.0722
mexico,1999,9.1396
mexico,2000,10.202
mexico,2001,11.274
mexico,2002,12.343
mexico,2003,13.411
mexico,2004,14.758
mexico,2005,16.155
mexico,2006,17.606
mexico,2007,19.114
mexico,2008,20.681
mexico,2009,19.462
mexico,2010,23.476
mexico,2011,24.635
mexico,2012,25.789
mexico,2013,26.938
mexico,2014,24.503
mexico,2015,25.214
mexico,2016,23.712
mexico,2017,23.691
mexico,2018,23.701
mexico,2019,23.695
mexico,2020,23.692
mexico,2021,23.696
mexico,2022,23.693
morocco,1989,0.47687
morocco,1990,0.48366
morocco,1991,0.49027
morocco,1992,0.49671
morocco,1993,0.50299
morocco,1994,0.50911
morocco,1995,0.51508
morocco,1996,0.50879
morocco,1997,0.50266
morocco,1998,0.49667
morocco,1999,0.49081
morocco,2000,0.48510
morocco,2001,0.48162
morocco,2002,0.47820
morocco,2003,0.47482
morocco,2004,0.47149
morocco,2005,0.46988
morocco,2006,0.46828
morocco,2007,0.46670
morocco,2008,0.46512
morocco,2009,0.46356
morocco,2010,0.46201
morocco,2011,0.46047
morocco,2012,0.46047
morocco,2013,0.46047
morocco,2014,0.46047
morocco,2015,0.46047
morocco,2016,0.46047
morocco,2017,0.46047
morocco,2018,0.46047
morocco,2019,0.46047
morocco,2020,0.46047
morocco,2021,0.46047
morocco,2022,0.46047
myanmar,1995,0.0000
myanmar,1996,0.0000
myanmar,1997,0.0000
myanmar,1998,0.0000
myanmar,1999,0.0000
myanmar,2000,0.0000
myanmar,2001,0.0000
myanmar,2002,0.0000
myanmar,2003,0.0000
myanmar,2004,0.0000
myanmar,2005,0.0000
myanmar,2006,0.0000
myanmar,2007,0.0000
myanmar,2008,0.0000
myanmar,2009,0.0000
myanmar,2010,0.0000
myanmar,2011,0.0000
myanmar,2012,0.0000
myanmar,2013,0.0000
myanmar,2014,0.0000
myanmar,2015,0.0000
myanmar,2016,0.0000
myanmar,2017,0.0000
myanmar,2018,0.0000
myanmar,2019,0.0000
myanmar,2020,0.0000
myanmar,2021,0.0000
myanmar,2022,0.0000
namibia,1992,0.0000
namibia,1993,0.0000
namibia,1994,0.0000
namibia,1995,0.0000
namibia,1996,0.0000
namibia,1997,0.0000
namibia,1998,0.0000
namibia,1999,0.0000
namibia,2000,0.0000
namibia,2001,0.0000
namibia,2002,0.0000
namibia,2003,0.0000
namibia,2004,0.0000
namibia,2005,0.0000
namibia,2006,0.0000
namibia,2007,0.0000
namibia,2008,0.0000
namibia,2009,0.0000
namibia,2010,0.0000
namibia,2011,0.0000
namibia,2012,0.0000
namibia,2013,0.0000
namibia,2014,0.0000
namibia,2015,0.0000
namibia,2016,0.0000
namibia,2017,0.0000
namibia,2018,0.0000
namibia,2019,0.0000
namibia,2020,0.0000
namibia,2021,0.0000
namibia,2022,0.0000
nepal,1994,0.0000
nepal,1995,0.16267
nepal,1996,0.32534
nepal,1997,0.48801
nepal,1998,0.65068
nepal,1999,0.81336
nepal,2000,0.97603
nepal,2001,1.1387
nepal,2002,1.3014
nepal,2003,1.3404
nepal,2004,1.3404
nepal,2005,1.3404
nepal,2006,1.3404
nepal,2007,1.3404
nepal,2008,1.3404
nepal,2009,1.3404
nepal,2010,1.2121
nepal,2011,1.2121
nepal,2012,1.1411
nepal,2013,1.1411
nepal,2014,1.1103
nepal,2015,1.3404
nepal,2016,1.3404
nepal,2017,1.3404
nepal,2018,1.3404
nepal,2019,1.3404
nepal,2020,1.3404
nepal,2021,1.3404
nepal,2022,1.3404
nicaragua,1997,0.0000
nicaragua,1998,0.0000
nicaragua,1999,0.0000
nicaragua,2000,0.0000
nicaragua,2001,0.0000
nicaragua,2002,0.0000
nicaragua,2003,0.0000
nicaragua,2004,0.0000
nicaragua,2005,0.0000
nicaragua,2006,0.0000
nicaragua,2007,0.0000
nicaragua,2008,0.0000
nicaragua,2009,0.0000
nicaragua,2010,0.0000
nicaragua,2011,0.0000
nicaragua,2012,0.0000
nicaragua,2013,0.0000
nicaragua,2014,0.0000
nicaragua,2015,0.0000
nicaragua,2016,0.0000
nicaragua,2017,0.0000
nicaragua,2018,0.0000
nicaragua,2019,0.0000
nicaragua,2020,0.0000
nicaragua,2021,0.0000
nicaragua,2022,0.0000
oman,1993,0.0000
oman,1994,0.0000
oman,1995,0.0000
oman,1996,0.0000
oman,1997,0.0000
oman,1998,0.0000
oman,1999,0.0000
oman,2000,0.0000
oman,2001,0.0000
oman,2002,0.0000
oman,2003,0.0000
oman,2004,0.0000
oman,2005,0.0000
oman,2006,0.0000
oman,2007,0.0000
oman,2008,0.0000
oman,2009,0.0000
oman,2010,0.0000
oman,2011,0.0000
oman,2012,0.0000
oman,2013,0.0000
oman,2014,0.0000
oman,2015,0.0000
oman,2016,0.0000
oman,2017,0.0000
oman,2018,0.0000
oman,2019,0.0000
oman,2020,0.0000
oman,2021,0.0000
oman,2022,0.0000
pakistan,1990,0.0000
pakistan,1991,2.8416
pakistan,1992,5.5888
pakistan,1993,8.2464
pakistan,1994,10.819
pakistan,1995,13.310
pakistan,1996,15.723
pakistan,1997,18.063
pakistan,1998,20.331
pakistan,1999,22.533
pakistan,2000,24.670
pakistan,2001,26.745
pakistan,2002,28.916
pakistan,2003,31.049
pakistan,2004,33.144
pakistan,2005,35.203
pakistan,2006,37.226
pakistan,2007,39.215
pakistan,2008,41.171
pakistan,2009,41.171
pakistan,2010,41.171
pakistan,2011,41.171
pakistan,2012,41.171
pakistan,2013,41.171
pakistan,2014,41.171
pakistan,2015,41.171
pakistan,2016,41.171
pakistan,2017,41.171
pakistan,2018,41.171
pakistan,2019,41.171
pakistan,2020,41.171
pakistan,2021,41.171
pakistan,2022,41.171
paraguay,2012,2.2320
paraguay,2013,2.2320
paraguay,2014,2.2320
paraguay,2015,2.2320
paraguay,2016,2.2320
paraguay,2017,2.2320
paraguay,2018,2.2320
paraguay,2019,2.2320
paraguay,2020,2.2320
paraguay,2021,2.2320
paraguay,2022,2.2320
peru,1994,18.097
peru,1995,17.612
peru,1996,17.156
peru,1997,16.723
peru,1998,16.311
peru,1999,15.919
peru,2000,15.545
peru,2001,15.189
peru,2002,14.848
peru,2003,14.523
peru,2004,14.211
peru,2005,13.912
peru,2006,13.626
peru,2007,13.352
peru,2008,13.088
peru,2009,12.834
peru,2010,12.590
peru,2011,12.355
peru,2012,12.128
peru,2013,12.129
peru,2014,12.129
peru,2015,12.129
peru,2016,12.129
peru,2017,12.129
peru,2018,12.129
peru,2019,12.129
peru,2020,12.129
peru,2021,12.129
peru,2022,12.129
philippines,1993,0.0000
philippines,1994,1.4401
philippines,1995,2.8367
philippines,1996,4.1916
philippines,1997,5.5069
philippines,1998,6.7841
philippines,1999,8.0249
philippines,2000,9.2308
philippines,2001,10.403
philippines,2002,11.544
philippines,2003,12.653
philippines,2004,13.734
philippines,2005,14.786
philippines,2006,15.680
philippines,2007,16.027
philippines,2008,16.390
philippines,2009,16.769
philippines,2010,17.167
philippines,2011,17.584
philippines,2012,16.995
philippines,2013,17.552
philippines,2014,17.254
philippines,2015,17.025
philippines,2016,15.878
philippines,2017,15.609
philippines,2018,15.344
philippines,2019,14.946
philippines,2020,14.691
philippines,2021,14.429
philippines,2022,13.955
qatar,1993,5.8000
qatar,1994,5.8000
qatar,1995,5.8000
qatar,1996,5.8000
qatar,1997,5.8000
qatar,1998,5.8000
qatar,1999,5.8000
qatar,2000,5.8000
qatar,2001,5.8000
qatar,2002,5.8000
qatar,2003,5.8000
qatar,2004,5.8000
qatar,2005,5.8000
qatar,2006,5.8000
qatar,2007,5.8000
qatar,2008,5.8000
qatar,2009,5.8000
qatar,2010,5.8000
qatar,2011,5.8000
qatar,2012,5.8000
qatar,2013,5.8000
qatar,2014,5.8000
qatar,2015,5.8000
qatar,2016,5.8000
qatar,2017,5.8000
qatar,2018,5.8000
qatar,2019,5.8000
qatar,2020,5.8000
qatar,2021,5.8000
qatar,2022,5.8000
republic_of_korea,1996,0.0000
republic_of_korea,1997,0.0000
republic_of_korea,1998,0.0000
republic_of_korea,1999,0.0000
republic_of_korea,2000,0.0000
republic_of_korea,2001,0.0000
republic_of_korea,2002,0.0000
republic_of_korea,2003,0.0000
republic_of_korea,2004,0.0000
republic_of_korea,2005,0.0000
republic_of_korea,2006,0.0000
republic_of_korea,2007,0.0000
republic_of_korea,2008,0.0000
republic_of_korea,2009,0.0000
republic_of_korea,2010,0.0000
republic_of_korea,2011,0.0000
republic_of_korea,2012,0.0000
republic_of_korea,2013,0.0000
republic_of_korea,2014,0.0000
republic_of_korea,2015,0.0000
republic_of_korea,2016,0.0000
republic_of_korea,2017,0.0000
republic_of_korea,2018,0.0000
republic_of_korea,2019,0.0000
republic_of_korea,2020,0.0000
republic_of_korea,2021,0.0000
republic_of_korea,2022,0.0000
republic_of_moldova,1994,0.0000
republic_of_moldova,1995,0.0000
republic_of_moldova,1996,0.0000
republic_of_moldova,1997,0.0000
republic_of_moldova,1998,0.0000
republic_of_moldova,1999,0.0000
republic_of_moldova,2000,0.0000
republic_of_moldova,2001,0.0000
republic_of_moldova,2002,0.0000
republic_of_moldova,2003,0.0000
republic_of_moldova,2004,0.0000
republic_of_moldova,2005,0.0000
republic_of_moldova,2006,0.0000
republic_of_moldova,2007,0.0000
republic_of_moldova,2008,0.0000
republic_of_moldova,2009,0.0000
republic_of_moldova,2010,0.0000
republic_of_moldova,2011,0.0000
republic_of_moldova,2012,0.0000
republic_of_moldova,2013,0.0000
republic_of_moldova,2014,0.0000
republic_of_moldova,2015,0.0000
republic_of_moldova,2016,0.0000
republic_of_moldova,2017,0.0000
republic_of_moldova,2018,0.0000
republic_of_moldova,2019,0.0000
republic_of_moldova,2020,0.0000
republic_of_moldova,2021,0.0000
republic_of_moldova,2022,0.0000
sao_tome_and_principe,1981,0.0000
sao_tome_and_principe,1982,0.0000
sao_tome_and_principe,1983,0.0000
sao_tome_and_principe,1984,0.0000
sao_tome_and_principe,1985,0.0000
sao_tome_and_principe,1986,0.0000
sao_tome_and_principe,1987,0.0000
sao_tome_and_principe,1988,0.0000
sao_tome_and_principe,1989,0.0000
sao_tome_and_principe,1990,0.0000
sao_tome_and_principe,1991,0.0000
sao_tome_and_principe,1992,0.0000
sao_tome_and_principe,1993,0.0000
sao_tome_and_principe,1994,0.0000
sao_tome_and_principe,1995,0.0000
sao_tome_and_principe,1996,0.0000
sao_tome_and_principe,1997,0.0000
sao_tome_and_principe,1998,0.0000
sao_tome_and_principe,1999,0.0000
sao_tome_and_principe,2000,0.0000
sao_tome_and_principe,2001,0.0000
sao_tome_and_principe,2002,0.0000
sao_tome_and_principe,2003,0.0000
sao_tome_and_principe,2004,0.0000
sao_tome_and_principe,2005,0.0000
sao_tome_and_principe,2006,0.0000
sao_tome_and_principe,2007,0.0000
sao_tome_and_principe,2008,0.0000
sao_tome_and_principe,2009,0.0000
sao_tome_and_principe,2010,0.0000
sao_tome_and_principe,2011,0.0000
sao_tome_and_principe,2012,0.0000
sao_tome_and_principe,2013,0.0000
sao_tome_and_principe,2014,0.0000
sao_tome_and_principe,2015,0.0000
sao_tome_and_principe,2016,0.0000
sao_tome_and_principe,2017,0.0000
sao_tome_and_principe,2018,0.0000
sao_tome_and_principe,2019,0.0000
sao_tome_and_principe,2020,0.0000
sao_tome_and_principe,2021,0.0000
sao_tome_and_principe,2022,0.0000
saudi_arabia,1992,1.1800
saudi_arabia,1993,1.1800
saudi_arabia,1994,1.1800
saudi_arabia,1995,1.1800
saudi_arabia,1996,1.1800
saudi_arabia,1997,1.1800
saudi_arabia,1998,1.1800
saudi_arabia,1999,1.1800
saudi_arabia,2000,1.1800
saudi_arabia,2001,1.1800
saudi_arabia,2002,1.1800
saudi_arabia,2003,1.1800
saudi_arabia,2004,1.1800
saudi_arabia,2005,1.1800
saudi_arabia,2006,1.1800
saudi_arabia,2007,1.1800
saudi_arabia,2008,1.1800
saudi_arabia,2009,1.1800
saudi_arabia,2010,1.1800
saudi_arabia,2011,1.1800
saudi_arabia,2012,1.1800
saudi_arabia,2013,1.1800
saudi_arabia,2014,1.1800
saudi_arabia,2015,1.1800
saudi_arabia,2016,1.1800
saudi_arabia,2017,1.1800
saudi_arabia,2018,1.1800
saudi_arabia,2019,1.1800
saudi_arabia,2020,1.1800
saudi_arabia,2021,1.1800
saudi_arabia,2022,1.1800
slovenia,2016,100.00
slovenia,2017,100.00
slovenia,2018,100.00
slovenia,2019,96.447
slovenia,2020,75.592
slovenia,2021,61.807
slovenia,2022,57.207
sri_lanka,1995,0.0000
sri_lanka,1996,0.0000
sri_lanka,1997,0.0000
sri_lanka,1998,0.0000
sri_lanka,1999,0.0000
sri_lanka,2000,0.0000
sri_lanka,2001,0.0000
sri_lanka,2002,0.0000
sri_lanka,2003,0.0000
sri_lanka,2004,0.0000
sri_lanka,2005,0.0000
sri_lanka,2006,0.0000
sri_lanka,2007,0.0000
sri_lanka,2008,0.0000
sri_lanka,2009,0.0000
sri_lanka,2010,0.0000
sri_lanka,2011,0.0000
sri_lanka,2012,0.0000
sri_lanka,2013,0.0000
sri_lanka,2014,0.0000
sri_lanka,2015,0.0000
sri_lanka,2016,0.0000
sri_lanka,2017,0.0000
sri_lanka,2018,0.0000
sri_lanka,2019,0.0000
sri_lanka,2020,0.0000
sri_lanka,2021,0.0000
sri_lanka,2022,0.0000
syrian_arab_republic,1993,0.0000
syrian_arab_republic,1994,3.5720
syrian_arab_republic,1995,7.1441
syrian_arab_republic,1996,10.716
syrian_arab_republic,1997,14.288
syrian_arab_republic,1998,17.860
syrian_arab_republic,1999,21.432
syrian_arab_republic,2000,25.004
syrian_arab_republic,2001,28.576
syrian_arab_republic,2002,32.148
syrian_arab_republic,2003,35.720
syrian_arab_republic,2004,39.292
syrian_arab_republic,2005,39.268
syrian_arab_republic,2006,39.242
syrian_arab_republic,2007,41.753
syrian_arab_republic,2008,43.921
syrian_arab_republic,2009,47.008
syrian_arab_republic,2010,45.787
syrian_arab_republic,2011,45.787
syrian_arab_republic,2012,45.787
syrian_arab_republic,2013,45.787
syrian_arab_republic,2014,45.787
syrian_arab_republic,2015,45.787
syrian_arab_republic,2016,45.787
syrian_arab_republic,2017,45.787
syrian_arab_republic,2018,45.787
syrian_arab_republic,2019,45.787
syrian_arab_republic,2020,45.787
syrian_arab_republic,2021,45.787
syrian_arab_republic,2022,45.787
tajikistan,1994,3.5000
tajikistan,1995,3.3841
tajikistan,1996,3.2682
tajikistan,1997,3.1522
tajikistan,1998,3.0363
tajikistan,1999,2.9204
tajikistan,2000,2.8045
tajikistan,2001,2.6886
tajikistan,2002,2.5726
tajikistan,2003,2.4567
tajikistan,2004,2.3408
tajikistan,2005,2.2249
tajikistan,2006,2.1090
tajikistan,2007,1.9931
tajikistan,2008,1.8771
tajikistan,2009,1.7612
tajikistan,2010,1.7612
tajikistan,2011,1.7612
tajikistan,2012,1.7612
tajikistan,2013,1.7612
tajikistan,2014,1.7612
tajikistan,2015,1.7612
tajikistan,2016,1.7612
tajikistan,2017,1.7612
tajikistan,2018,1.7612
tajikistan,2019,1.7612
tajikistan,2020,1.7612
tajikistan,2021,1.7612
tajikistan,2022,1.7612
thailand,1995,0.0000
thailand,1996,0.0000
thailand,1997,0.0000
thailand,1998,0.0000
thailand,1999,0.0000
thailand,2000,0.0000
thailand,2001,0.0000
thailand,2002,0.0000
thailand,2003,0.0000
thailand,2004,0.0000
thailand,2005,0.0000
thailand,2006,0.0000
thailand,2007,0.0000
thailand,2008,0.0000
thailand,2009,0.0000
thailand,2010,0.0000
thailand,2011,0.0000
thailand,2012,0.0000
thailand,2013,0.0000
thailand,2014,0.0000
thailand,2015,0.0000
thailand,2016,0.0000
thailand,2017,0.0000
thailand,2018,0.0000
thailand,2019,0.0000
thailand,2020,0.0000
thailand,2021,0.0000
thailand,2022,0.0000
togo,1990,0.0000
togo,1991,0.0000
togo,1992,0.0000
togo,1993,0.0000
togo,1994,0.0000
togo,1995,0.0000
togo,1996,0.0000
togo,1997,0.0000
togo,1998,0.0000
togo,1999,0.0000
togo,2000,0.0000
togo,2001,0.0000
togo,2002,0.0000
togo,2003,0.0000
togo,2004,0.0000
togo,2005,0.0000
togo,2006,0.0000
togo,2007,0.0000
togo,2008,0.0000
togo,2009,0.0000
togo,2010,0.0000
togo,2011,0.0000
togo,2012,0.0000
togo,2013,0.0000
togo,2014,0.0000
togo,2015,0.0000
togo,2016,0.0000
togo,2017,0.0000
togo,2018,0.0000
togo,2019,0.0000
togo,2020,0.0000
togo,2021,0.0000
togo,2022,0.0000
tunisia,1991,1.5584
tunisia,1992,1.7559
tunisia,1993,1.9523
tunisia,1994,2.1478
tunisia,1995,2.3422
tunisia,1996,2.5356
tunisia,1997,2.7280
tunisia,1998,2.9195
tunisia,1999,3.1100
tunisia,2000,3.2995
tunisia,2001,10.849
tunisia,2002,18.328
tunisia,2003,25.751
tunisia,2004,31.697
tunisia,2005,37.115
tunisia,2006,42.071
tunisia,2007,48.053
tunisia,2008,53.899
tunisia,2009,59.615
tunisia,2010,65.206
tunisia,2011,70.674
tunisia,2012,75.930
tunisia,2013,82.441
tunisia,2014,89.016
tunisia,2015,95.657
tunisia,2016,102.36
tunisia,2017,103.29
tunisia,2018,117.68
tunisia,2019,116.08
tunisia,2020,115.55
tunisia,2021,115.55
tunisia,2022,115.55
turkiye,1994,0.0000
turkiye,1995,0.0000
turkiye,1996,0.0000
turkiye,1997,0.0000
turkiye,1998,0.0000
turkiye,1999,0.0000
turkiye,2000,0.0000
turkiye,2001,0.0000
turkiye,2002,0.0000
turkiye,2003,0.0000
turkiye,2004,0.0000
turkiye,2005,0.0000
turkiye,2006,0.0000
turkiye,2007,0.0000
turkiye,2008,0.0000
turkiye,2009,0.0000
turkiye,2010,0.0000
turkiye,2011,0.0000
turkiye,2012,0.0000
turkiye,2013,0.0000
turkiye,2014,0.0000
turkiye,2015,0.0000
turkiye,2016,0.0000
turkiye,2017,0.0000
turkiye,2018,0.0000
turkiye,2019,0.0000
turkiye,2020,0.0000
turkiye,2021,0.0000
turkiye,2022,0.0000
turkmenistan,1994,0.0000
turkmenistan,1995,0.0000
turkmenistan,1996,0.0000
turkmenistan,1997,0.0000
turkmenistan,1998,0.0000
turkmenistan,1999,0.0000
turkmenistan,2000,0.0000
turkmenistan,2001,0.0000
turkmenistan,2002,0.0000
turkmenistan,2003,0.0000
turkmenistan,2004,0.0000
turkmenistan,2005,0.0000
turkmenistan,2006,0.0000
turkmenistan,2007,0.0000
turkmenistan,2008,0.0000
turkmenistan,2009,0.0000
turkmenistan,2010,0.0000
turkmenistan,2011,0.0000
turkmenistan,2012,0.0000
turkmenistan,2013,0.0000
turkmenistan,2014,0.0000
turkmenistan,2015,0.0000
turkmenistan,2016,0.0000
turkmenistan,2017,0.0000
turkmenistan,2018,0.0000
turkmenistan,2019,0.0000
turkmenistan,2020,0.0000
turkmenistan,2021,0.0000
turkmenistan,2022,0.0000
ukraine,1994,0.0000
ukraine,1995,0.0000
ukraine,1996,0.0000
ukraine,1997,0.0000
ukraine,1998,0.0000
ukraine,1999,0.0000
ukraine,2000,0.0000
ukraine,2001,0.0000
ukraine,2002,0.0000
ukraine,2003,0.0000
ukraine,2004,0.0000
ukraine,2005,0.0000
ukraine,2006,0.0000
ukraine,2007,0.0000
ukraine,2008,0.0000
ukraine,2009,0.0000
ukraine,2010,0.0000
ukraine,2011,0.0000
ukraine,2012,0.0000
ukraine,2013,0.0000
ukraine,2014,0.0000
ukraine,2015,0.0000
ukraine,2016,0.0000
ukraine,2017,0.0000
ukraine,2018,0.0000
ukraine,2019,0.0000
ukraine,2020,0.0000
ukraine,2021,0.0000
ukraine,2022,0.0000
united_arab_emirates,1993,0.0000
united_arab_emirates,1994,0.0000
united_arab_emirates,1995,0.0000
united_arab_emirates,1996,0.0000
united_arab_emirates,1997,0.0000
united_arab_emirates,1998,0.0000
united_arab_emirates,1999,0.0000
united_arab_emirates,2000,0.0000
united_arab_emirates,2001,0.0000
united_arab_emirates,2002,0.0000
united_arab_emirates,2003,0.0000
united_arab_emirates,2004,0.0000
united_arab_emirates,2005,0.0000
united_arab_emirates,2006,0.0000
united_arab_emirates,2007,0.0000
united_arab_emirates,2008,0.0000
united_arab_emirates,2009,0.0000
united_arab_emirates,2010,0.0000
united_arab_emirates,2011,0.0000
united_arab_emirates,2012,0.0000
united_arab_emirates,2013,0.0000
united_arab_emirates,2014,0.0000
united_arab_emirates,2015,0.0000
united_arab_emirates,2016,0.0000
united_arab_emirates,2017,0.0000
united_arab_emirates,2018,0.0000
united_arab_emirates,2019,0.0000
united_arab_emirates,2020,0.0000
united_arab_emirates,2021,0.0000
united_arab_emirates,2022,0.0000
uruguay,1998,0.0000
uruguay,1999,0.0000
uruguay,2000,0.0000
uruguay,2001,0.0000
uruguay,2002,0.0000
uruguay,2003,0.0000
uruguay,2004,0.0000
uruguay,2005,0.0000
uruguay,2006,0.0000
uruguay,2007,0.0000
uruguay,2008,0.0000
uruguay,2009,0.0000
uruguay,2010,0.0000
uruguay,2011,0.0000
uruguay,2012,0.0000
uruguay,2013,0.0000
uruguay,2014,0.0000
uruguay,2015,0.0000
uruguay,2016,0.0000
uruguay,2017,0.0000
uruguay,2018,0.0000
uruguay,2019,0.0000
uruguay,2020,0.0000
uruguay,2021,0.0000
uruguay,2022,0.0000
uzbekistan,1994,0.0000
uzbekistan,1995,0.0000
uzbekistan,1996,0.0000
uzbekistan,1997,0.0000
uzbekistan,1998,0.0000
uzbekistan,1999,0.0000
uzbekistan,2000,0.0000
uzbekistan,2001,0.0000
uzbekistan,2002,0.0000
uzbekistan,2003,0.0000
uzbekistan,2004,0.0000
uzbekistan,2005,0.0000
uzbekistan,2006,0.0000
uzbekistan,2007,0.0000
uzbekistan,2008,0.0000
uzbekistan,2009,0.0000
uzbekistan,2010,0.0000
uzbekistan,2011,0.0000
uzbekistan,2012,0.0000
uzbekistan,2013,0.0000
uzbekistan,2014,0.0000
uzbekistan,2015,0.0000
uzbekistan,2016,0.0000
uzbekistan,2017,0.0000
uzbekistan,2018,0.0000
uzbekistan,2019,0.0000
uzbekistan,2020,0.0000
uzbekistan,2021,0.0000
uzbekistan,2022,0.0000
venezuela_bolivarian_republic_of,1989,0.0000
venezuela_bolivarian_republic_of,1990,0.39892
venezuela_bolivarian_republic_of,1991,0.77543
venezuela_bolivarian_republic_of,1992,1.1313
venezuela_bolivarian_republic_of,1993,1.4683
venezuela_bolivarian_republic_of,1994,1.7879
venezuela_bolivarian_republic_of,1995,2.0912
venezuela_bolivarian_republic_of,1996,2.3797
venezuela_bolivarian_republic_of,1997,2.6542
venezuela_bolivarian_republic_of,1998,2.9159
venezuela_bolivarian_republic_of,1999,2.9858
venezuela_bolivarian_republic_of,2000,3.0456
venezuela_bolivarian_republic_of,2001,3.0973
venezuela_bolivarian_republic_of,2002,3.1424
venezuela_bolivarian_republic_of,2003,3.1822
venezuela_bolivarian_republic_of,2004,3.2174
venezuela_bolivarian_republic_of,2005,3.2489
venezuela_bolivarian_republic_of,2006,3.2773
venezuela_bolivarian_republic_of,2007,3.3028
venezuela_bolivarian_republic_of,2008,3.3270
venezuela_bolivarian_republic_of,2009,3.3261
venezuela_bolivarian_republic_of,2010,3.3261
venezuela_bolivarian_republic_of,2011,3.3261
venezuela_bolivarian_republic_of,2012,3.3261
venezuela_bolivarian_republic_of,2013,3.3261
venezuela_bolivarian_republic_of,2014,3.3261
venezuela_bolivarian_republic_of,2015,3.3261
venezuela_bolivarian_republic_of,2016,3.3261
venezuela_bolivarian_republic_of,2017,3.3261
venezuela_bolivarian_republic_of,2018,3.3261
venezuela_bolivarian_republic_of,2019,3.3261
venezuela_bolivarian_republic_of,2020,3.3261
venezuela_bolivarian_republic_of,2021,3.3261
venezuela_bolivarian_republic_of,2022,3.3261
yemen,1994,0.0000
yemen,1995,0.0000
yemen,1996,0.0000
yemen,1997,0.0000
yemen,1998,0.0000
yemen,1999,0.0000
yemen,2000,0.0000
yemen,2001,0.0000
yemen,2002,0.0000
yemen,2003,0.0000
yemen,2004,0.0000
yemen,2005,0.0000
yemen,2006,0.0000
yemen,2007,0.0000
yemen,2008,0.0000
yemen,2009,0.0000
yemen,2010,0.0000
yemen,2011,0.0000
yemen,2012,0.0000
yemen,2013,0.0000
yemen,2014,0.0000
yemen,2015,0.0000
yemen,2016,0.0000
yemen,2017,0.0000
yemen,2018,0.0000
yemen,2019,0.0000
yemen,2020,0.0000
yemen,2021,0.0000
yemen,2022,0.0000
zambia,1992,0.0000
zambia,1993,0.0000
zambia,1994,0.0000
zambia,1995,0.0000
zambia,1996,0.0000
zambia,1997,0.0000
zambia,1998,0.0000
zambia,1999,0.0000
zambia,2000,0.0000
zambia,2001,0.0000
zambia,2002,0.0000
zambia,2003,0.0000
zambia,2004,0.0000
zambia,2005,0.0000
zambia,2006,0.0000
zambia,2007,0.0000
zambia,2008,0.0000
zambia,2009,0.0000
zambia,2010,0.0000
zambia,2011,0.0000
zambia,2012,0.0000
zambia,2013,0.0000
zambia,2014,0.0000
zambia,2015,0.0000
zambia,2016,0.0000
zambia,2017,0.0000
zambia,2018,0.0000
zambia,2019,0.0000
zambia,2020,0.0000
zambia,2021,0.0000
zambia,2022,0.0000
