area,year,area_equipped_for_power_irrigation_surface_water_or_groundwater
albania,1990,0.079000
albania,1991,0.079000
albania,1992,0.079000
albania,1993,0.079000
albania,1994,0.079000
albania,1995,0.079000
albania,1996,0.079000
albania,1997,0.079000
albania,1998,0.079000
albania,1999,0.079000
albania,2000,0.079000
albania,2001,0.079000
albania,2002,0.079000
albania,2003,0.079000
albania,2004,0.079000
albania,2005,0.079000
albania,2006,0.079000
albania,2007,0.079000
albania,2008,0.079000
albania,2009,0.079000
albania,2010,0.079000
albania,2011,0.079000
albania,2012,0.079000
albania,2013,0.079000
albania,2014,0.079000
albania,2015,0.079000
albania,2016,0.079000
albania,2017,0.079000
albania,2018,0.079000
albania,2019,0.079000
albania,2020,0.079000
albania,2021,0.079000
albania,2022,0.079000
antigua_and_barbuda,1997,0.12700
antigua_and_barbuda,1998,0.12700
antigua_and_barbuda,1999,0.12700
antigua_and_barbuda,2000,0.12700
antigua_and_barbuda,2001,0.12700
antigua_and_barbuda,2002,0.12700
antigua_and_barbuda,2003,0.12700
antigua_and_barbuda,2004,0.12700
antigua_and_barbuda,2005,0.12700
antigua_and_barbuda,2006,0.12700
antigua_and_barbuda,2007,0.12700
antigua_and_barbuda,2008,0.12700
antigua_and_barbuda,2009,0.12700
antigua_and_barbuda,2010,0.12700
antigua_and_barbuda,2011,0.12700
antigua_and_barbuda,2012,0.12700
antigua_and_barbuda,2013,0.12700
antigua_and_barbuda,2014,0.12700
antigua_and_barbuda,2015,0.12700
antigua_and_barbuda,2016,0.12700
antigua_and_barbuda,2017,0.12700
antigua_and_barbuda,2018,0.12700
antigua_and_barbuda,2019,0.12700
antigua_and_barbuda,2020,0.12700
antigua_and_barbuda,2021,0.12700
antigua_and_barbuda,2022,0.12700
argentina,1995,403.10
argentina,1996,403.10
argentina,1997,403.10
argentina,1998,403.10
argentina,1999,403.10
argentina,2000,403.10
argentina,2001,403.10
argentina,2002,403.10
argentina,2003,403.10
argentina,2004,403.10
argentina,2005,403.10
argentina,2006,403.10
argentina,2007,403.10
argentina,2008,403.10
argentina,2009,403.10
argentina,2010,403.10
argentina,2011,403.10
argentina,2012,403.10
argentina,2013,403.10
argentina,2014,403.10
argentina,2015,403.10
argentina,2016,403.10
argentina,2017,403.10
argentina,2018,403.10
argentina,2019,403.10
argentina,2020,403.10
argentina,2021,403.10
argentina,2022,403.10
armenia,1995,128.70
armenia,1996,126.89
armenia,1997,125.07
armenia,1998,123.26
armenia,1999,121.44
armenia,2000,119.63
armenia,2001,117.81
armenia,2002,116.00
armenia,2003,116.00
armenia,2004,116.00
armenia,2005,116.00
armenia,2006,116.00
armenia,2007,116.00
armenia,2008,116.00
armenia,2009,116.00
armenia,2010,116.00
armenia,2011,116.00
armenia,2012,116.00
armenia,2013,116.00
armenia,2014,116.00
armenia,2015,116.00
armenia,2016,116.00
armenia,2017,116.00
armenia,2018,116.00
armenia,2019,116.00
armenia,2020,116.00
armenia,2021,116.00
armenia,2022,116.00
azerbaijan,1995,511.00
azerbaijan,1996,507.02
azerbaijan,1997,503.05
azerbaijan,1998,499.07
azerbaijan,1999,495.10
azerbaijan,2000,491.13
azerbaijan,2001,487.15
azerbaijan,2002,483.18
azerbaijan,2003,479.20
azerbaijan,2004,489.22
azerbaijan,2005,499.25
azerbaijan,2006,509.27
azerbaijan,2007,519.29
azerbaijan,2008,529.32
azerbaijan,2009,539.34
azerbaijan,2010,549.36
azerbaijan,2011,559.38
azerbaijan,2012,569.41
azerbaijan,2013,579.43
azerbaijan,2014,589.45
azerbaijan,2015,599.48
azerbaijan,2016,609.50
azerbaijan,2017,610.70
azerbaijan,2018,610.70
azerbaijan,2019,610.70
azerbaijan,2020,610.70
azerbaijan,2021,610.70
azerbaijan,2022,610.70
bahrain,1994,3.1650
bahrain,1995,3.1650
bahrain,1996,3.1650
bahrain,1997,3.1650
bahrain,1998,3.1650
bahrain,1999,3.1650
bahrain,2000,3.1650
bahrain,2001,3.1650
bahrain,2002,3.1650
bahrain,2003,3.1650
bahrain,2004,3.1650
bahrain,2005,3.1650
bahrain,2006,3.1650
bahrain,2007,3.1650
bahrain,2008,3.1650
bahrain,2009,3.1650
bahrain,2010,3.1650
bahrain,2011,3.1650
bahrain,2012,3.1650
bahrain,2013,3.1650
bahrain,2014,3.1650
bahrain,2015,3.1650
bahrain,2016,3.1650
bahrain,2017,3.1650
bahrain,2018,3.1650
bahrain,2019,3.1650
bahrain,2020,3.1650
bahrain,2021,3.1650
bahrain,2022,3.1650
bangladesh,1995,3120.0
bangladesh,1996,3255.9
bangladesh,1997,3391.8
bangladesh,1998,3527.8
bangladesh,1999,3663.7
bangladesh,2000,3799.6
bangladesh,2001,3935.5
bangladesh,2002,4071.5
bangladesh,2003,4207.4
bangladesh,2004,4343.3
bangladesh,2005,4479.2
bangladesh,2006,4615.2
bangladesh,2007,4751.1
bangladesh,2008,4887.0
bangladesh,2009,4887.0
bangladesh,2010,4887.0
bangladesh,2011,4887.0
bangladesh,2012,4887.0
bangladesh,2013,4887.0
bangladesh,2014,4887.0
bangladesh,2015,4887.0
bangladesh,2016,4887.0
bangladesh,2017,4887.0
bangladesh,2018,4887.0
bangladesh,2019,4887.0
bangladesh,2020,4887.0
bangladesh,2021,4887.0
bangladesh,2022,4887.0
bhutan,1995,0.80000
bhutan,1996,0.80000
bhutan,1997,0.80000
bhutan,1998,0.80000
bhutan,1999,0.80000
bhutan,2000,0.80000
bhutan,2001,0.80000
bhutan,2002,0.80000
bhutan,2003,0.80000
bhutan,2004,0.80000
bhutan,2005,0.80000
bhutan,2006,0.80000
bhutan,2007,0.80000
bhutan,2008,0.80000
bhutan,2009,0.80000
bhutan,2010,0.80000
bhutan,2011,0.80000
bhutan,2012,0.80000
bhutan,2013,0.80000
bhutan,2014,0.80000
bhutan,2015,0.80000
bhutan,2016,0.80000
bhutan,2017,0.80000
bhutan,2018,0.80000
bhutan,2019,0.80000
bhutan,2020,0.80000
bhutan,2021,0.80000
bhutan,2022,0.80000
botswana,1992,1.1190
botswana,1993,1.1190
botswana,1994,1.1190
botswana,1995,1.1190
botswana,1996,1.1190
botswana,1997,1.1190
botswana,1998,1.1190
botswana,1999,1.1190
botswana,2000,1.1190
botswana,2001,1.1190
botswana,2002,1.1190
botswana,2003,1.1190
botswana,2004,1.1190
botswana,2005,1.1190
botswana,2006,1.1190
botswana,2007,1.1190
botswana,2008,1.1190
botswana,2009,1.1190
botswana,2010,1.1190
botswana,2011,1.1190
botswana,2012,1.1190
botswana,2013,1.1190
botswana,2014,1.1190
botswana,2015,1.1190
botswana,2016,1.1190
botswana,2017,1.1190
botswana,2018,1.1190
botswana,2019,1.1190
botswana,2020,1.1190
botswana,2021,1.1190
botswana,2022,1.1190
burkina_faso,1992,5.3700
burkina_faso,1993,5.0039
burkina_faso,1994,4.6378
burkina_faso,1995,4.2717
burkina_faso,1996,3.9056
burkina_faso,1997,3.5394
burkina_faso,1998,3.1733
burkina_faso,1999,2.8072
burkina_faso,2000,2.4411
burkina_faso,2001,2.0750
burkina_faso,2002,2.0750
burkina_faso,2003,2.0750
burkina_faso,2004,2.0750
burkina_faso,2005,2.0750
burkina_faso,2006,2.0750
burkina_faso,2007,2.0750
burkina_faso,2008,2.0750
burkina_faso,2009,2.0750
burkina_faso,2010,2.0750
burkina_faso,2011,2.0750
burkina_faso,2012,2.0750
burkina_faso,2013,2.0750
burkina_faso,2014,2.0750
burkina_faso,2015,2.0750
burkina_faso,2016,2.0750
burkina_faso,2017,2.0750
burkina_faso,2018,2.0750
burkina_faso,2019,2.0750
burkina_faso,2020,2.0750
burkina_faso,2021,2.0750
burkina_faso,2022,2.0750
central_and_southern_asia,2000,57201
central_and_southern_asia,2001,60427
central_and_southern_asia,2002,60528
central_and_southern_asia,2003,60629
central_and_southern_asia,2004,60730
central_and_southern_asia,2005,60831
central_and_southern_asia,2006,60932
central_and_southern_asia,2007,61034
central_and_southern_asia,2008,61135
central_and_southern_asia,2009,61101
central_and_southern_asia,2010,61068
central_and_southern_asia,2011,61295
central_and_southern_asia,2012,61521
central_and_southern_asia,2013,61748
central_and_southern_asia,2014,61975
central_and_southern_asia,2015,62201
central_and_southern_asia,2016,62428
central_and_southern_asia,2017,62443
central_and_southern_asia,2018,62508
central_and_southern_asia,2019,62508
central_and_southern_asia,2020,62508
central_and_southern_asia,2021,62508
central_and_southern_asia,2022,62508
central_asia,2000,2192.8
central_asia,2001,2157.9
central_asia,2002,2123.0
central_asia,2003,2088.1
central_asia,2004,2053.1
central_asia,2005,2018.2
central_asia,2006,1983.3
central_asia,2007,1949.0
central_asia,2008,1914.6
central_asia,2009,1880.2
central_asia,2010,1847.3
central_asia,2011,2074.0
central_asia,2012,2300.6
central_asia,2013,2527.3
central_asia,2014,2754.0
central_asia,2015,2980.6
central_asia,2016,3207.3
central_asia,2017,3222.3
central_asia,2018,3287.3
central_asia,2019,3287.3
central_asia,2020,3287.3
central_asia,2021,3287.3
central_asia,2022,3287.3
chad,1988,5.9800
chad,1989,6.6314
chad,1990,7.2829
chad,1991,7.9343
chad,1992,8.5857
chad,1993,9.2371
chad,1994,9.8886
chad,1995,10.540
chad,1996,11.191
chad,1997,11.843
chad,1998,12.494
chad,1999,13.146
chad,2000,13.797
chad,2001,14.449
chad,2002,15.100
chad,2003,15.100
chad,2004,15.100
chad,2005,15.100
chad,2006,15.100
chad,2007,15.100
chad,2008,15.100
chad,2009,15.100
chad,2010,15.100
chad,2011,15.100
chad,2012,15.100
chad,2013,15.100
chad,2014,15.100
chad,2015,15.100
chad,2016,15.100
chad,2017,15.100
chad,2018,15.100
chad,2019,15.100
chad,2020,15.100
chad,2021,15.100
chad,2022,15.100
chile,1996,117.80
chile,1997,117.80
chile,1998,117.80
chile,1999,117.80
chile,2000,117.80
chile,2001,117.80
chile,2002,117.80
chile,2003,117.80
chile,2004,117.80
chile,2005,117.80
chile,2006,117.80
chile,2007,117.80
chile,2008,117.80
chile,2009,117.80
chile,2010,117.80
chile,2011,117.80
chile,2012,117.80
chile,2013,117.80
chile,2014,117.80
chile,2015,117.80
chile,2016,117.80
chile,2017,117.80
chile,2018,117.80
chile,2019,117.80
chile,2020,117.80
chile,2021,117.80
chile,2022,117.80
china,1975,24188
china,1976,24526
china,1977,24864
china,1978,25202
china,1979,25541
china,1980,25879
china,1981,26217
china,1982,26555
china,1983,26540
china,1984,26770
china,1985,27000
china,1986,27229
china,1987,27459
china,1988,27689
china,1989,27919
china,1990,28148
china,1991,28378
china,1992,28608
china,1993,28835
china,1994,29061
china,1995,29288
china,1996,29904
china,1997,30520
china,1998,31137
china,1999,31753
china,2000,32369
china,2001,32985
china,2002,33601
china,2003,34217
china,2004,34834
china,2005,35450
china,2006,36066
china,2007,36066
china,2008,36066
china,2009,36066
china,2010,36066
china,2011,36066
china,2012,36066
china,2013,36066
china,2014,36066
china,2015,36066
china,2016,36066
china,2017,36066
china,2018,36066
china,2019,36066
china,2020,36066
china,2021,36066
china,2022,36066
cote_d_ivoire,1994,11.750
cote_d_ivoire,1995,11.750
cote_d_ivoire,1996,11.750
cote_d_ivoire,1997,11.750
cote_d_ivoire,1998,11.750
cote_d_ivoire,1999,11.750
cote_d_ivoire,2000,11.750
cote_d_ivoire,2001,11.750
cote_d_ivoire,2002,11.750
cote_d_ivoire,2003,11.750
cote_d_ivoire,2004,11.750
cote_d_ivoire,2005,11.750
cote_d_ivoire,2006,11.750
cote_d_ivoire,2007,11.750
cote_d_ivoire,2008,11.750
cote_d_ivoire,2009,11.750
cote_d_ivoire,2010,11.750
cote_d_ivoire,2011,11.750
cote_d_ivoire,2012,11.750
cote_d_ivoire,2013,11.750
cote_d_ivoire,2014,11.750
cote_d_ivoire,2015,11.750
cote_d_ivoire,2016,11.750
cote_d_ivoire,2017,11.750
cote_d_ivoire,2018,11.750
cote_d_ivoire,2019,11.750
cote_d_ivoire,2020,11.750
cote_d_ivoire,2021,11.750
cote_d_ivoire,2022,11.750
cyprus,1975,25.530
cyprus,1976,25.761
cyprus,1977,25.992
cyprus,1978,26.223
cyprus,1979,26.454
cyprus,1980,26.685
cyprus,1981,26.916
cyprus,1982,27.147
cyprus,1983,27.378
cyprus,1984,27.609
cyprus,1985,27.840
cyprus,1986,28.630
cyprus,1987,29.420
cyprus,1988,30.210
cyprus,1989,31.000
cyprus,1990,31.790
cyprus,1991,32.580
cyprus,1992,33.370
cyprus,1993,34.160
cyprus,1994,34.950
cyprus,1995,34.950
cyprus,1996,34.950
cyprus,1997,34.950
cyprus,1998,34.950
cyprus,1999,34.950
cyprus,2000,34.950
cyprus,2001,34.950
cyprus,2002,34.950
cyprus,2003,34.950
cyprus,2004,34.950
cyprus,2005,34.950
cyprus,2006,34.950
cyprus,2007,34.950
cyprus,2008,34.950
cyprus,2009,34.950
cyprus,2010,34.950
cyprus,2011,34.950
cyprus,2012,34.950
cyprus,2013,34.950
cyprus,2014,34.950
cyprus,2015,34.950
cyprus,2016,34.950
cyprus,2017,34.950
cyprus,2018,34.950
cyprus,2019,34.950
cyprus,2020,34.950
cyprus,2021,34.950
cyprus,2022,34.950
democratic_republic_of_the_congo,1995,0.50000
democratic_republic_of_the_congo,1996,0.50000
democratic_republic_of_the_congo,1997,0.50000
democratic_republic_of_the_congo,1998,0.50000
democratic_republic_of_the_congo,1999,0.50000
democratic_republic_of_the_congo,2000,0.50000
democratic_republic_of_the_congo,2001,0.50000
democratic_republic_of_the_congo,2002,0.50000
democratic_republic_of_the_congo,2003,0.50000
democratic_republic_of_the_congo,2004,0.50000
democratic_republic_of_the_congo,2005,0.50000
democratic_republic_of_the_congo,2006,0.50000
democratic_republic_of_the_congo,2007,0.50000
democratic_republic_of_the_congo,2008,0.50000
democratic_republic_of_the_congo,2009,0.50000
democratic_republic_of_the_congo,2010,0.50000
democratic_republic_of_the_congo,2011,0.50000
democratic_republic_of_the_congo,2012,0.50000
democratic_republic_of_the_congo,2013,0.50000
democratic_republic_of_the_congo,2014,0.50000
democratic_republic_of_the_congo,2015,0.50000
democratic_republic_of_the_congo,2016,0.50000
democratic_republic_of_the_congo,2017,0.50000
democratic_republic_of_the_congo,2018,0.50000
democratic_republic_of_the_congo,2019,0.50000
democratic_republic_of_the_congo,2020,0.50000
democratic_republic_of_the_congo,2021,0.50000
democratic_republic_of_the_congo,2022,0.50000
eastern_and_south_eastern_asia,2000,34721
eastern_and_south_eastern_asia,2001,35469
eastern_and_south_eastern_asia,2002,36216
eastern_and_south_eastern_asia,2003,36964
eastern_and_south_eastern_asia,2004,37712
eastern_and_south_eastern_asia,2005,38460
eastern_and_south_eastern_asia,2006,39207
eastern_and_south_eastern_asia,2007,39226
eastern_and_south_eastern_asia,2008,39226
eastern_and_south_eastern_asia,2009,39226
eastern_and_south_eastern_asia,2010,39226
eastern_and_south_eastern_asia,2011,39226
eastern_and_south_eastern_asia,2012,39226
eastern_and_south_eastern_asia,2013,39226
eastern_and_south_eastern_asia,2014,39226
eastern_and_south_eastern_asia,2015,39226
eastern_and_south_eastern_asia,2016,39226
eastern_and_south_eastern_asia,2017,39226
eastern_and_south_eastern_asia,2018,39226
eastern_and_south_eastern_asia,2019,39226
eastern_and_south_eastern_asia,2020,39226
eastern_and_south_eastern_asia,2021,39226
eastern_and_south_eastern_asia,2022,39226
eastern_asia,2000,32544
eastern_asia,2001,33160
eastern_asia,2002,33776
eastern_asia,2003,34393
eastern_asia,2004,35009
eastern_asia,2005,35625
eastern_asia,2006,36241
eastern_asia,2007,36241
eastern_asia,2008,36241
eastern_asia,2009,36241
eastern_asia,2010,36241
eastern_asia,2011,36241
eastern_asia,2012,36241
eastern_asia,2013,36241
eastern_asia,2014,36241
eastern_asia,2015,36241
eastern_asia,2016,36241
eastern_asia,2017,36241
eastern_asia,2018,36241
eastern_asia,2019,36241
eastern_asia,2020,36241
eastern_asia,2021,36241
eastern_asia,2022,36241
egypt,1993,3089.0
egypt,1994,3072.2
egypt,1995,3055.4
egypt,1996,3038.7
egypt,1997,3021.9
egypt,1998,3005.1
egypt,1999,2988.3
egypt,2000,2971.6
egypt,2001,2954.8
egypt,2002,2938.0
egypt,2003,2938.0
egypt,2004,2938.0
egypt,2005,2938.0
egypt,2006,2938.0
egypt,2007,2938.0
egypt,2008,2938.0
egypt,2009,2938.0
egypt,2010,2938.0
egypt,2011,2938.0
egypt,2012,2938.0
egypt,2013,2938.0
egypt,2014,2938.0
egypt,2015,2938.0
egypt,2016,2938.0
egypt,2017,2938.0
egypt,2018,2938.0
egypt,2019,2938.0
egypt,2020,2938.0
egypt,2021,2938.0
egypt,2022,2938.0
el_salvador,1997,8.9990
el_salvador,1998,8.9990
el_salvador,1999,8.9990
el_salvador,2000,8.9990
el_salvador,2001,8.9990
el_salvador,2002,8.9990
el_salvador,2003,8.9990
el_salvador,2004,8.9990
el_salvador,2005,8.9990
el_salvador,2006,8.9990
el_salvador,2007,8.9990
el_salvador,2008,8.9990
el_salvador,2009,8.9990
el_salvador,2010,8.9990
el_salvador,2011,8.9990
el_salvador,2012,8.9990
el_salvador,2013,8.9990
el_salvador,2014,8.9990
el_salvador,2015,8.9990
el_salvador,2016,8.9990
el_salvador,2017,8.9990
el_salvador,2018,8.9990
el_salvador,2019,8.9990
el_salvador,2020,8.9990
el_salvador,2021,8.9990
el_salvador,2022,8.9990
estonia,1995,3.6800
estonia,1996,3.6800
estonia,1997,3.6800
estonia,1998,3.6800
estonia,1999,3.6800
estonia,2000,3.6800
estonia,2001,3.6800
estonia,2002,3.6800
estonia,2003,3.6800
estonia,2004,3.6800
estonia,2005,3.6800
estonia,2006,3.6800
estonia,2007,3.6800
estonia,2008,3.6800
estonia,2009,3.6800
estonia,2010,3.6800
estonia,2011,3.6800
estonia,2012,3.6800
estonia,2013,3.6800
estonia,2014,3.6800
estonia,2015,3.6800
estonia,2016,3.6800
estonia,2017,3.6800
estonia,2018,3.6800
estonia,2019,3.6800
estonia,2020,3.6800
estonia,2021,3.6800
estonia,2022,3.6800
europe,2000,3.7590
europe,2001,3.7590
europe,2002,3.7590
europe,2003,3.7590
europe,2004,3.7590
europe,2005,3.7590
europe,2006,3.7590
europe,2007,3.7590
europe,2008,3.7590
europe,2009,3.7590
europe,2010,3.7590
europe,2011,3.7590
europe,2012,3.7590
europe,2013,3.7590
europe,2014,3.7590
europe,2015,3.7590
europe,2016,3.7590
europe,2017,3.7590
europe,2018,3.7590
europe,2019,3.7590
europe,2020,3.7590
europe,2021,3.7590
europe,2022,3.7590
europe_and_northern_america,2000,3.7590
europe_and_northern_america,2001,3.7590
europe_and_northern_america,2002,3.7590
europe_and_northern_america,2003,3.7590
europe_and_northern_america,2004,3.7590
europe_and_northern_america,2005,3.7590
europe_and_northern_america,2006,3.7590
europe_and_northern_america,2007,3.7590
europe_and_northern_america,2008,3.7590
europe_and_northern_america,2009,3.7590
europe_and_northern_america,2010,3.7590
europe_and_northern_america,2011,3.7590
europe_and_northern_america,2012,3.7590
europe_and_northern_america,2013,3.7590
europe_and_northern_america,2014,3.7590
europe_and_northern_america,2015,3.7590
europe_and_northern_america,2016,3.7590
europe_and_northern_america,2017,3.7590
europe_and_northern_america,2018,3.7590
europe_and_northern_america,2019,3.7590
europe_and_northern_america,2020,3.7590
europe_and_northern_america,2021,3.7590
europe_and_northern_america,2022,3.7590
georgia,1996,143.00
georgia,1997,138.61
georgia,1998,134.21
georgia,1999,129.82
georgia,2000,125.42
georgia,2001,121.03
georgia,2002,116.63
georgia,2003,112.24
georgia,2004,107.84
georgia,2005,103.45
georgia,2006,99.055
georgia,2007,94.660
georgia,2008,93.821
georgia,2009,92.983
georgia,2010,92.144
georgia,2011,91.306
georgia,2012,90.467
georgia,2013,89.629
georgia,2014,88.790
georgia,2015,87.952
georgia,2016,87.113
georgia,2017,87.113
georgia,2018,87.113
georgia,2019,87.113
georgia,2020,87.113
georgia,2021,87.113
georgia,2022,87.113
ghana,1994,3.6740
ghana,1995,3.6740
ghana,1996,3.6740
ghana,1997,3.6740
ghana,1998,3.6740
ghana,1999,3.6740
ghana,2000,3.6740
ghana,2001,3.6740
ghana,2002,3.6740
ghana,2003,3.6740
ghana,2004,3.6740
ghana,2005,3.6740
ghana,2006,3.6740
ghana,2007,3.6740
ghana,2008,3.6740
ghana,2009,3.6740
ghana,2010,3.6740
ghana,2011,3.6740
ghana,2012,3.6740
ghana,2013,3.6740
ghana,2014,3.6740
ghana,2015,3.6740
ghana,2016,3.6740
ghana,2017,3.6740
ghana,2018,3.6740
ghana,2019,3.6740
ghana,2020,3.6740
ghana,2021,3.6740
ghana,2022,3.6740
guinea,2001,2.0000
guinea,2002,2.0000
guinea,2003,2.0000
guinea,2004,2.0000
guinea,2005,2.0000
guinea,2006,2.0000
guinea,2007,2.0000
guinea,2008,2.0000
guinea,2009,2.0000
guinea,2010,2.0000
guinea,2011,2.0000
guinea,2012,2.0000
guinea,2013,2.0000
guinea,2014,2.0000
guinea,2015,2.0000
guinea,2016,2.0000
guinea,2017,2.0000
guinea,2018,2.0000
guinea,2019,2.0000
guinea,2020,2.0000
guinea,2021,2.0000
guinea,2022,2.0000
guinea_bissau,1991,0.89200
guinea_bissau,1992,0.89200
guinea_bissau,1993,0.89200
guinea_bissau,1994,0.89200
guinea_bissau,1995,4.7270
guinea_bissau,1996,8.5620
guinea_bissau,1997,8.5620
guinea_bissau,1998,8.5620
guinea_bissau,1999,8.5620
guinea_bissau,2000,8.5620
guinea_bissau,2001,8.5620
guinea_bissau,2002,8.5620
guinea_bissau,2003,8.5620
guinea_bissau,2004,8.5620
guinea_bissau,2005,8.5620
guinea_bissau,2006,8.5620
guinea_bissau,2007,8.5620
guinea_bissau,2008,8.5620
guinea_bissau,2009,8.5620
guinea_bissau,2010,8.5620
guinea_bissau,2011,8.5620
guinea_bissau,2012,8.5620
guinea_bissau,2013,8.5620
guinea_bissau,2014,8.5620
guinea_bissau,2015,8.5620
guinea_bissau,2016,8.5620
guinea_bissau,2017,8.5620
guinea_bissau,2018,8.5620
guinea_bissau,2019,8.5620
guinea_bissau,2020,8.5620
guinea_bissau,2021,8.5620
guinea_bissau,2022,8.5620
india,1993,26538
india,1994,29664
india,1995,32789
india,1996,35915
india,1997,39041
india,1998,42166
india,1999,45292
india,2000,48417
india,2001,51543
india,2002,51543
india,2003,51543
india,2004,51543
india,2005,51543
india,2006,51543
india,2007,51543
india,2008,51543
india,2009,51543
india,2010,51543
india,2011,51543
india,2012,51543
india,2013,51543
india,2014,51543
india,2015,51543
india,2016,51543
india,2017,51543
india,2018,51543
india,2019,51543
india,2020,51543
india,2021,51543
india,2022,51543
iran_islamic_republic_of,1993,2619.0
iran_islamic_republic_of,1994,2619.0
iran_islamic_republic_of,1995,2619.0
iran_islamic_republic_of,1996,2619.0
iran_islamic_republic_of,1997,2619.0
iran_islamic_republic_of,1998,2619.0
iran_islamic_republic_of,1999,2619.0
iran_islamic_republic_of,2000,2619.0
iran_islamic_republic_of,2001,2619.0
iran_islamic_republic_of,2002,2619.0
iran_islamic_republic_of,2003,2619.0
iran_islamic_republic_of,2004,2619.0
iran_islamic_republic_of,2005,2619.0
iran_islamic_republic_of,2006,2619.0
iran_islamic_republic_of,2007,2619.0
iran_islamic_republic_of,2008,2619.0
iran_islamic_republic_of,2009,2619.0
iran_islamic_republic_of,2010,2619.0
iran_islamic_republic_of,2011,2619.0
iran_islamic_republic_of,2012,2619.0
iran_islamic_republic_of,2013,2619.0
iran_islamic_republic_of,2014,2619.0
iran_islamic_republic_of,2015,2619.0
iran_islamic_republic_of,2016,2619.0
iran_islamic_republic_of,2017,2619.0
iran_islamic_republic_of,2018,2619.0
iran_islamic_republic_of,2019,2619.0
iran_islamic_republic_of,2020,2619.0
iran_islamic_republic_of,2021,2619.0
iran_islamic_republic_of,2022,2619.0
jordan,1992,29.000
jordan,1993,29.000
jordan,1994,29.000
jordan,1995,29.000
jordan,1996,29.000
jordan,1997,29.000
jordan,1998,29.000
jordan,1999,29.000
jordan,2000,29.000
jordan,2001,29.000
jordan,2002,29.000
jordan,2003,29.000
jordan,2004,29.000
jordan,2005,29.000
jordan,2006,29.000
jordan,2007,29.000
jordan,2008,29.000
jordan,2009,29.000
jordan,2010,29.000
jordan,2011,29.000
jordan,2012,29.000
jordan,2013,29.000
jordan,2014,29.000
jordan,2015,29.000
jordan,2016,29.000
jordan,2017,29.000
jordan,2018,29.000
jordan,2019,29.000
jordan,2020,29.000
jordan,2021,29.000
jordan,2022,29.000
kazakhstan,1993,600.00
kazakhstan,1994,567.06
kazakhstan,1995,534.12
kazakhstan,1996,501.18
kazakhstan,1997,468.24
kazakhstan,1998,435.29
kazakhstan,1999,402.35
kazakhstan,2000,369.41
kazakhstan,2001,336.47
kazakhstan,2002,303.53
kazakhstan,2003,270.59
kazakhstan,2004,237.65
kazakhstan,2005,204.71
kazakhstan,2006,171.76
kazakhstan,2007,138.82
kazakhstan,2008,105.88
kazakhstan,2009,72.941
kazakhstan,2010,40.000
kazakhstan,2011,266.67
kazakhstan,2012,493.33
kazakhstan,2013,720.00
kazakhstan,2014,946.67
kazakhstan,2015,1173.3
kazakhstan,2016,1400.0
kazakhstan,2017,1415.0
kazakhstan,2018,1480.0
kazakhstan,2019,1480.0
kazakhstan,2020,1480.0
kazakhstan,2021,1480.0
kazakhstan,2022,1480.0
kenya,2003,47.650
kenya,2004,45.303
kenya,2005,42.956
kenya,2006,40.609
kenya,2007,38.261
kenya,2008,35.914
kenya,2009,33.567
kenya,2010,31.220
kenya,2011,31.220
kenya,2012,31.220
kenya,2013,31.220
kenya,2014,31.220
kenya,2015,31.220
kenya,2016,31.220
kenya,2017,31.220
kenya,2018,31.220
kenya,2019,31.220
kenya,2020,31.220
kenya,2021,31.220
kenya,2022,31.220
kuwait,1994,4.7700
kuwait,1995,4.7700
kuwait,1996,4.7700
kuwait,1997,4.7700
kuwait,1998,4.7700
kuwait,1999,4.7700
kuwait,2000,4.7700
kuwait,2001,4.7700
kuwait,2002,4.7700
kuwait,2003,4.7700
kuwait,2004,4.7700
kuwait,2005,4.7700
kuwait,2006,4.7700
kuwait,2007,4.7700
kuwait,2008,4.7700
kuwait,2009,4.7700
kuwait,2010,4.7700
kuwait,2011,4.7700
kuwait,2012,4.7700
kuwait,2013,4.7700
kuwait,2014,4.7700
kuwait,2015,4.7700
kuwait,2016,4.7700
kuwait,2017,4.7700
kuwait,2018,4.7700
kuwait,2019,4.7700
kuwait,2020,4.7700
kuwait,2021,4.7700
kuwait,2022,4.7700
kyrgyzstan,1994,60.000
kyrgyzstan,1995,59.433
kyrgyzstan,1996,58.867
kyrgyzstan,1997,58.300
kyrgyzstan,1998,57.733
kyrgyzstan,1999,57.167
kyrgyzstan,2000,56.600
kyrgyzstan,2001,56.033
kyrgyzstan,2002,55.467
kyrgyzstan,2003,54.900
kyrgyzstan,2004,54.333
kyrgyzstan,2005,53.767
kyrgyzstan,2006,53.200
kyrgyzstan,2007,53.200
kyrgyzstan,2008,53.200
kyrgyzstan,2009,53.200
kyrgyzstan,2010,53.200
kyrgyzstan,2011,53.200
kyrgyzstan,2012,53.200
kyrgyzstan,2013,53.200
kyrgyzstan,2014,53.200
kyrgyzstan,2015,53.200
kyrgyzstan,2016,53.200
kyrgyzstan,2017,53.200
kyrgyzstan,2018,53.200
kyrgyzstan,2019,53.200
kyrgyzstan,2020,53.200
kyrgyzstan,2021,53.200
kyrgyzstan,2022,53.200
land_locked_developing_countries,2000,2846.2
land_locked_developing_countries,2001,2805.7
land_locked_developing_countries,2002,2804.3
land_locked_developing_countries,2003,2765.4
land_locked_developing_countries,2004,2740.5
land_locked_developing_countries,2005,2715.6
land_locked_developing_countries,2006,2690.7
land_locked_developing_countries,2007,2666.4
land_locked_developing_countries,2008,2642.0
land_locked_developing_countries,2009,2617.7
land_locked_developing_countries,2010,2594.8
land_locked_developing_countries,2011,2841.3
land_locked_developing_countries,2012,3078.0
land_locked_developing_countries,2013,3314.7
land_locked_developing_countries,2014,3551.4
land_locked_developing_countries,2015,3788.0
land_locked_developing_countries,2016,4024.7
land_locked_developing_countries,2017,4040.9
land_locked_developing_countries,2018,4105.9
land_locked_developing_countries,2019,4105.9
land_locked_developing_countries,2020,4105.9
land_locked_developing_countries,2021,4105.9
land_locked_developing_countries,2022,4105.9
lao_people_s_democratic_republic,1995,23.410
lao_people_s_democratic_republic,1996,23.410
lao_people_s_democratic_republic,1997,23.410
lao_people_s_democratic_republic,1998,23.410
lao_people_s_democratic_republic,1999,23.410
lao_people_s_democratic_republic,2000,23.410
lao_people_s_democratic_republic,2001,23.410
lao_people_s_democratic_republic,2002,23.410
lao_people_s_democratic_republic,2003,23.410
lao_people_s_democratic_republic,2004,23.410
lao_people_s_democratic_republic,2005,23.410
lao_people_s_democratic_republic,2006,23.410
lao_people_s_democratic_republic,2007,23.410
lao_people_s_democratic_republic,2008,23.410
lao_people_s_democratic_republic,2009,23.410
lao_people_s_democratic_republic,2010,23.410
lao_people_s_democratic_republic,2011,23.410
lao_people_s_democratic_republic,2012,23.410
lao_people_s_democratic_republic,2013,23.410
lao_people_s_democratic_republic,2014,23.410
lao_people_s_democratic_republic,2015,23.410
lao_people_s_democratic_republic,2016,23.410
lao_people_s_democratic_republic,2017,23.410
lao_people_s_democratic_republic,2018,23.410
lao_people_s_democratic_republic,2019,23.410
lao_people_s_democratic_republic,2020,23.410
lao_people_s_democratic_republic,2021,23.410
lao_people_s_democratic_republic,2022,23.410
latin_america_and_the_caribbean,2000,2898.3
latin_america_and_the_caribbean,2001,2949.8
latin_america_and_the_caribbean,2002,3001.3
latin_america_and_the_caribbean,2003,3053.3
latin_america_and_the_caribbean,2004,3104.8
latin_america_and_the_caribbean,2005,3156.3
latin_america_and_the_caribbean,2006,3207.8
latin_america_and_the_caribbean,2007,3259.3
latin_america_and_the_caribbean,2008,3310.8
latin_america_and_the_caribbean,2009,3362.3
latin_america_and_the_caribbean,2010,3413.8
latin_america_and_the_caribbean,2011,3465.3
latin_america_and_the_caribbean,2012,3516.8
latin_america_and_the_caribbean,2013,3568.3
latin_america_and_the_caribbean,2014,3619.8
latin_america_and_the_caribbean,2015,3671.3
latin_america_and_the_caribbean,2016,3722.8
latin_america_and_the_caribbean,2017,3723.1
latin_america_and_the_caribbean,2018,3723.0
latin_america_and_the_caribbean,2019,3723.0
latin_america_and_the_caribbean,2020,3723.0
latin_america_and_the_caribbean,2021,3723.0
latin_america_and_the_caribbean,2022,3723.0
least_developed_countries,2000,4348.7
least_developed_countries,2001,4491.0
least_developed_countries,2002,4671.8
least_developed_countries,2003,4807.7
least_developed_countries,2004,5364.0
least_developed_countries,2005,5499.9
least_developed_countries,2006,5635.9
least_developed_countries,2007,5771.8
least_developed_countries,2008,5907.7
least_developed_countries,2009,5907.7
least_developed_countries,2010,5907.7
least_developed_countries,2011,5917.5
least_developed_countries,2012,5570.8
least_developed_countries,2013,5570.8
least_developed_countries,2014,5570.8
least_developed_countries,2015,5570.8
least_developed_countries,2016,5570.8
least_developed_countries,2017,5570.8
least_developed_countries,2018,5570.8
least_developed_countries,2019,5570.8
least_developed_countries,2020,5570.8
least_developed_countries,2021,5570.8
least_developed_countries,2022,5570.8
lebanon,1993,49.520
lebanon,1994,49.520
lebanon,1995,49.520
lebanon,1996,49.520
lebanon,1997,49.520
lebanon,1998,49.520
lebanon,1999,49.520
lebanon,2000,49.520
lebanon,2001,49.520
lebanon,2002,49.520
lebanon,2003,49.520
lebanon,2004,49.520
lebanon,2005,49.520
lebanon,2006,49.520
lebanon,2007,49.520
lebanon,2008,49.520
lebanon,2009,49.520
lebanon,2010,49.520
lebanon,2011,49.520
lebanon,2012,49.520
lebanon,2013,49.520
lebanon,2014,49.520
lebanon,2015,49.520
lebanon,2016,49.520
lebanon,2017,49.520
lebanon,2018,49.520
lebanon,2019,49.520
lebanon,2020,49.520
lebanon,2021,49.520
lebanon,2022,49.520
libya,2000,470.00
libya,2001,470.00
libya,2002,470.00
libya,2003,470.00
libya,2004,470.00
libya,2005,470.00
libya,2006,470.00
libya,2007,470.00
libya,2008,470.00
libya,2009,470.00
libya,2010,470.00
libya,2011,470.00
libya,2012,470.00
libya,2013,470.00
libya,2014,470.00
libya,2015,470.00
libya,2016,470.00
libya,2017,470.00
libya,2018,470.00
libya,2019,470.00
libya,2020,470.00
libya,2021,470.00
libya,2022,470.00
madagascar,2000,3.5000
madagascar,2001,3.5000
madagascar,2002,3.5000
madagascar,2003,3.5000
madagascar,2004,3.5000
madagascar,2005,3.5000
madagascar,2006,3.5000
madagascar,2007,3.5000
madagascar,2008,3.5000
madagascar,2009,3.5000
madagascar,2010,3.5000
madagascar,2011,3.5000
madagascar,2012,3.5000
madagascar,2013,3.5000
madagascar,2014,3.5000
madagascar,2015,3.5000
madagascar,2016,3.5000
madagascar,2017,3.5000
madagascar,2018,3.5000
madagascar,2019,3.5000
madagascar,2020,3.5000
madagascar,2021,3.5000
madagascar,2022,3.5000
malaysia,1987,33.660
malaysia,1988,33.660
malaysia,1989,33.660
malaysia,1990,33.660
malaysia,1991,33.660
malaysia,1992,33.660
malaysia,1993,33.660
malaysia,1994,33.660
malaysia,1995,33.660
malaysia,1996,33.660
malaysia,1997,33.660
malaysia,1998,33.660
malaysia,1999,33.660
malaysia,2000,33.660
malaysia,2001,33.660
malaysia,2002,33.660
malaysia,2003,33.660
malaysia,2004,33.660
malaysia,2005,33.660
malaysia,2006,33.660
malaysia,2007,33.660
malaysia,2008,33.660
malaysia,2009,33.660
malaysia,2010,33.660
malaysia,2011,33.660
malaysia,2012,33.660
malaysia,2013,33.660
malaysia,2014,33.660
malaysia,2015,33.660
malaysia,2016,33.660
malaysia,2017,33.660
malaysia,2018,33.660
malaysia,2019,33.660
malaysia,2020,33.660
malaysia,2021,33.660
malaysia,2022,33.660
mali,1990,9.3000
mali,1991,9.3000
mali,1992,9.3000
mali,1993,9.3000
mali,1994,9.3000
mali,1995,7.9167
mali,1996,6.5333
mali,1997,5.1500
mali,1998,3.7667
mali,1999,2.3833
mali,2000,1.0000
mali,2001,1.0000
mali,2002,1.0000
mali,2003,1.0000
mali,2004,1.0000
mali,2005,1.0000
mali,2006,1.0000
mali,2007,1.0000
mali,2008,1.0000
mali,2009,1.0000
mali,2010,1.0000
mali,2011,1.0000
mali,2012,1.0000
mali,2013,1.0000
mali,2014,1.0000
mali,2015,1.0000
mali,2016,1.0000
mali,2017,1.0000
mali,2018,1.0000
mali,2019,1.0000
mali,2020,1.0000
mali,2021,1.0000
mali,2022,1.0000
mauritius,1995,7.0000
mauritius,1996,7.8629
mauritius,1997,8.7257
mauritius,1998,9.5886
mauritius,1999,10.451
mauritius,2000,11.314
mauritius,2001,12.177
mauritius,2002,13.040
mauritius,2003,13.040
mauritius,2004,13.040
mauritius,2005,13.040
mauritius,2006,13.040
mauritius,2007,13.040
mauritius,2008,13.040
mauritius,2009,13.040
mauritius,2010,13.040
mauritius,2011,13.040
mauritius,2012,13.040
mauritius,2013,13.040
mauritius,2014,13.040
mauritius,2015,13.040
mauritius,2016,13.040
mauritius,2017,13.040
mauritius,2018,13.040
mauritius,2019,13.040
mauritius,2020,13.040
mauritius,2021,13.040
mauritius,2022,13.040
mexico,1997,2064.0
mexico,1998,2115.5
mexico,1999,2167.0
mexico,2000,2218.5
mexico,2001,2270.0
mexico,2002,2321.5
mexico,2003,2373.0
mexico,2004,2424.5
mexico,2005,2476.0
mexico,2006,2527.5
mexico,2007,2579.0
mexico,2008,2630.5
mexico,2009,2682.0
mexico,2010,2733.5
mexico,2011,2785.0
mexico,2012,2836.5
mexico,2013,2888.0
mexico,2014,2939.5
mexico,2015,2991.0
mexico,2016,3042.5
mexico,2017,3042.8
mexico,2018,3042.7
mexico,2019,3042.7
mexico,2020,3042.7
mexico,2021,3042.7
mexico,2022,3042.7
morocco,2000,458.00
morocco,2001,458.00
morocco,2002,458.00
morocco,2003,458.00
morocco,2004,458.00
morocco,2005,458.00
morocco,2006,458.00
morocco,2007,458.00
morocco,2008,458.00
morocco,2009,458.00
morocco,2010,458.00
morocco,2011,458.00
morocco,2012,458.00
morocco,2013,458.00
morocco,2014,458.00
morocco,2015,458.00
morocco,2016,458.00
morocco,2017,458.00
morocco,2018,458.00
morocco,2019,458.00
morocco,2020,458.00
morocco,2021,458.00
morocco,2022,458.00
myanmar,1995,55.170
myanmar,1996,55.170
myanmar,1997,55.170
myanmar,1998,55.170
myanmar,1999,55.170
myanmar,2000,55.170
myanmar,2001,55.170
myanmar,2002,55.170
myanmar,2003,55.170
myanmar,2004,55.170
myanmar,2005,55.170
myanmar,2006,55.170
myanmar,2007,55.170
myanmar,2008,55.170
myanmar,2009,55.170
myanmar,2010,55.170
myanmar,2011,55.170
myanmar,2012,55.170
myanmar,2013,55.170
myanmar,2014,55.170
myanmar,2015,55.170
myanmar,2016,55.170
myanmar,2017,55.170
myanmar,2018,55.170
myanmar,2019,55.170
myanmar,2020,55.170
myanmar,2021,55.170
myanmar,2022,55.170
namibia,1992,3.6470
namibia,1993,3.8609
namibia,1994,4.0748
namibia,1995,4.2887
namibia,1996,4.5026
namibia,1997,4.7165
namibia,1998,4.9305
namibia,1999,5.1444
namibia,2000,5.3583
namibia,2001,5.5722
namibia,2002,5.7861
namibia,2003,6.0000
namibia,2004,6.0000
namibia,2005,6.0000
namibia,2006,6.0000
namibia,2007,6.0000
namibia,2008,6.0000
namibia,2009,6.0000
namibia,2010,6.0000
namibia,2011,6.0000
namibia,2012,6.0000
namibia,2013,6.0000
namibia,2014,6.0000
namibia,2015,6.0000
namibia,2016,6.0000
namibia,2017,6.0000
namibia,2018,6.0000
namibia,2019,6.0000
namibia,2020,6.0000
namibia,2021,6.0000
namibia,2022,6.0000
nicaragua,1997,35.590
nicaragua,1998,35.590
nicaragua,1999,35.590
nicaragua,2000,35.590
nicaragua,2001,35.590
nicaragua,2002,35.590
nicaragua,2003,35.590
nicaragua,2004,35.590
nicaragua,2005,35.590
nicaragua,2006,35.590
nicaragua,2007,35.590
nicaragua,2008,35.590
nicaragua,2009,35.590
nicaragua,2010,35.590
nicaragua,2011,35.590
nicaragua,2012,35.590
nicaragua,2013,35.590
nicaragua,2014,35.590
nicaragua,2015,35.590
nicaragua,2016,35.590
nicaragua,2017,35.590
nicaragua,2018,35.590
nicaragua,2019,35.590
nicaragua,2020,35.590
nicaragua,2021,35.590
nicaragua,2022,35.590
niger,2011,9.8040
niger,2012,9.8040
niger,2013,9.8040
niger,2014,9.8040
niger,2015,9.8040
niger,2016,9.8040
niger,2017,9.8040
niger,2018,9.8040
niger,2019,9.8040
niger,2020,9.8040
niger,2021,9.8040
niger,2022,9.8040
nigeria,1991,128.20
nigeria,1992,128.20
nigeria,1993,128.20
nigeria,1994,128.20
nigeria,1995,128.20
nigeria,1996,128.20
nigeria,1997,128.20
nigeria,1998,128.20
nigeria,1999,128.20
nigeria,2000,128.20
nigeria,2001,128.20
nigeria,2002,128.20
nigeria,2003,128.20
nigeria,2004,128.20
nigeria,2005,128.20
nigeria,2006,128.20
nigeria,2007,128.20
nigeria,2008,128.20
nigeria,2009,128.20
nigeria,2010,128.20
nigeria,2011,128.20
nigeria,2012,128.20
nigeria,2013,128.20
nigeria,2014,128.20
nigeria,2015,128.20
nigeria,2016,128.20
nigeria,2017,128.20
nigeria,2018,128.20
nigeria,2019,128.20
nigeria,2020,128.20
nigeria,2021,128.20
nigeria,2022,128.20
northern_africa,2000,4593.3
northern_africa,2001,4576.5
northern_africa,2002,4559.7
northern_africa,2003,4559.7
northern_africa,2004,4559.7
northern_africa,2005,4559.7
northern_africa,2006,4559.7
northern_africa,2007,4559.7
northern_africa,2008,4559.7
northern_africa,2009,4559.7
northern_africa,2010,4559.7
northern_africa,2011,4559.7
northern_africa,2012,4213.0
northern_africa,2013,4213.0
northern_africa,2014,4213.0
northern_africa,2015,4213.0
northern_africa,2016,4213.0
northern_africa,2017,4213.0
northern_africa,2018,4213.0
northern_africa,2019,4213.0
northern_africa,2020,4213.0
northern_africa,2021,4213.0
northern_africa,2022,4213.0
northern_africa_and_western_asia,2000,7422.6
northern_africa_and_western_asia,2001,7394.6
northern_africa_and_western_asia,2002,7366.5
northern_africa_and_western_asia,2003,7357.1
northern_africa_and_western_asia,2004,7782.0
northern_africa_and_western_asia,2005,7787.6
northern_africa_and_western_asia,2006,7793.3
northern_africa_and_western_asia,2007,7798.9
northern_africa_and_western_asia,2008,7808.1
northern_africa_and_western_asia,2009,7817.3
northern_africa_and_western_asia,2010,7826.5
northern_africa_and_western_asia,2011,7835.6
northern_africa_and_western_asia,2012,7498.1
northern_africa_and_western_asia,2013,7507.3
northern_africa_and_western_asia,2014,7516.5
northern_africa_and_western_asia,2015,7525.7
northern_africa_and_western_asia,2016,7534.9
northern_africa_and_western_asia,2017,7536.1
northern_africa_and_western_asia,2018,7536.1
northern_africa_and_western_asia,2019,7536.1
northern_africa_and_western_asia,2020,7536.1
northern_africa_and_western_asia,2021,7536.1
northern_africa_and_western_asia,2022,7536.1
oman,1993,61.550
oman,1994,60.455
oman,1995,59.359
oman,1996,58.264
oman,1997,57.168
oman,1998,56.073
oman,1999,54.977
oman,2000,53.882
oman,2001,52.786
oman,2002,51.691
oman,2003,50.595
oman,2004,49.500
oman,2005,49.500
oman,2006,49.500
oman,2007,49.500
oman,2008,49.500
oman,2009,49.500
oman,2010,49.500
oman,2011,49.500
oman,2012,49.500
oman,2013,49.500
oman,2014,49.500
oman,2015,49.500
oman,2016,49.500
oman,2017,49.500
oman,2018,49.500
oman,2019,49.500
oman,2020,49.500
oman,2021,49.500
oman,2022,49.500
philippines,1993,169.20
philippines,1994,176.02
philippines,1995,182.84
philippines,1996,189.66
philippines,1997,196.49
philippines,1998,203.31
philippines,1999,210.13
philippines,2000,216.95
philippines,2001,223.77
philippines,2002,230.59
philippines,2003,237.41
philippines,2004,244.24
philippines,2005,251.06
philippines,2006,257.88
philippines,2007,264.70
philippines,2008,264.70
philippines,2009,264.70
philippines,2010,264.70
philippines,2011,264.70
philippines,2012,264.70
philippines,2013,264.70
philippines,2014,264.70
philippines,2015,264.70
philippines,2016,264.70
philippines,2017,264.70
philippines,2018,264.70
philippines,2019,264.70
philippines,2020,264.70
philippines,2021,264.70
philippines,2022,264.70
qatar,1993,12.520
qatar,1994,12.572
qatar,1995,12.625
qatar,1996,12.678
qatar,1997,12.730
qatar,1998,12.783
qatar,1999,12.835
qatar,2000,12.887
qatar,2001,12.940
qatar,2002,12.940
qatar,2003,12.940
qatar,2004,12.940
qatar,2005,12.940
qatar,2006,12.940
qatar,2007,12.940
qatar,2008,12.940
qatar,2009,12.940
qatar,2010,12.940
qatar,2011,12.940
qatar,2012,12.940
qatar,2013,12.940
qatar,2014,12.940
qatar,2015,12.940
qatar,2016,12.940
qatar,2017,12.940
qatar,2018,12.940
qatar,2019,12.940
qatar,2020,12.940
qatar,2021,12.940
qatar,2022,12.940
republic_of_korea,1996,175.10
republic_of_korea,1997,175.10
republic_of_korea,1998,175.10
republic_of_korea,1999,175.10
republic_of_korea,2000,175.10
republic_of_korea,2001,175.10
republic_of_korea,2002,175.10
republic_of_korea,2003,175.10
republic_of_korea,2004,175.10
republic_of_korea,2005,175.10
republic_of_korea,2006,175.10
republic_of_korea,2007,175.10
republic_of_korea,2008,175.10
republic_of_korea,2009,175.10
republic_of_korea,2010,175.10
republic_of_korea,2011,175.10
republic_of_korea,2012,175.10
republic_of_korea,2013,175.10
republic_of_korea,2014,175.10
republic_of_korea,2015,175.10
republic_of_korea,2016,175.10
republic_of_korea,2017,175.10
republic_of_korea,2018,175.10
republic_of_korea,2019,175.10
republic_of_korea,2020,175.10
republic_of_korea,2021,175.10
republic_of_korea,2022,175.10
saint_vincent_and_the_grenadines,2003,0.47800
saint_vincent_and_the_grenadines,2004,0.47800
saint_vincent_and_the_grenadines,2005,0.47800
saint_vincent_and_the_grenadines,2006,0.47800
saint_vincent_and_the_grenadines,2007,0.47800
saint_vincent_and_the_grenadines,2008,0.47800
saint_vincent_and_the_grenadines,2009,0.47800
saint_vincent_and_the_grenadines,2010,0.47800
saint_vincent_and_the_grenadines,2011,0.47800
saint_vincent_and_the_grenadines,2012,0.47800
saint_vincent_and_the_grenadines,2013,0.47800
saint_vincent_and_the_grenadines,2014,0.47800
saint_vincent_and_the_grenadines,2015,0.47800
saint_vincent_and_the_grenadines,2016,0.47800
saint_vincent_and_the_grenadines,2017,0.47800
saint_vincent_and_the_grenadines,2018,0.47800
saint_vincent_and_the_grenadines,2019,0.47800
saint_vincent_and_the_grenadines,2020,0.47800
saint_vincent_and_the_grenadines,2021,0.47800
saint_vincent_and_the_grenadines,2022,0.47800
saudi_arabia,1992,1528.0
saudi_arabia,1993,1546.9
saudi_arabia,1994,1565.8
saudi_arabia,1995,1584.6
saudi_arabia,1996,1603.5
saudi_arabia,1997,1622.4
saudi_arabia,1998,1641.3
saudi_arabia,1999,1660.1
saudi_arabia,2000,1679.0
saudi_arabia,2001,1679.0
saudi_arabia,2002,1679.0
saudi_arabia,2003,1679.0
saudi_arabia,2004,1679.0
saudi_arabia,2005,1679.0
saudi_arabia,2006,1679.0
saudi_arabia,2007,1679.0
saudi_arabia,2008,1679.0
saudi_arabia,2009,1679.0
saudi_arabia,2010,1679.0
saudi_arabia,2011,1679.0
saudi_arabia,2012,1679.0
saudi_arabia,2013,1679.0
saudi_arabia,2014,1679.0
saudi_arabia,2015,1679.0
saudi_arabia,2016,1679.0
saudi_arabia,2017,1679.0
saudi_arabia,2018,1679.0
saudi_arabia,2019,1679.0
saudi_arabia,2020,1679.0
saudi_arabia,2021,1679.0
saudi_arabia,2022,1679.0
senegal,1994,69.290
senegal,1995,73.404
senegal,1996,77.517
senegal,1997,81.631
senegal,1998,85.745
senegal,1999,89.859
senegal,2000,93.972
senegal,2001,98.086
senegal,2002,102.20
senegal,2003,102.20
senegal,2004,102.20
senegal,2005,102.20
senegal,2006,102.20
senegal,2007,102.20
senegal,2008,102.20
senegal,2009,102.20
senegal,2010,102.20
senegal,2011,102.20
senegal,2012,102.20
senegal,2013,102.20
senegal,2014,102.20
senegal,2015,102.20
senegal,2016,102.20
senegal,2017,102.20
senegal,2018,102.20
senegal,2019,102.20
senegal,2020,102.20
senegal,2021,102.20
senegal,2022,102.20
small_island_developing_states,2000,20.003
small_island_developing_states,2001,20.866
small_island_developing_states,2002,21.729
small_island_developing_states,2003,22.207
small_island_developing_states,2004,22.207
small_island_developing_states,2005,22.207
small_island_developing_states,2006,22.207
small_island_developing_states,2007,22.207
small_island_developing_states,2008,22.207
small_island_developing_states,2009,22.207
small_island_developing_states,2010,22.207
small_island_developing_states,2011,22.207
small_island_developing_states,2012,22.207
small_island_developing_states,2013,22.207
small_island_developing_states,2014,22.207
small_island_developing_states,2015,22.207
small_island_developing_states,2016,22.207
small_island_developing_states,2017,22.207
small_island_developing_states,2018,22.207
small_island_developing_states,2019,22.207
small_island_developing_states,2020,22.207
small_island_developing_states,2021,22.207
small_island_developing_states,2022,22.207
south_eastern_asia,2000,2176.7
south_eastern_asia,2001,2308.3
south_eastern_asia,2002,2439.9
south_eastern_asia,2003,2571.5
south_eastern_asia,2004,2703.1
south_eastern_asia,2005,2834.7
south_eastern_asia,2006,2966.3
south_eastern_asia,2007,2984.9
south_eastern_asia,2008,2984.9
south_eastern_asia,2009,2984.9
south_eastern_asia,2010,2984.9
south_eastern_asia,2011,2984.9
south_eastern_asia,2012,2984.9
south_eastern_asia,2013,2984.9
south_eastern_asia,2014,2984.9
south_eastern_asia,2015,2984.9
south_eastern_asia,2016,2984.9
south_eastern_asia,2017,2984.9
south_eastern_asia,2018,2984.9
south_eastern_asia,2019,2984.9
south_eastern_asia,2020,2984.9
south_eastern_asia,2021,2984.9
south_eastern_asia,2022,2984.9
southern_asia,2000,55008
southern_asia,2001,58269
southern_asia,2002,58405
southern_asia,2003,58541
southern_asia,2004,58677
southern_asia,2005,58813
southern_asia,2006,58949
southern_asia,2007,59085
southern_asia,2008,59221
southern_asia,2009,59221
southern_asia,2010,59221
southern_asia,2011,59221
southern_asia,2012,59221
southern_asia,2013,59221
southern_asia,2014,59221
southern_asia,2015,59221
southern_asia,2016,59221
southern_asia,2017,59221
southern_asia,2018,59221
southern_asia,2019,59221
southern_asia,2020,59221
southern_asia,2021,59221
southern_asia,2022,59221
sri_lanka,1995,171.00
sri_lanka,1996,171.00
sri_lanka,1997,171.00
sri_lanka,1998,171.00
sri_lanka,1999,171.00
sri_lanka,2000,171.00
sri_lanka,2001,171.00
sri_lanka,2002,171.00
sri_lanka,2003,171.00
sri_lanka,2004,171.00
sri_lanka,2005,171.00
sri_lanka,2006,171.00
sri_lanka,2007,171.00
sri_lanka,2008,171.00
sri_lanka,2009,171.00
sri_lanka,2010,171.00
sri_lanka,2011,171.00
sri_lanka,2012,171.00
sri_lanka,2013,171.00
sri_lanka,2014,171.00
sri_lanka,2015,171.00
sri_lanka,2016,171.00
sri_lanka,2017,171.00
sri_lanka,2018,171.00
sri_lanka,2019,171.00
sri_lanka,2020,171.00
sri_lanka,2021,171.00
sri_lanka,2022,171.00
sub_saharan_africa,2000,285.19
sub_saharan_africa,2001,292.66
sub_saharan_africa,2002,338.59
sub_saharan_africa,2003,386.45
sub_saharan_africa,2004,384.11
sub_saharan_africa,2005,381.76
sub_saharan_africa,2006,379.41
sub_saharan_africa,2007,377.06
sub_saharan_africa,2008,374.72
sub_saharan_africa,2009,372.37
sub_saharan_africa,2010,370.02
sub_saharan_africa,2011,379.83
sub_saharan_africa,2012,379.83
sub_saharan_africa,2013,379.83
sub_saharan_africa,2014,379.83
sub_saharan_africa,2015,379.83
sub_saharan_africa,2016,379.83
sub_saharan_africa,2017,379.83
sub_saharan_africa,2018,379.83
sub_saharan_africa,2019,379.83
sub_saharan_africa,2020,379.83
sub_saharan_africa,2021,379.83
sub_saharan_africa,2022,379.83
tajikistan,1994,318.00
tajikistan,1995,316.59
tajikistan,1996,315.17
tajikistan,1997,313.76
tajikistan,1998,312.35
tajikistan,1999,310.93
tajikistan,2000,309.52
tajikistan,2001,308.11
tajikistan,2002,306.69
tajikistan,2003,305.28
tajikistan,2004,303.87
tajikistan,2005,302.45
tajikistan,2006,301.04
tajikistan,2007,299.63
tajikistan,2008,298.21
tajikistan,2009,296.80
tajikistan,2010,296.80
tajikistan,2011,296.80
tajikistan,2012,296.80
tajikistan,2013,296.80
tajikistan,2014,296.80
tajikistan,2015,296.80
tajikistan,2016,296.80
tajikistan,2017,296.80
tajikistan,2018,296.80
tajikistan,2019,296.80
tajikistan,2020,296.80
tajikistan,2021,296.80
tajikistan,2022,296.80
thailand,1992,200.40
thailand,1993,239.80
thailand,1994,279.20
thailand,1995,318.60
thailand,1996,330.38
thailand,1997,342.17
thailand,1998,353.95
thailand,1999,365.73
thailand,2000,377.52
thailand,2001,389.30
thailand,2002,401.08
thailand,2003,412.87
thailand,2004,424.65
thailand,2005,436.43
thailand,2006,448.22
thailand,2007,460.00
thailand,2008,460.00
thailand,2009,460.00
thailand,2010,460.00
thailand,2011,460.00
thailand,2012,460.00
thailand,2013,460.00
thailand,2014,460.00
thailand,2015,460.00
thailand,2016,460.00
thailand,2017,460.00
thailand,2018,460.00
thailand,2019,460.00
thailand,2020,460.00
thailand,2021,460.00
thailand,2022,460.00
tunisia,1991,330.30
tunisia,1992,332.16
tunisia,1993,334.01
tunisia,1994,335.87
tunisia,1995,337.72
tunisia,1996,339.58
tunisia,1997,341.43
tunisia,1998,343.29
tunisia,1999,345.14
tunisia,2000,347.00
tunisia,2001,347.00
tunisia,2002,347.00
tunisia,2003,347.00
tunisia,2004,347.00
tunisia,2005,347.00
tunisia,2006,347.00
tunisia,2007,347.00
tunisia,2008,347.00
tunisia,2009,347.00
tunisia,2010,347.00
tunisia,2011,347.00
tunisia,2012,347.00
tunisia,2013,347.00
tunisia,2014,347.00
tunisia,2015,347.00
tunisia,2016,347.00
tunisia,2017,347.00
tunisia,2018,347.00
tunisia,2019,347.00
tunisia,2020,347.00
tunisia,2021,347.00
tunisia,2022,347.00
turkiye,1994,226.00
turkiye,1995,226.00
turkiye,1996,226.00
turkiye,1997,226.00
turkiye,1998,226.00
turkiye,1999,226.00
turkiye,2000,226.00
turkiye,2001,226.00
turkiye,2002,226.00
turkiye,2003,226.00
turkiye,2004,226.00
turkiye,2005,226.00
turkiye,2006,226.00
turkiye,2007,226.00
turkiye,2008,226.00
turkiye,2009,226.00
turkiye,2010,226.00
turkiye,2011,226.00
turkiye,2012,226.00
turkiye,2013,226.00
turkiye,2014,226.00
turkiye,2015,226.00
turkiye,2016,226.00
turkiye,2017,226.00
turkiye,2018,226.00
turkiye,2019,226.00
turkiye,2020,226.00
turkiye,2021,226.00
turkiye,2022,226.00
turkmenistan,1993,278.70
turkmenistan,1994,284.30
turkmenistan,1995,284.30
turkmenistan,1996,284.30
turkmenistan,1997,284.30
turkmenistan,1998,284.30
turkmenistan,1999,284.30
turkmenistan,2000,284.30
turkmenistan,2001,284.30
turkmenistan,2002,284.30
turkmenistan,2003,284.30
turkmenistan,2004,284.30
turkmenistan,2005,284.30
turkmenistan,2006,284.30
turkmenistan,2007,284.30
turkmenistan,2008,284.30
turkmenistan,2009,284.30
turkmenistan,2010,284.30
turkmenistan,2011,284.30
turkmenistan,2012,284.30
turkmenistan,2013,284.30
turkmenistan,2014,284.30
turkmenistan,2015,284.30
turkmenistan,2016,284.30
turkmenistan,2017,284.30
turkmenistan,2018,284.30
turkmenistan,2019,284.30
turkmenistan,2020,284.30
turkmenistan,2021,284.30
turkmenistan,2022,284.30
united_republic_of_tanzania,2002,1.4530
united_republic_of_tanzania,2003,1.4530
united_republic_of_tanzania,2004,1.4530
united_republic_of_tanzania,2005,1.4530
united_republic_of_tanzania,2006,1.4530
united_republic_of_tanzania,2007,1.4530
united_republic_of_tanzania,2008,1.4530
united_republic_of_tanzania,2009,1.4530
united_republic_of_tanzania,2010,1.4530
united_republic_of_tanzania,2011,1.4530
united_republic_of_tanzania,2012,1.4530
united_republic_of_tanzania,2013,1.4530
united_republic_of_tanzania,2014,1.4530
united_republic_of_tanzania,2015,1.4530
united_republic_of_tanzania,2016,1.4530
united_republic_of_tanzania,2017,1.4530
united_republic_of_tanzania,2018,1.4530
united_republic_of_tanzania,2019,1.4530
united_republic_of_tanzania,2020,1.4530
united_republic_of_tanzania,2021,1.4530
united_republic_of_tanzania,2022,1.4530
uruguay,1998,114.20
uruguay,1999,114.20
uruguay,2000,114.20
uruguay,2001,114.20
uruguay,2002,114.20
uruguay,2003,114.20
uruguay,2004,114.20
uruguay,2005,114.20
uruguay,2006,114.20
uruguay,2007,114.20
uruguay,2008,114.20
uruguay,2009,114.20
uruguay,2010,114.20
uruguay,2011,114.20
uruguay,2012,114.20
uruguay,2013,114.20
uruguay,2014,114.20
uruguay,2015,114.20
uruguay,2016,114.20
uruguay,2017,114.20
uruguay,2018,114.20
uruguay,2019,114.20
uruguay,2020,114.20
uruguay,2021,114.20
uruguay,2022,114.20
uzbekistan,1994,1173.0
uzbekistan,1995,1173.0
uzbekistan,1996,1173.0
uzbekistan,1997,1173.0
uzbekistan,1998,1173.0
uzbekistan,1999,1173.0
uzbekistan,2000,1173.0
uzbekistan,2001,1173.0
uzbekistan,2002,1173.0
uzbekistan,2003,1173.0
uzbekistan,2004,1173.0
uzbekistan,2005,1173.0
uzbekistan,2006,1173.0
uzbekistan,2007,1173.0
uzbekistan,2008,1173.0
uzbekistan,2009,1173.0
uzbekistan,2010,1173.0
uzbekistan,2011,1173.0
uzbekistan,2012,1173.0
uzbekistan,2013,1173.0
uzbekistan,2014,1173.0
uzbekistan,2015,1173.0
uzbekistan,2016,1173.0
uzbekistan,2017,1173.0
uzbekistan,2018,1173.0
uzbekistan,2019,1173.0
uzbekistan,2020,1173.0
uzbekistan,2021,1173.0
uzbekistan,2022,1173.0
viet_nam,1994,792.00
viet_nam,1995,905.00
viet_nam,1996,1018.0
viet_nam,1997,1131.0
viet_nam,1998,1244.0
viet_nam,1999,1357.0
viet_nam,2000,1470.0
viet_nam,2001,1583.0
viet_nam,2002,1696.0
viet_nam,2003,1809.0
viet_nam,2004,1922.0
viet_nam,2005,2035.0
viet_nam,2006,2148.0
viet_nam,2007,2148.0
viet_nam,2008,2148.0
viet_nam,2009,2148.0
viet_nam,2010,2148.0
viet_nam,2011,2148.0
viet_nam,2012,2148.0
viet_nam,2013,2148.0
viet_nam,2014,2148.0
viet_nam,2015,2148.0
viet_nam,2016,2148.0
viet_nam,2017,2148.0
viet_nam,2018,2148.0
viet_nam,2019,2148.0
viet_nam,2020,2148.0
viet_nam,2021,2148.0
viet_nam,2022,2148.0
western_asia,2000,2829.3
western_asia,2001,2818.1
western_asia,2002,2806.8
western_asia,2003,2797.4
western_asia,2004,3222.3
western_asia,2005,3227.9
western_asia,2006,3233.6
western_asia,2007,3239.2
western_asia,2008,3248.4
western_asia,2009,3257.6
western_asia,2010,3266.8
western_asia,2011,3275.9
western_asia,2012,3285.1
western_asia,2013,3294.3
western_asia,2014,3303.5
western_asia,2015,3312.7
western_asia,2016,3321.9
western_asia,2017,3323.1
western_asia,2018,3323.1
western_asia,2019,3323.1
western_asia,2020,3323.1
western_asia,2021,3323.1
western_asia,2022,3323.1
world,2000,102530
world,2001,106540
world,2002,107450
world,2003,108390
world,2004,109720
world,2005,110620
world,2006,111520
world,2007,111700
world,2008,111860
world,2009,111880
world,2010,111910
world,2011,112210
world,2012,112150
world,2013,112430
world,2014,112720
world,2015,113010
world,2016,113300
world,2017,113310
world,2018,113380
world,2019,113380
world,2020,113380
world,2021,113380
world,2022,113380
yemen,2004,420.40
yemen,2005,420.40
yemen,2006,420.40
yemen,2007,420.40
yemen,2008,420.40
yemen,2009,420.40
yemen,2010,420.40
yemen,2011,420.40
yemen,2012,420.40
yemen,2013,420.40
yemen,2014,420.40
yemen,2015,420.40
yemen,2016,420.40
yemen,2017,420.40
yemen,2018,420.40
yemen,2019,420.40
yemen,2020,420.40
yemen,2021,420.40
yemen,2022,420.40
zambia,2002,38.630
zambia,2003,38.630
zambia,2004,38.630
zambia,2005,38.630
zambia,2006,38.630
zambia,2007,38.630
zambia,2008,38.630
zambia,2009,38.630
zambia,2010,38.630
zambia,2011,38.630
zambia,2012,38.630
zambia,2013,38.630
zambia,2014,38.630
zambia,2015,38.630
zambia,2016,38.630
zambia,2017,38.630
zambia,2018,38.630
zambia,2019,38.630
zambia,2020,38.630
zambia,2021,38.630
zambia,2022,38.630
