area,year,urban_population
afg,1962,804.90
afg,1967,1066.0
afg,1972,1434.0
afg,1977,1888.0
afg,1982,2045.0
afg,1987,1935.0
afg,1992,2608.0
afg,1997,3872.0
afg,2002,4866.0
afg,2007,6215.0
afg,2012,7596.0
afg,2015,8547.0
alb,1962,533.20
alb,1967,620.80
alb,1972,723.30
alb,1977,843.00
alb,1982,982.00
alb,1987,1158.0
alb,1992,1284.0
alb,1997,1334.0
alb,2002,1420.0
alb,2007,1548.0
alb,2012,1718.0
alb,2015,1835.0
dza,1962,3934.0
dza,1967,5264.0
dza,1972,6179.0
dza,1977,7289.0
dza,1982,9408.0
dza,1987,12046
dza,1992,14775
dza,1997,17462
dza,2002,20033
dza,2007,22935
dza,2012,26502
dza,2015,28739
and,1962,9.7600
and,1967,15.490
and,1972,22.400
and,1977,29.300
and,1982,36.560
and,1987,46.120
and,1992,55.560
and,1997,59.720
and,2002,65.650
and,2007,72.640
and,2012,67.940
and,2015,68.900
ago,1962,577.00
ago,1967,755.30
ago,1972,981.20
ago,1977,1274.0
ago,1982,1707.0
ago,1987,2268.0
ago,1992,2957.0
ago,1997,3872.0
ago,2002,5046.0
ago,2007,6682.0
ago,2012,8682.0
ago,2015,10052
atg,1962,21.640
atg,1967,21.960
atg,1972,22.840
atg,1977,24.140
atg,1982,23.980
atg,1987,22.340
atg,1992,22.260
atg,1997,24.000
atg,2002,24.890
atg,2007,23.630
atg,2012,22.390
atg,2015,21.830
arg,1962,15922
arg,1967,17756
arg,1972,19765
arg,1977,21984
arg,1982,24281
arg,1987,26830
arg,1992,29345
arg,1997,31609
arg,2002,33684
arg,2007,35573
arg,2012,37511
arg,2015,38677
arm,1992,2307.0
arm,1997,2055.0
arm,2002,1959.0
arm,2007,1917.0
arm,2012,1875.0
arm,2015,1874.0
aus,1962,8803.0
aus,1967,10086
aus,1972,11451
aus,1977,12214
aus,1982,12933
aus,1987,13934
aus,1992,14998
aus,1997,16058
aus,2002,17258
aus,2007,18760
aus,2012,20518
aus,2015,21393
aut,1962,4630.0
aut,1967,4801.0
aut,1972,4937.0
aut,1977,4970.0
aut,1982,4942.0
aut,1987,4984.0
aut,1992,5131.0
aut,1997,5273.0
aut,2002,5325.0
aut,2007,5472.0
aut,2012,5575.0
aut,2015,5645.0
aze,1992,3959.0
aze,1997,4087.0
aze,2002,4288.0
aze,2007,4630.0
aze,2012,5013.0
aze,2015,5250.0
bhs,1962,74.090
bhs,1967,98.780
bhs,1972,121.10
bhs,1977,140.50
bhs,1982,164.30
bhs,1987,189.90
bhs,1992,213.70
bhs,1997,233.50
bhs,2002,253.80
bhs,2007,281.80
bhs,2012,307.50
bhs,2015,321.20
bhr,1962,142.60
bhr,1967,162.90
bhr,1972,193.50
bhr,1977,259.10
bhr,1982,334.00
bhr,1987,393.10
bhr,1992,462.10
bhr,1997,528.00
bhr,2002,647.40
bhr,2007,913.00
bhr,2012,1168.0
bhr,2015,1207.0
bgd,1962,2881.0
bgd,1967,4105.0
bgd,1972,5651.0
bgd,1977,8825.0
bgd,1982,14114
bgd,1987,18299
bgd,1992,23172
bgd,1997,28036
bgd,2002,33918
bgd,2007,41355
bgd,2012,49487
bgd,2015,54984
brb,1962,85.850
brb,1967,88.170
brb,1972,91.650
brb,1977,96.520
brb,1982,95.610
brb,1987,88.680
brb,1992,85.840
brb,1997,88.670
brb,2002,90.220
brb,2007,90.030
brb,2012,89.970
brb,2015,90.480
blr,1992,6854.0
blr,1997,6951.0
blr,2002,6990.0
blr,2007,7023.0
blr,2012,7098.0
blr,2015,7099.0
bel,1962,8601.0
bel,1967,8908.0
bel,1972,9126.0
bel,1977,9301.0
bel,1982,9391.0
bel,1987,9466.0
bel,1992,9650.0
bel,1997,9814.0
bel,2002,10053
bel,2007,10411
bel,2012,10809
bel,2015,10944
blz,1962,52.020
blz,1967,58.450
blz,1972,64.390
blz,1977,68.300
blz,1982,74.220
blz,1987,83.700
blz,1992,92.280
blz,1997,103.90
blz,2002,118.60
blz,2007,131.00
blz,2012,144.20
blz,2015,152.80
ben,1962,262.10
ben,1967,384.60
ben,1972,566.80
ben,1977,833.80
ben,1982,1128.0
ben,1987,1466.0
ben,1992,1927.0
ben,1997,2378.0
ben,2002,2889.0
ben,2007,3544.0
ben,2012,4288.0
ben,2015,4782.0
btn,1962,9.3900
btn,1967,13.870
btn,1972,21.130
btn,1977,32.690
btn,1982,48.600
btn,1987,71.370
btn,1992,94.890
btn,1997,116.70
btn,2002,165.00
btn,2007,220.60
btn,2012,269.80
btn,2015,300.10
bol,1962,1310.0
bol,1967,1526.0
bol,1972,1789.0
bol,1977,2123.0
bol,1982,2672.0
bol,1987,3327.0
bol,1992,4099.0
bol,1997,4817.0
bol,2002,5553.0
bol,2007,6300.0
bol,2012,7062.0
bol,2015,7553.0
bih,1992,1635.0
bih,1997,1392.0
bih,2002,1530.0
bih,2007,1515.0
bih,2012,1510.0
bih,2015,1519.0
bwa,1962,17.240
bwa,1967,32.350
bwa,1972,71.760
bwa,1977,120.60
bwa,1982,208.80
bwa,1987,409.30
bwa,1992,680.40
bwa,1997,839.90
bwa,2002,983.60
bwa,2007,1064.0
bwa,2012,1136.0
bwa,2015,1181.0
bra,1962,37174
bra,1967,47192
bra,1972,58349
bra,1977,71124
bra,1982,85776
bra,1987,101410
bra,1992,116640
bra,1997,131950
bra,2002,146890
bra,2007,158550
bra,2012,168660
bra,2015,174510
brn,1962,42.170
brn,1967,63.430
brn,1972,89.680
brn,1977,106.30
brn,1982,123.10
brn,1987,150.30
brn,1992,182.40
brn,1997,215.90
brn,2002,249.90
brn,2007,283.60
brn,2012,314.20
brn,2015,330.80
bgr,1962,3241.0
bgr,1967,4039.0
bgr,1972,4678.0
bgr,1977,5224.0
bgr,1982,5627.0
bgr,1987,5844.0
bgr,1992,5803.0
bgr,1997,5595.0
bgr,2002,5472.0
bgr,2007,5391.0
bgr,2012,5311.0
bgr,2015,5260.0
bfa,1962,242.70
bfa,1967,289.10
bfa,1972,348.30
bfa,1977,457.60
bfa,1982,722.40
bfa,1987,1064.0
bfa,1992,1332.0
bfa,1997,1693.0
bfa,2002,2368.0
bfa,2007,3297.0
bfa,2012,4501.0
bfa,2015,5349.0
bdi,1962,62.340
bdi,1967,80.900
bdi,1972,110.00
bdi,1977,146.80
bdi,1982,203.70
bdi,1987,287.00
bdi,1992,390.40
bdi,1997,485.20
bdi,2002,611.00
bdi,2007,821.50
bdi,2012,1102.0
bdi,2015,1304.0
cpv,1962,38.360
cpv,1967,47.460
cpv,1972,59.440
cpv,1977,68.760
cpv,1982,82.280
cpv,1987,123.20
cpv,1992,169.60
cpv,1997,211.40
cpv,2002,253.20
cpv,2007,287.20
cpv,2012,313.40
cpv,2015,333.10
khm,1962,622.50
khm,1967,809.80
khm,1972,1600.0
khm,1977,374.10
khm,1982,904.70
khm,1987,1204.0
khm,1992,1578.0
khm,1997,2058.0
khm,2002,2392.0
khm,2007,2669.0
khm,2012,2993.0
khm,2015,3249.0
cmr,1962,842.30
cmr,1967,1142.0
cmr,1972,1636.0
cmr,1977,2413.0
cmr,1982,3187.0
cmr,1987,4186.0
cmr,1992,5223.0
cmr,1997,6436.0
cmr,2002,7844.0
cmr,2007,9499.0
cmr,2012,11431
cmr,2015,12721
can,1962,13153
can,1967,15116
can,1972,16818
can,1977,17918
can,1982,18978
can,1987,20307
can,1992,21797
can,1997,23397
can,2002,24992
can,2007,26519
can,2012,28321
can,2015,29353
caf,1962,333.40
caf,1967,429.60
caf,1972,555.70
caf,1977,693.60
caf,1982,832.60
caf,1987,992.30
caf,1992,1128.0
caf,1997,1281.0
caf,2002,1424.0
caf,2007,1574.0
caf,2012,1777.0
caf,2015,1923.0
tcd,1962,226.00
tcd,1967,328.60
tcd,1972,499.90
tcd,1977,740.90
tcd,1982,904.50
tcd,1987,1092.0
tcd,1992,1346.0
tcd,1997,1607.0
tcd,2002,1945.0
tcd,2007,2339.0
tcd,2012,2755.0
tcd,2015,3057.0
chl,1962,5588.0
chl,1967,6610.0
chl,1972,7599.0
chl,1977,8537.0
chl,1982,9492.0
chl,1987,10395
chl,1992,11454
chl,1997,12667
chl,2002,13707
chl,2007,14656
chl,2012,15541
chl,2015,16047
chn,1962,121820
chn,1967,141040
chn,1972,156630
chn,1977,177130
chn,1982,226420
chn,1987,285400
chn,1992,358280
chn,1997,435010
chn,2002,520850
chn,2007,627340
chn,2012,739850
chn,2015,805390
col,1962,8090.0
col,1967,10336
col,1972,12620
col,1977,15077
col,1982,17896
col,1987,20916
col,1992,23987
col,1997,26965
col,2002,29957
col,2007,33004
col,2012,36066
col,2015,37858
com,1962,27.960
com,1967,39.810
com,1972,48.630
com,1977,61.700
com,1982,80.480
com,1987,101.10
com,1992,123.20
com,1997,138.10
com,2002,155.60
com,2007,176.20
com,2012,201.10
com,2015,217.90
cog,1962,352.80
cog,1967,450.40
cog,1972,577.60
cog,1977,742.80
cog,1982,947.10
cog,1987,1166.0
cog,1992,1386.0
cog,1997,1649.0
cog,2002,1958.0
cog,2007,2326.0
cog,2012,2780.0
cog,2015,3054.0
cok,1962,8.9200
cok,1967,10.410
cok,1972,11.540
cok,1977,10.370
cok,1982,9.4000
cok,1987,9.9200
cok,1992,10.480
cok,1997,10.820
cok,2002,12.480
cok,2007,14.390
cok,2012,15.140
cok,2015,15.530
cri,1962,492.40
cri,1967,621.90
cri,1972,765.80
cri,1977,909.10
cri,1982,1088.0
cri,1987,1346.0
cri,1992,1676.0
cri,1997,2062.0
cri,2002,2528.0
cri,2007,3043.0
cri,2012,3553.0
cri,2015,3842.0
civ,1962,756.00
civ,1967,1190.0
civ,1972,1708.0
civ,1977,2532.0
civ,1982,3355.0
civ,1987,4191.0
civ,1992,5192.0
civ,1997,6312.0
civ,2002,7479.0
civ,2007,8663.0
civ,2012,10325
civ,2015,11538
hrv,1992,2608.0
hrv,1997,2539.0
hrv,2002,2473.0
hrv,2007,2483.0
hrv,2012,2501.0
hrv,2015,2509.0
cub,1962,4379.0
cub,1967,4934.0
cub,1972,5578.0
cub,1977,6339.0
cub,1982,6893.0
cub,1987,7398.0
cub,1992,7942.0
cub,1997,8226.0
cub,2002,8497.0
cub,2007,8625.0
cub,2012,8654.0
cub,2015,8670.0
cyp,1962,211.90
cyp,1967,231.80
cyp,1972,262.60
cyp,1977,345.00
cyp,1982,435.50
cyp,1987,474.00
cyp,1992,541.20
cyp,1997,608.20
cyp,2002,673.10
cyp,2007,722.70
cyp,2012,759.40
cyp,2015,779.40
cze,1997,7670.0
cze,2002,7539.0
cze,2007,7594.0
cze,2012,7794.0
cze,2015,7866.0
prk,1962,5002.0
prk,1967,6225.0
prk,1972,8399.0
prk,1977,9516.0
prk,1982,10238
prk,1987,11202
prk,1992,12228
prk,1997,13161
prk,2002,13849
prk,2007,14458
prk,2012,14966
prk,2015,15313
cod,1962,3649.0
cod,1967,4392.0
cod,1972,5299.0
cod,1977,6379.0
cod,1982,7659.0
cod,1987,9316.0
cod,1992,11887
cod,1997,14873
cod,2002,17853
cod,2007,21988
cod,2012,26906
cod,2015,30275
dnk,1962,3491.0
dnk,1967,3776.0
dnk,1972,4028.0
dnk,1977,4224.0
dnk,1982,4304.0
dnk,1987,4327.0
dnk,1992,4390.0
dnk,1997,4487.0
dnk,2002,4577.0
dnk,2007,4718.0
dnk,2012,4878.0
dnk,2015,4964.0
dji,1962,49.570
dji,1967,76.740
dji,1972,114.60
dji,1977,192.10
dji,1982,284.80
dji,1987,366.60
dji,1992,479.30
dji,1997,525.50
dji,2002,570.40
dji,2007,613.80
dji,2012,662.90
dji,2015,695.80
dma,1962,23.540
dma,1967,25.930
dma,1972,28.880
dma,1977,32.520
dma,1982,37.230
dma,1987,42.060
dma,1992,45.830
dma,1997,45.990
dma,2002,45.850
dma,2007,47.580
dma,2012,49.230
dma,2015,50.540
dom,1962,1136.0
dom,1967,1537.0
dom,1972,2026.0
dom,1977,2601.0
dom,1982,3236.0
dom,1987,3705.0
dom,1992,4205.0
dom,1997,4894.0
dom,2002,5661.0
dom,2007,6732.0
dom,2012,7814.0
dom,2015,8413.0
ecu,1962,1676.0
ecu,1967,2082.0
ecu,1972,2573.0
ecu,1977,3231.0
ecu,1982,4061.0
ecu,1987,4969.0
ecu,1992,5959.0
ecu,1997,6936.0
ecu,2002,7964.0
ecu,2007,8861.0
ecu,2012,9774.0
ecu,2015,10343
egy,1962,11429
egy,1967,13654
egy,1972,16013
egy,1977,18441
egy,1982,20624
egy,1987,23157
egy,1992,25223
egy,1997,26915
egy,2002,29294
egy,2007,31976
egy,2012,34712
egy,2015,36538
slv,1962,1139.0
slv,1967,1345.0
slv,1972,1575.0
slv,1977,1877.0
slv,1982,2166.0
slv,1987,2447.0
slv,1992,2771.0
slv,1997,3310.0
slv,2002,3606.0
slv,2007,3841.0
slv,2012,4111.0
slv,2015,4288.0
gnq,1962,67.670
gnq,1967,75.360
gnq,1972,74.590
gnq,1977,60.830
gnq,1982,70.360
gnq,1987,108.50
gnq,1992,146.90
gnq,1997,183.00
gnq,2002,213.90
gnq,2007,249.20
gnq,2012,290.60
gnq,2015,319.10
eri,1997,602.00
eri,2002,772.80
eri,2007,1017.0
eri,2012,1309.0
eri,2015,1525.0
est,1992,1079.0
est,1997,976.90
est,2002,931.50
est,2007,899.20
est,2012,875.60
est,2015,864.60
eth,1997,8595.0
eth,2002,10575
eth,2007,12964
eth,2012,16658
eth,2015,19266
fro,1962,8.0700
fro,1967,9.9600
fro,1972,11.370
fro,1977,12.980
fro,1982,13.680
fro,1987,14.440
fro,1992,14.370
fro,1997,15.700
fro,2002,18.160
fro,2007,19.990
fro,2012,20.460
fro,2015,20.770
fji,1962,129.90
fji,1967,164.00
fji,1972,192.90
fji,1977,223.30
fji,1982,254.40
fji,1987,283.80
fji,1992,321.20
fji,1997,370.60
fji,2002,397.40
fji,2007,423.20
fji,2012,460.10
fji,2015,479.60
fin,1962,2569.0
fin,1967,2810.0
fin,1972,3036.0
fin,1977,3290.0
fin,1982,3541.0
fin,1987,3816.0
fin,1992,4034.0
fin,1997,4188.0
fin,2002,4290.0
fin,2007,4401.0
fin,2012,4533.0
fin,2015,4599.0
fra,1962,29835
fra,1967,34474
fra,1972,37049
fra,1977,38954
fra,1982,40010
fra,1987,41336
fra,1992,42661
fra,1997,43960
fra,2002,45865
fra,2007,48289
fra,2012,50395
fra,2015,51674
gab,1962,99.800
gab,1967,148.70
gab,1972,221.70
gab,1977,322.40
gab,1982,445.80
gab,1987,566.90
gab,1992,716.60
gab,1997,880.80
gab,2002,1048.0
gab,2007,1222.0
gab,2012,1410.0
gab,2015,1526.0
gmb,1962,48.080
gmb,1967,68.190
gmb,1972,103.50
gmb,1977,143.30
gmb,1982,195.20
gmb,1987,282.20
gmb,1992,397.00
gmb,1997,508.90
gmb,2002,649.20
gmb,2007,825.80
gmb,2012,1034.0
gmb,2015,1175.0
geo,1992,2917.0
geo,1997,2627.0
geo,2002,2417.0
geo,2007,2327.0
geo,2012,2317.0
geo,2015,2309.0
deu,1962,53499
deu,1967,56160
deu,1972,57689
deu,1977,57811
deu,1982,57697
deu,1987,57257
deu,1992,59880
deu,1997,61090
deu,2002,61236
deu,2007,61593
deu,2012,61842
deu,2015,62170
gha,1962,1725.0
gha,1967,2196.0
gha,1972,2670.0
gha,1977,3107.0
gha,1982,3632.0
gha,1987,4623.0
gha,1992,5865.0
gha,1997,7318.0
gha,2002,8958.0
gha,2007,10963
gha,2012,13208
gha,2015,14583
grc,1962,4834.0
grc,1967,5334.0
grc,1972,5806.0
grc,1977,6298.0
grc,1982,6851.0
grc,1987,7095.0
grc,1992,7427.0
grc,1997,7839.0
grc,2002,8083.0
grc,2007,8322.0
grc,2012,8566.0
grc,2015,8679.0
grd,1962,28.380
grd,1967,30.060
grd,1972,30.390
grd,1977,29.500
grd,1982,30.750
grd,1987,33.080
grd,1992,32.820
grd,1997,35.470
grd,2002,36.810
grd,2007,37.110
grd,2012,37.550
grd,2015,37.970
gtm,1962,1417.0
gtm,1967,1729.0
gtm,1972,2069.0
gtm,1977,2408.0
gtm,1982,2795.0
gtm,1987,3314.0
gtm,1992,3903.0
gtm,1997,4589.0
gtm,2002,5405.0
gtm,2007,6395.0
gtm,2012,7573.0
gtm,2015,8383.0
gin,1962,421.30
gin,1967,567.20
gin,1972,742.60
gin,1977,924.30
gin,1982,1188.0
gin,1987,1458.0
gin,1992,1926.0
gin,1997,2494.0
gin,2002,2868.0
gin,2007,3375.0
gin,2012,4094.0
gin,2015,4589.0
gnb,1962,89.980
gnb,1967,97.290
gnb,1972,111.10
gnb,1977,129.80
gnb,1982,165.00
gnb,1987,234.20
gnb,1992,323.00
gnb,1997,407.70
gnb,2002,510.00
gnb,2007,632.30
gnb,2012,780.60
gnb,2015,882.00
guy,1962,172.10
guy,1967,197.90
guy,1972,218.10
guy,1977,230.20
guy,1982,233.80
guy,1987,220.60
guy,1992,212.60
guy,1997,212.60
guy,2002,214.10
guy,2007,217.50
guy,2012,225.20
guy,2015,230.60
hti,1962,658.80
hti,1967,820.10
hti,1972,991.90
hti,1977,1093.0
hti,1982,1227.0
hti,1987,1688.0
hti,1992,2279.0
hti,1997,2749.0
hti,2002,3449.0
hti,2007,4509.0
hti,2012,5579.0
hti,2015,6219.0
vat,1962,0.90000
vat,1967,0.77000
vat,1972,0.66000
vat,1977,0.74000
vat,1982,0.73000
vat,1987,0.76000
vat,1992,0.78000
vat,1997,0.78000
vat,2002,0.79000
vat,2007,0.80000
vat,2012,0.80000
vat,2015,0.80000
hnd,1962,511.30
hnd,1967,670.20
hnd,1972,860.60
hnd,1977,1098.0
hnd,1982,1393.0
hnd,1987,1750.0
hnd,1992,2147.0
hnd,1997,2572.0
hnd,2002,3027.0
hnd,2007,3575.0
hnd,2012,4200.0
hnd,2015,4610.0
hun,1962,5713.0
hun,1967,6027.0
hun,1972,6351.0
hun,1977,6717.0
hun,1982,6920.0
hun,1987,6861.0
hun,1992,6798.0
hun,1997,6698.0
hun,2002,6618.0
hun,2007,6778.0
hun,2012,6967.0
hun,2015,7060.0
isl,1962,148.50
isl,1967,165.00
isl,1972,179.70
isl,1977,194.00
isl,1982,207.00
isl,1987,222.30
isl,1992,236.80
isl,1997,250.90
isl,2002,265.90
isl,2007,284.50
isl,2012,305.80
isl,2015,317.00
ind,1962,85253
ind,1967,99634
ind,1972,118020
ind,1977,143590
ind,1982,172970
ind,1987,202640
ind,1992,234830
ind,1997,267700
ind,2002,304110
ind,2007,346640
ind,2012,391170
ind,2015,419940
idn,1962,14020
idn,1967,17206
idn,1972,21330
idn,1977,27660
idn,1982,35947
idn,1987,47052
idn,1992,60473
idn,1997,76832
idn,2002,93684
idn,2007,109780
idn,2012,127110
idn,2015,137420
irn,1962,8107.0
irn,1967,10177
irn,1972,12983
irn,1977,16611
irn,1982,21545
irn,1987,28113
irn,1992,33616
irn,1997,38684
irn,2002,44340
irn,2007,49451
irn,2012,54849
irn,2015,58316
irq,1962,3528.0
irq,1967,4737.0
irq,1972,6176.0
irq,1977,7901.0
irq,1982,9649.0
irq,1987,11414
irq,1992,12860
irq,1997,14840
irq,2002,17314
irq,2007,19795
irq,2012,22674
irq,2015,24847
irl,1962,1328.0
irl,1967,1448.0
irl,1972,1599.0
irl,1977,1784.0
irl,1982,1943.0
irl,1987,2000.0
irl,1992,2032.0
irl,1997,2143.0
irl,2002,2348.0
irl,2007,2618.0
irl,2012,2855.0
irl,2015,2989.0
isr,1962,1783.0
isr,1967,2183.0
isr,1972,2589.0
isr,1977,3073.0
isr,1982,3468.0
isr,1987,3796.0
isr,1992,4353.0
isr,1997,5124.0
isr,2002,5698.0
isr,2007,6351.0
isr,2012,7028.0
isr,2015,7297.0
ita,1962,30326
ita,1967,32803
ita,1972,35169
ita,1977,36738
ita,1982,37797
ita,1987,37950
ita,1992,37972
ita,1997,38138
ita,2002,38746
ita,2007,40435
ita,2012,41743
ita,2015,42166
jam,1962,591.60
jam,1967,704.20
jam,1972,816.00
jam,1977,928.60
jam,1982,1052.0
jam,1987,1139.0
jam,1992,1197.0
jam,1997,1282.0
jam,2002,1372.0
jam,2007,1440.0
jam,2012,1499.0
jam,2015,1541.0
jpn,1962,61407
jpn,1967,69315
jpn,1972,78311
jpn,1977,85933
jpn,1982,89910
jpn,1987,93140
jpn,1992,95600
jpn,1997,97878
jpn,2002,103080
jpn,2007,112000
jpn,2012,116950
jpn,2015,118570
jor,1962,512.40
jor,1967,725.60
jor,1972,1026.0
jor,1977,1220.0
jor,1982,1549.0
jor,1987,2076.0
jor,1992,2829.0
jor,1997,3594.0
jor,2002,3940.0
jor,2007,4621.0
jor,2012,5816.0
jor,2015,6435.0
kaz,1992,9013.0
kaz,1997,8443.0
kaz,2002,8090.0
kaz,2007,8362.0
kaz,2012,8698.0
kaz,2015,8930.0
ken,1962,670.80
ken,1967,935.10
ken,1972,1363.0
ken,1977,2050.0
ken,1982,2771.0
ken,1987,3442.0
ken,1992,4342.0
ken,1997,5470.0
ken,2002,6795.0
ken,2007,8464.0
ken,2012,10522
ken,2015,11978
kir,1962,6.1100
kir,1967,8.5000
kir,1972,12.190
kir,1977,15.650
kir,1982,18.800
kir,1987,22.460
kir,1992,26.110
kir,1997,30.510
kir,2002,37.320
kir,2007,40.730
kir,2012,44.290
kir,2015,46.770
kwt,1962,257.00
kwt,1967,481.00
kwt,1972,756.20
kwt,1977,1080.0
kwt,1982,1453.0
kwt,1987,1880.0
kwt,1992,1852.0
kwt,1997,1604.0
kwt,2002,2010.0
kwt,2007,2509.0
kwt,2012,3195.0
kwt,2015,3524.0
kgz,1992,1665.0
kgz,1997,1696.0
kgz,2002,1766.0
kgz,2007,1812.0
kgz,2012,1938.0
kgz,2015,2038.0
lao,1962,179.70
lao,1967,216.80
lao,1972,292.10
lao,1977,362.60
lao,1982,438.70
lao,1987,561.90
lao,1992,725.70
lao,1997,974.50
lao,2002,1333.0
lao,2007,1785.0
lao,2012,2350.0
lao,2015,2711.0
lva,1992,1798.0
lva,1997,1670.0
lva,2002,1572.0
lva,2007,1472.0
lva,2012,1392.0
lva,2015,1369.0
lbn,1962,880.80
lbn,1967,1183.0
lbn,1972,1512.0
lbn,1977,1818.0
lbn,1982,2003.0
lbn,1987,2176.0
lbn,1992,2365.0
lbn,1997,2643.0
lbn,2002,3032.0
lbn,2007,3594.0
lbn,2012,4063.0
lbn,2015,4437.0
lso,1962,39.370
lso,1967,72.090
lso,1972,101.90
lso,1977,136.30
lso,1982,159.00
lso,1987,188.40
lso,1992,250.80
lso,1997,325.20
lso,2002,388.40
lso,2007,455.60
lso,2012,528.50
lso,2015,579.00
lbr,1962,233.70
lbr,1967,310.70
lbr,1972,415.00
lbr,1977,556.10
lbr,1982,757.00
lbr,1987,1045.0
lbr,1992,1116.0
lbr,1997,1024.0
lbr,2002,1382.0
lbr,2007,1646.0
lbr,2012,2034.0
lbr,2015,2238.0
lby,1962,445.70
lby,1967,735.80
lby,1972,1265.0
lby,1977,1801.0
lby,1982,2432.0
lby,1987,2994.0
lby,1992,3382.0
lby,1997,3748.0
lby,2002,4088.0
lby,2007,4462.0
lby,2012,4800.0
lby,2015,4962.0
lie,1962,3.4800
lie,1967,3.7500
lie,1972,4.0700
lie,1977,4.4700
lie,1982,4.7800
lie,1987,4.8200
lie,1992,4.9400
lie,1997,5.0800
lie,2002,5.0400
lie,2007,5.1700
lie,2012,5.2700
lie,2015,5.3500
ltu,1992,2489.0
ltu,1997,2407.0
ltu,2002,2286.0
ltu,2007,2130.0
ltu,2012,2017.0
ltu,2015,1995.0
lux,1962,226.10
lux,1967,244.10
lux,1972,261.90
lux,1977,284.40
lux,1982,293.50
lux,1987,299.70
lux,1992,319.20
lux,1997,347.90
lux,2002,378.30
lux,2007,416.30
lux,2012,467.40
lux,2015,489.80
mdg,1962,605.30
mdg,1967,793.90
mdg,1972,1040.0
mdg,1977,1380.0
mdg,1982,1794.0
mdg,1987,2320.0
mdg,1992,3027.0
mdg,1997,3772.0
mdg,2002,4630.0
mdg,2007,5820.0
mdg,2012,7401.0
mdg,2015,8508.0
mwi,1962,169.60
mwi,1967,219.30
mwi,1972,320.10
mwi,1977,475.80
mwi,1982,621.90
mwi,1987,867.30
mwi,1992,1192.0
mwi,1997,1457.0
mwi,2002,1764.0
mwi,2007,2089.0
mwi,2012,2513.0
mwi,2015,2816.0
mys,1962,2430.0
mys,1967,3165.0
mys,1972,4023.0
mys,1977,5078.0
mys,1982,6337.0
mys,1987,7926.0
mys,1992,9951.0
mys,1997,12699
mys,2002,15590
mys,2007,18330
mys,2012,21207
mys,2015,22898
mdv,1962,10.590
mdv,1967,12.030
mdv,1972,16.850
mdv,1977,28.290
mdv,1982,38.910
mdv,1987,50.400
mdv,1992,58.590
mdv,1997,67.620
mdv,2002,84.940
mdv,2007,111.90
mdv,2012,143.20
mdv,2015,163.00
mli,1962,607.00
mli,1967,729.90
mli,1972,888.20
mli,1977,1093.0
mli,1982,1363.0
mli,1987,1680.0
mli,1992,2013.0
mli,1997,2501.0
mli,2002,3244.0
mli,2007,4277.0
mli,2012,5582.0
mli,2015,6490.0
mlt,1962,280.50
mlt,1967,274.10
mlt,1972,273.40
mlt,1977,282.80
mlt,1982,305.40
mlt,1987,326.90
mlt,1992,347.80
mlt,1997,367.20
mlt,2002,381.40
mlt,2007,393.90
mlt,2012,406.30
mlt,2015,411.40
mhl,1962,8.4360
mhl,1967,11.050
mhl,1972,13.670
mhl,1977,15.710
mhl,1982,19.780
mhl,1987,26.760
mhl,1992,32.460
mhl,1997,34.840
mhl,2002,35.980
mhl,2007,36.760
mhl,2012,37.780
mhl,2015,38.520
mrt,1962,73.030
mrt,1967,123.20
mrt,1972,204.30
mrt,1977,328.40
mrt,1982,492.10
mrt,1987,714.60
mrt,1992,918.20
mrt,1997,1160.0
mrt,2002,1463.0
mrt,2007,1818.0
mrt,2012,2202.0
mrt,2015,2442.0
mus,1962,238.10
mus,1967,305.90
mus,1972,375.90
mus,1977,396.60
mus,1982,414.50
mus,1987,442.50
mus,1992,472.70
mus,1997,497.00
mus,2002,506.60
mus,2007,502.70
mus,2012,497.90
mus,2015,497.30
mex,1962,21618
mex,1967,27312
mex,1972,34138
mex,1977,41908
mex,1982,49479
mex,1987,56669
mex,1992,64813
mex,1997,73166
mex,2002,80432
mex,2007,87331
mex,2012,94753
mex,2015,99245
fsm,1962,6.5910
fsm,1967,8.6360
fsm,1972,10.680
fsm,1977,12.270
fsm,1982,15.450
fsm,1987,20.910
fsm,1992,26.050
fsm,1997,25.920
fsm,2002,23.890
fsm,2007,23.450
fsm,2012,23.070
fsm,2015,23.420
mco,1962,23.040
mco,1967,23.300
mco,1972,24.050
mco,1977,25.810
mco,1982,27.630
mco,1987,29.170
mco,1992,29.860
mco,1997,31.240
mco,2002,32.650
mco,2007,35.010
mco,2012,37.580
mco,2015,38.320
mng,1962,401.80
mng,1967,506.60
mng,1972,630.70
mng,1977,782.70
mng,1982,947.00
mng,1987,1143.0
mng,1992,1278.0
mng,1997,1325.0
mng,2002,1449.0
mng,2007,1675.0
mng,2012,1943.0
mng,2015,2106.0
mne,2007,386.50
mne,2012,394.10
mne,2015,398.00
mar,1962,3957.0
mar,1967,4876.0
mar,1972,5926.0
mar,1977,7225.0
mar,1982,8854.0
mar,1987,10751
mar,1992,12745
mar,1997,14465
mar,2002,15825
mar,2007,17221
mar,2012,19089
mar,2015,20439
moz,1962,409.40
moz,1967,551.10
moz,1972,777.20
moz,1977,1219.0
moz,1982,1914.0
moz,1987,2784.0
moz,1992,3728.0
moz,1997,4827.0
moz,2002,5691.0
moz,2007,6732.0
moz,2012,7918.0
moz,2015,8737.0
mmr,1962,4469.0
mmr,1967,5473.0
mmr,1972,6732.0
mmr,1977,7693.0
mmr,1982,8665.0
mmr,1987,9698.0
mmr,1992,10810
mmr,1997,12152
mmr,2002,13640
mmr,2007,15180
mmr,2012,17143
mmr,2015,18469
nam,1962,118.60
nam,1967,150.40
nam,1972,189.40
nam,1977,229.90
nam,1982,270.60
nam,1987,335.20
nam,1992,428.90
nam,1997,541.90
nam,2002,661.20
nam,2007,803.10
nam,2012,986.60
nam,2015,1116.0
nru,1962,4.9500
nru,1967,6.1000
nru,1972,6.7400
nru,1977,7.2400
nru,1982,7.7200
nru,1987,8.5500
nru,1992,9.5400
nru,1997,10.060
nru,2002,10.070
nru,2007,10.080
nru,2012,10.030
nru,2015,10.120
npl,1962,356.90
npl,1967,415.40
npl,1972,506.30
npl,1977,713.10
npl,1982,996.50
npl,1987,1342.0
npl,1992,1826.0
npl,1997,2566.0
npl,2002,3438.0
npl,2007,4106.0
npl,2012,4813.0
npl,2015,5294.0
nld,1962,7065.0
nld,1967,7653.0
nld,1972,8233.0
nld,1977,8815.0
nld,1982,9327.0
nld,1987,9866.0
nld,1992,10604
nld,1997,11617
nld,2002,12692
nld,2007,13901
nld,2012,14804
nld,2015,15243
nzl,1962,1911.0
nzl,1967,2159.0
nzl,1972,2398.0
nzl,1977,2596.0
nzl,1982,2665.0
nzl,1987,2782.0
nzl,1992,2979.0
nzl,1997,3208.0
nzl,2002,3403.0
nzl,2007,3645.0
nzl,2012,3844.0
nzl,2015,3966.0
nic,1962,763.70
nic,1967,973.30
nic,1972,1225.0
nic,1977,1464.0
nic,1982,1733.0
nic,1987,2001.0
nic,1992,2293.0
nic,1997,2619.0
nic,2002,2898.0
nic,2007,3158.0
nic,2012,3466.0
nic,2015,3678.0
ner,1962,211.60
ner,1967,304.00
ner,1972,455.80
ner,1977,678.40
ner,1982,855.60
ner,1987,1064.0
ner,1992,1284.0
ner,1997,1570.0
ner,2002,1934.0
ner,2007,2416.0
ner,2012,3086.0
ner,2015,3609.0
nga,1962,7472.0
nga,1967,8934.0
nga,1972,10912
nga,1977,13914
nga,1982,18180
nga,1987,24056
nga,1992,30859
nga,1997,37894
nga,2002,47178
nga,2007,60081
nga,2012,76370
nga,2015,87680
niu,1962,1.0600
niu,1967,1.1200
niu,1972,1.0100
niu,1977,0.91000
niu,1982,0.90000
niu,1987,0.80000
niu,1992,0.69000
niu,1997,0.66000
niu,2002,0.61000
niu,2007,0.58000
niu,2012,0.56000
niu,2015,0.54000
nor,1962,1916.0
nor,1967,2300.0
nor,1972,2624.0
nor,1977,2795.0
nor,1982,2913.0
nor,1987,2993.0
nor,1992,3114.0
nor,1997,3279.0
nor,2002,3493.0
nor,2007,3693.0
nor,2012,3978.0
nor,2015,4139.0
pse,1962,515.10
pse,1967,594.60
pse,1972,665.90
pse,1977,849.10
pse,1982,1017.0
pse,1987,1238.0
pse,1992,1557.0
pse,1997,2030.0
pse,2002,2436.0
pse,2007,2738.0
pse,2012,3146.0
pse,2015,3423.0
omn,1962,107.70
omn,1967,165.70
omn,1972,255.90
omn,1977,409.60
omn,1982,662.80
omn,1987,986.00
omn,1992,1365.0
omn,1997,1560.0
omn,2002,1651.0
omn,2007,1889.0
omn,2012,2525.0
omn,2015,3228.0
pak,1962,10890
pak,1967,13115
pak,1972,15854
pak,1977,19593
pak,1982,24498
pak,1987,30215
pak,1992,36451
pak,1997,43216
pak,2002,50521
pak,2007,58099
pak,2012,67055
pak,2015,72921
plw,1962,2.9000
plw,1967,3.8000
plw,1972,4.7000
plw,1977,5.4000
plw,1982,6.8000
plw,1987,9.2000
plw,1992,11.180
plw,1997,12.820
plw,2002,14.340
plw,2007,16.140
plw,2012,17.650
plw,2015,18.540
pan,1962,512.50
pan,1967,639.80
pan,1972,778.40
pan,1977,916.40
pan,1982,1067.0
pan,1987,1232.0
pan,1992,1441.0
pan,1997,1718.0
pan,2002,1996.0
pan,2007,2243.0
pan,2012,2498.0
pan,2015,2656.0
png,1962,88.560
png,1967,151.60
png,1972,291.10
png,1977,367.00
png,1982,456.00
png,1987,556.20
png,1992,639.20
png,1997,682.20
png,2002,745.10
png,2007,836.40
png,2012,930.40
png,2015,992.50
pry,1962,719.20
pry,1967,840.40
pry,1972,975.60
pry,1977,1182.0
pry,1982,1450.0
pry,1987,1821.0
pry,1992,2244.0
pry,1997,2682.0
pry,2002,3153.0
pry,2007,3541.0
pry,2012,3942.0
pry,2015,4196.0
per,1962,5102.0
per,1967,6564.0
per,1972,8309.0
per,1977,10045
per,1982,11943
per,1987,13824
per,1992,15786
per,1997,17799
per,2002,19740
per,2007,21474
per,2012,23275
per,2015,24495
phl,1962,8653.0
phl,1967,10549
phl,1972,12899
phl,1977,15835
phl,1982,19864
phl,1987,25988
phl,1992,31504
phl,1997,35059
phl,2002,38383
phl,2007,40939
phl,2012,43334
phl,2015,45173
pol,1962,14882
pol,1967,16254
pol,1972,17677
pol,1977,19596
pol,1982,21381
pol,1987,22889
pol,1992,23527
pol,1997,23685
pol,2002,23652
pol,2007,23383
pol,2012,23189
pol,2015,23139
prt,1962,3185.0
prt,1967,3302.0
prt,1972,3486.0
prt,1977,3927.0
prt,1982,4323.0
prt,1987,4597.0
prt,1992,4891.0
prt,1997,5338.0
prt,2002,5787.0
prt,2007,6201.0
prt,2012,6549.0
prt,2015,6734.0
pri,1962,1156.0
pri,1967,1431.0
pri,1972,1676.0
pri,1977,1958.0
pri,1982,2465.0
pri,1987,3040.0
pri,1992,3345.0
pri,1997,3523.0
pri,2002,3578.0
pri,2007,3514.0
pri,2012,3462.0
pri,2015,3445.0
qat,1962,48.390
qat,1967,75.480
qat,1972,115.60
qat,1977,162.40
qat,1982,248.60
qat,1987,385.40
qat,1992,459.10
qat,1997,506.50
qat,2002,608.90
qat,2007,1130.0
qat,2012,2029.0
qat,2015,2333.0
kor,1962,7806.0
kor,1967,10354
kor,1972,14313
kor,1977,18445
kor,1982,23223
kor,1987,28513
kor,1992,33149
kor,1997,35681
kor,2002,37254
kor,2007,38834
kor,2012,40251
kor,2015,41031
mda,1992,2040.0
mda,1997,1968.0
mda,2002,1810.0
mda,2007,1657.0
mda,2012,1576.0
mda,2015,1546.0
rou,1962,6649.0
rou,1967,7572.0
rou,1972,8602.0
rou,1977,9616.0
rou,1982,10746
rou,1987,11816
rou,1992,12632
rou,1997,12146
rou,2002,11743
rou,2007,11764
rou,2012,11767
rou,2015,11774
rus,1992,109200
rus,1997,108640
rus,2002,106730
rus,2007,105660
rus,2012,105640
rus,2015,105160
rwa,1962,82.660
rwa,1967,102.70
rwa,1972,139.10
rwa,1977,203.30
rwa,1982,266.20
rwa,1987,350.40
rwa,1992,411.60
rwa,1997,806.60
rwa,2002,1508.0
rwa,2007,2093.0
rwa,2012,2967.0
rwa,2015,3581.0
kna,1962,14.730
kna,1967,15.260
kna,1972,15.290
kna,1977,15.550
kna,1982,15.230
kna,1987,14.470
kna,1992,14.180
kna,1997,14.630
kna,2002,15.220
kna,2007,16.100
kna,2012,17.060
kna,2015,17.750
lca,1962,20.200
lca,1967,23.040
lca,1972,26.000
lca,1977,29.030
lca,1982,32.820
lca,1987,37.330
lca,1992,41.680
lca,1997,42.830
lca,2002,42.180
lca,2007,35.870
lca,2012,33.370
lca,2015,34.220
vct,1962,22.340
vct,1967,25.630
vct,1972,29.300
vct,1977,33.470
vct,1982,37.770
vct,1987,42.060
vct,1992,45.690
vct,1997,47.630
vct,2002,49.650
vct,2007,52.030
vct,2012,54.130
vct,2015,55.290
wsm,1962,22.070
wsm,1967,26.290
wsm,1972,30.570
wsm,1977,32.350
wsm,1982,33.370
wsm,1987,34.130
wsm,1992,35.200
wsm,1997,37.380
wsm,2002,38.750
wsm,2007,37.820
wsm,2012,37.090
wsm,2015,36.900
smr,1962,8.2800
smr,1967,10.310
smr,1972,12.550
smr,1977,15.360
smr,1982,18.560
smr,1987,21.070
smr,1992,22.390
smr,1997,24.140
smr,2002,26.360
smr,2007,28.570
smr,2012,29.410
smr,2015,29.950
stp,1962,11.580
stp,1967,16.780
stp,1972,23.700
stp,1977,28.290
stp,1982,34.410
stp,1987,43.970
stp,1992,56.260
stp,1997,67.750
stp,2002,79.920
stp,2007,97.470
stp,2012,119.00
stp,2015,132.00
sau,1962,1457.0
sau,1967,2206.0
sau,1972,3343.0
sau,1977,5059.0
sau,1982,7673.0
sau,1987,10837
sau,1992,13440
sau,1997,15086
sau,2002,17527
sau,2007,21102
sau,2012,23340
sau,2015,24854
sen,1962,815.70
sen,1967,1073.0
sen,1972,1411.0
sen,1977,1792.0
sen,1982,2148.0
sen,1987,2620.0
sen,1992,3131.0
sen,1997,3657.0
sen,2002,4222.0
sen,2007,4943.0
sen,2012,5872.0
sen,2015,6544.0
srb,2007,5409.0
srb,2012,5283.0
srb,2015,5235.0
syc,1962,12.870
syc,1967,17.270
syc,1972,22.950
syc,1977,30.590
syc,1982,33.280
syc,1987,34.010
syc,1992,35.260
syc,1997,38.370
syc,2002,41.680
syc,2007,45.920
syc,2012,48.860
syc,2015,50.520
sle,1962,409.90
sle,1967,521.80
sle,1972,673.20
sle,1977,844.50
sle,1982,1022.0
sle,1987,1237.0
sle,1992,1360.0
sle,1997,1371.0
sle,2002,1622.0
sle,2007,2024.0
sle,2012,2325.0
sle,2015,2524.0
sgp,1962,1742.0
sgp,1967,1961.0
sgp,1972,2153.0
sgp,1977,2318.0
sgp,1982,2520.0
sgp,1987,2823.0
sgp,1992,3193.0
sgp,1997,3653.0
sgp,2002,4136.0
sgp,2007,4732.0
sgp,2012,5303.0
sgp,2015,5619.0
svk,1997,3035.0
svk,2002,3018.0
svk,2007,2987.0
svk,2012,2950.0
svk,2015,2925.0
svn,1992,1012.0
svn,1997,1008.0
svn,2002,1010.0
svn,2007,1016.0
svn,2012,1031.0
svn,2015,1032.0
slb,1962,7.9100
slb,1967,11.520
slb,1972,15.530
slb,1977,19.930
slb,1982,27.820
slb,1987,37.610
slb,1992,46.410
slb,1997,57.270
slb,2002,72.180
slb,2007,92.000
slb,2012,115.20
slb,2015,130.50
som,1962,528.20
som,1967,678.40
som,1972,831.90
som,1977,1236.0
som,1982,1711.0
som,1987,1757.0
som,1992,1911.0
som,1997,2145.0
som,2002,2660.0
som,2007,3206.0
som,2012,3890.0
som,2015,4399.0
zaf,1962,8594.0
zaf,1967,9896.0
zaf,1972,11377
zaf,1977,13027
zaf,1982,14925
zaf,1987,17382
zaf,1992,20499
zaf,1997,23791
zaf,2002,26742
zaf,2007,30067
zaf,2012,33145
zaf,2015,34663
ssd,2012,1972.0
ssd,2015,2285.0
esp,1962,18118
esp,1967,20719
esp,1972,23339
esp,1977,25873
esp,1982,27922
esp,1987,28874
esp,1992,29548
esp,1997,30106
esp,2002,31644
esp,2007,34722
esp,2012,36890
esp,2015,37561
lka,1962,1736.0
lka,1967,2141.0
lka,1972,2589.0
lka,1977,2740.0
lka,1982,2893.0
lka,1987,3096.0
lka,1992,3288.0
lka,1997,3414.0
lka,2002,3548.0
lka,2007,3727.0
lka,2012,3860.0
lka,2015,3967.0
sdn,2012,12391
sdn,2015,13391
sur,1962,145.10
sur,1967,163.90
sur,1972,174.20
sur,1977,211.90
sur,1982,239.50
sur,1987,253.30
sur,1992,275.70
sur,1997,296.50
sur,2002,319.70
sur,2007,339.70
sur,2012,353.90
sur,2015,362.20
swz,1962,17.550
swz,1967,31.810
swz,1972,53.200
swz,1977,86.660
swz,1982,123.80
swz,1987,175.20
swz,1992,208.50
swz,1997,232.40
swz,2002,242.70
swz,2007,247.20
swz,2012,263.10
swz,2015,273.90
swe,1962,5627.0
swe,1967,6196.0
swe,1972,6650.0
swe,1977,6834.0
swe,1982,6917.0
swe,1987,6992.0
swe,1992,7234.0
swe,1997,7437.0
swe,2002,7497.0
swe,2007,7748.0
swe,2012,8119.0
swe,2015,8319.0
che,1962,2879.0
che,1967,3324.0
che,1972,3608.0
che,1977,3631.0
che,1982,3801.0
che,1987,4476.0
che,1992,5024.0
che,1997,5210.0
che,2002,5312.0
che,2007,5564.0
che,2012,5897.0
che,2015,6089.0
syr,1962,1863.0
syr,1967,2384.0
syr,1972,3010.0
syr,1977,3698.0
syr,1982,4544.0
syr,1987,5495.0
syr,1992,6508.0
syr,1997,7712.0
syr,2002,8953.0
syr,2007,10667
syr,2012,12359
syr,2015,12837
tjk,1992,1686.0
tjk,1997,1651.0
tjk,2002,1693.0
tjk,2007,1882.0
tjk,2012,2128.0
tjk,2015,2306.0
tha,1962,5780.0
tha,1967,6905.0
tha,1972,8595.0
tha,1977,11093
tha,1982,13448
tha,1987,15457
tha,1992,17162
tha,1997,18436
tha,2002,21550
tha,2007,26499
tha,2012,31177
tha,2015,33952
mkd,1992,1171.0
mkd,1997,1179.0
mkd,2002,1206.0
mkd,2007,1200.0
mkd,2012,1199.0
mkd,2015,1204.0
tls,1962,54.420
tls,1967,67.910
tls,1972,86.380
tls,1977,96.890
tls,1982,103.20
tls,1987,135.20
tls,1992,173.40
tls,1997,200.30
tls,2002,224.60
tls,2007,285.50
tls,2012,343.50
tls,2015,384.30
tgo,1962,191.00
tgo,1967,322.40
tgo,1972,492.90
tgo,1977,594.60
tgo,1982,740.20
tgo,1987,950.20
tgo,1992,1173.0
tgo,1997,1422.0
tgo,2002,1732.0
tgo,2007,2107.0
tgo,2012,2557.0
tgo,2015,2866.0
tkl,1962,0.0000
tkl,1967,0.0000
tkl,1972,0.0000
tkl,1977,0.0000
tkl,1982,0.0000
tkl,1987,0.0000
tkl,1992,0.0000
tkl,1997,0.0000
tkl,2002,0.0000
tkl,2007,0.0000
tkl,2012,0.0000
tkl,2015,0.0000
ton,1962,12.130
ton,1967,15.890
ton,1972,17.480
ton,1977,18.520
ton,1982,20.230
ton,1987,21.340
ton,1992,21.730
ton,1997,22.140
ton,2002,22.860
ton,2007,23.760
ton,2012,24.660
ton,2015,25.220
tto,1962,141.60
tto,1967,122.90
tto,1972,113.10
tto,1977,116.20
tto,1982,115.90
tto,1987,109.10
tto,1992,110.80
tto,1997,127.20
tto,2002,133.10
tto,2007,125.40
tto,2012,117.60
tto,2015,113.70
tun,1962,1580.0
tun,1967,1910.0
tun,1972,2348.0
tun,1977,2848.0
tun,1982,3440.0
tun,1987,4199.0
tun,1992,5062.0
tun,1997,5751.0
tun,2002,6259.0
tun,2007,6723.0
tun,2012,7207.0
tun,2015,7510.0
tur,1962,9424.0
tur,1967,11603
tur,1972,14444
tur,1977,17437
tur,1982,21618
tur,1987,28276
tur,1992,33778
tur,1997,38143
tur,2002,42884
tur,2007,47935
tur,2012,53155
tur,2015,56288
tkm,1992,1743.0
tkm,1997,1962.0
tkm,2002,2133.0
tkm,2007,2310.0
tkm,2012,2536.0
tkm,2015,2689.0
tuv,1962,1.0900
tuv,1967,1.4100
tuv,1972,1.7500
tuv,1977,2.1400
tuv,1982,2.6100
tuv,1987,3.2400
tuv,1992,3.8900
tuv,1997,4.1600
tuv,2002,4.4600
tuv,2007,5.0500
tuv,2012,5.6000
tuv,2015,5.9200
uga,1962,349.40
uga,1967,516.10
uga,1972,680.40
uga,1977,825.50
uga,1982,1085.0
uga,1987,1555.0
uga,1992,2145.0
uga,1997,2612.0
uga,2002,3179.0
uga,2007,4179.0
uga,2012,5494.0
uga,2015,6463.0
ukr,1992,34519
ukr,1997,33797
ukr,2002,32431
ukr,2007,31793
ukr,2012,31448
ukr,2015,31116
are,1962,81.850
are,1967,132.70
are,1972,257.30
are,1977,579.70
are,1982,930.00
are,1987,1204.0
are,1992,1585.0
are,1997,2060.0
are,2002,2614.0
are,2007,4813.0
are,2012,7796.0
are,2015,8192.0
gbr,1962,41673
gbr,1967,42612
gbr,1972,43202
gbr,1977,43909
gbr,1982,44250
gbr,1987,44433
gbr,1992,44965
gbr,1997,45786
gbr,2002,46979
gbr,2007,49068
gbr,2012,51378
gbr,2015,52730
tza,1962,592.60
tza,1967,790.60
tza,1972,1312.0
tza,1977,2174.0
tza,1982,3066.0
tza,1987,4116.0
tza,1992,5321.0
tza,1997,6708.0
tza,2002,8251.0
tza,2007,10741
tza,2012,14093
tza,2015,16528
usa,1962,135910
usa,1967,148160
usa,1972,157300
usa,1977,164720
usa,1982,173810
usa,1987,184610
usa,1992,197590
usa,1997,214220
usa,2002,230500
usa,2007,243850
usa,2012,257520
usa,2015,265360
ury,1962,2101.0
ury,1967,2248.0
ury,1972,2336.0
ury,1977,2406.0
ury,1982,2545.0
ury,1987,2682.0
ury,1992,2827.0
ury,1997,2981.0
ury,2002,3080.0
ury,2007,3131.0
ury,2012,3219.0
ury,2015,3269.0
uzb,1992,8502.0
uzb,1997,9000.0
uzb,2002,9406.0
uzb,2007,9708.0
uzb,2012,10327
uzb,2015,10804
vut,1962,7.3000
vut,1967,9.2000
vut,1972,11.570
vut,1977,14.710
vut,1982,18.830
vut,1987,23.920
vut,1992,29.940
vut,1997,36.340
vut,2002,43.130
vut,2007,52.110
vut,2012,62.310
vut,2015,68.950
ven,1962,5225.0
ven,1967,6707.0
ven,1972,8445.0
ven,1977,10551
ven,1982,12853
ven,1987,15151
ven,1992,17608
ven,1997,20018
ven,2002,22405
ven,2007,24516
ven,2012,26615
ven,2015,27848
vnm,1962,5372.0
vnm,1967,6931.0
vnm,1972,8497.0
vnm,1977,9750.0
vnm,1982,11137
vnm,1987,12703
vnm,1992,15099
vnm,1997,17966
vnm,2002,21058
vnm,2007,24671
vnm,2012,28753
vnm,2015,31372
yem,1962,518.70
yem,1967,687.70
yem,1972,874.40
yem,1977,1099.0
yem,1982,1476.0
yem,1987,2012.0
yem,1992,2877.0
yem,1997,3981.0
yem,2002,5067.0
yem,2007,6364.0
yem,2012,7841.0
yem,2015,8837.0
zmb,1962,646.80
zmb,1967,1000.0
zmb,1972,1441.0
zmb,1977,1955.0
zmb,1982,2482.0
zmb,1987,2865.0
zmb,1992,3169.0
zmb,1997,3372.0
zmb,2002,3758.0
zmb,2007,4535.0
zmb,2012,5572.0
zmb,2015,6351.0
zwe,1962,524.10
zwe,1967,742.10
zwe,1972,1023.0
zwe,1977,1372.0
zwe,1982,1845.0
zwe,1987,2554.0
zwe,1992,3349.0
zwe,1997,3919.0
zwe,2002,4372.0
zwe,2007,4299.0
zwe,2012,4506.0
zwe,2015,4871.0
