area,year,harvested_irrigated_temporary_crop_area_sorghum
argentina,2008,108.00
argentina,2009,108.00
argentina,2010,108.00
argentina,2011,108.00
argentina,2012,108.00
argentina,2013,108.00
argentina,2014,108.00
argentina,2015,108.00
argentina,2016,108.00
argentina,2017,108.00
argentina,2018,108.00
argentina,2019,108.00
argentina,2020,108.00
argentina,2021,108.00
argentina,2022,108.00
bangladesh,2008,0.10000
bangladesh,2009,0.10000
bangladesh,2010,0.10000
bangladesh,2011,0.10000
bangladesh,2012,0.10000
bangladesh,2013,0.10000
bangladesh,2014,0.10000
bangladesh,2015,0.10000
bangladesh,2016,0.10000
bangladesh,2017,0.10000
bangladesh,2018,0.10000
bangladesh,2019,0.10000
bangladesh,2020,0.10000
bangladesh,2021,0.10000
bangladesh,2022,0.10000
bolivia_plurinational_state_of,2008,1.3020
bolivia_plurinational_state_of,2009,1.3020
bolivia_plurinational_state_of,2010,1.3020
bolivia_plurinational_state_of,2011,1.3020
bolivia_plurinational_state_of,2012,1.3020
bolivia_plurinational_state_of,2013,1.3020
bolivia_plurinational_state_of,2014,1.3020
bolivia_plurinational_state_of,2015,1.3020
bolivia_plurinational_state_of,2016,1.3020
bolivia_plurinational_state_of,2017,1.3020
bolivia_plurinational_state_of,2018,1.3020
bolivia_plurinational_state_of,2019,1.3020
bolivia_plurinational_state_of,2020,1.3020
bolivia_plurinational_state_of,2021,1.3020
bolivia_plurinational_state_of,2022,1.3020
burkina_faso,1992,4.0000
burkina_faso,1993,4.0000
burkina_faso,1994,4.0000
burkina_faso,1995,4.0000
burkina_faso,1996,4.0000
burkina_faso,1997,4.0000
burkina_faso,1998,4.0000
burkina_faso,1999,4.0000
burkina_faso,2000,4.0000
burkina_faso,2001,4.0000
burkina_faso,2002,4.0000
burkina_faso,2003,4.0000
burkina_faso,2004,4.0000
burkina_faso,2005,4.0000
burkina_faso,2006,4.0000
burkina_faso,2007,4.0000
burkina_faso,2008,4.0000
burkina_faso,2009,4.0000
burkina_faso,2010,4.0000
burkina_faso,2011,4.0000
burkina_faso,2012,4.0000
burkina_faso,2013,4.0000
burkina_faso,2014,4.0000
burkina_faso,2015,4.0000
burkina_faso,2016,4.0000
burkina_faso,2017,4.0000
burkina_faso,2018,4.0000
burkina_faso,2019,4.0000
burkina_faso,2020,4.0000
burkina_faso,2021,4.0000
burkina_faso,2022,4.0000
colombia,1994,11.860
colombia,1995,11.860
colombia,1996,11.860
colombia,1997,11.860
colombia,1998,11.860
colombia,1999,11.860
colombia,2000,11.860
colombia,2001,11.860
colombia,2002,11.860
colombia,2003,11.860
colombia,2004,11.860
colombia,2005,11.860
colombia,2006,11.860
colombia,2007,11.860
colombia,2008,11.860
colombia,2009,11.860
colombia,2010,11.860
colombia,2011,11.860
colombia,2012,11.860
colombia,2013,11.860
colombia,2014,11.860
colombia,2015,11.860
colombia,2016,11.860
colombia,2017,11.860
colombia,2018,11.860
colombia,2019,11.860
colombia,2020,11.860
colombia,2021,11.860
colombia,2022,11.860
dominican_republic,2004,2.2000
dominican_republic,2005,2.2000
dominican_republic,2006,2.2000
dominican_republic,2007,2.2000
dominican_republic,2008,2.2000
dominican_republic,2009,2.2000
dominican_republic,2010,2.2000
dominican_republic,2011,2.2000
dominican_republic,2012,2.2000
dominican_republic,2013,2.2000
dominican_republic,2014,2.2000
dominican_republic,2015,2.2000
dominican_republic,2016,2.2000
dominican_republic,2017,2.2000
dominican_republic,2018,2.2000
dominican_republic,2019,2.2000
dominican_republic,2020,2.2000
dominican_republic,2021,2.2000
dominican_republic,2022,2.2000
egypt,2002,156.20
egypt,2003,156.20
egypt,2004,156.20
egypt,2005,156.20
egypt,2006,156.20
egypt,2007,156.20
egypt,2008,156.20
egypt,2009,156.20
egypt,2010,156.20
egypt,2011,156.20
egypt,2012,156.20
egypt,2013,156.20
egypt,2014,156.20
egypt,2015,156.20
egypt,2016,156.20
egypt,2017,156.20
egypt,2018,156.20
egypt,2019,156.20
egypt,2020,156.20
egypt,2021,156.20
egypt,2022,156.20
el_salvador,2012,0.80000
el_salvador,2013,0.80000
el_salvador,2014,0.80000
el_salvador,2015,0.80000
el_salvador,2016,0.80000
el_salvador,2017,0.80000
el_salvador,2018,0.80000
el_salvador,2019,0.80000
el_salvador,2020,0.80000
el_salvador,2021,0.80000
el_salvador,2022,0.80000
ethiopia,2002,17.370
ethiopia,2003,17.370
ethiopia,2004,17.370
ethiopia,2005,17.370
ethiopia,2006,17.370
ethiopia,2007,17.370
ethiopia,2008,17.370
ethiopia,2009,17.370
ethiopia,2010,17.370
ethiopia,2011,17.370
ethiopia,2012,17.370
ethiopia,2013,17.370
ethiopia,2014,17.370
ethiopia,2015,17.370
ethiopia,2016,17.370
ethiopia,2017,17.370
ethiopia,2018,17.370
ethiopia,2019,17.370
ethiopia,2020,17.370
ethiopia,2021,17.370
ethiopia,2022,17.370
honduras,2011,0.70000
honduras,2012,0.70000
honduras,2013,0.70000
honduras,2014,0.70000
honduras,2015,0.70000
honduras,2016,0.70000
honduras,2017,0.70000
honduras,2018,0.70000
honduras,2019,0.70000
honduras,2020,0.70000
honduras,2021,0.70000
honduras,2022,0.70000
india,2004,699.00
india,2005,689.00
india,2006,679.00
india,2007,669.00
india,2008,659.00
india,2009,649.00
india,2010,639.00
india,2011,629.00
india,2012,619.00
india,2013,609.00
india,2014,609.00
india,2015,609.00
india,2016,609.00
india,2017,609.00
india,2018,609.00
india,2019,609.00
india,2020,609.00
india,2021,609.00
india,2022,609.00
iraq,2010,17.100
iraq,2011,17.100
iraq,2012,17.100
iraq,2013,17.100
iraq,2014,17.100
iraq,2015,17.100
iraq,2016,17.100
iraq,2017,17.100
iraq,2018,17.100
iraq,2019,17.100
iraq,2020,17.100
iraq,2021,17.100
iraq,2022,17.100
kyrgyzstan,2005,0.0040000
kyrgyzstan,2006,0.0040000
kyrgyzstan,2007,0.0040000
kyrgyzstan,2008,0.0040000
kyrgyzstan,2009,0.0040000
kyrgyzstan,2010,0.0040000
kyrgyzstan,2011,0.0040000
kyrgyzstan,2012,0.0040000
kyrgyzstan,2013,0.0040000
kyrgyzstan,2014,0.0040000
kyrgyzstan,2015,0.0040000
kyrgyzstan,2016,0.0040000
kyrgyzstan,2017,0.0040000
kyrgyzstan,2018,0.0040000
kyrgyzstan,2019,0.0040000
kyrgyzstan,2020,0.0040000
kyrgyzstan,2021,0.0040000
kyrgyzstan,2022,0.0040000
mali,2000,6.2730
mali,2001,5.8395
mali,2002,5.4061
mali,2003,4.9726
mali,2004,4.5392
mali,2005,4.1057
mali,2006,3.6723
mali,2007,3.2388
mali,2008,2.8054
mali,2009,2.3719
mali,2010,1.9385
mali,2011,1.5050
mali,2012,1.5050
mali,2013,1.5050
mali,2014,1.5050
mali,2015,1.5050
mali,2016,1.5050
mali,2017,1.5050
mali,2018,1.5050
mali,2019,1.5050
mali,2020,1.5050
mali,2021,1.5050
mali,2022,1.5050
mauritania,2004,0.67800
mauritania,2005,0.67800
mauritania,2006,0.67800
mauritania,2007,0.67800
mauritania,2008,0.67800
mauritania,2009,0.67800
mauritania,2010,0.67800
mauritania,2011,0.67800
mauritania,2012,0.67800
mauritania,2013,0.67800
mauritania,2014,0.67800
mauritania,2015,0.67800
mauritania,2016,0.67800
mauritania,2017,0.67800
mauritania,2018,0.67800
mauritania,2019,0.67800
mauritania,2020,0.67800
mauritania,2021,0.67800
mauritania,2022,0.67800
mexico,1995,319.90
mexico,1996,353.07
mexico,1997,386.25
mexico,1998,419.43
mexico,1999,452.60
mexico,2000,485.77
mexico,2001,518.95
mexico,2002,552.13
mexico,2003,585.30
mexico,2004,618.48
mexico,2005,651.65
mexico,2006,684.83
mexico,2007,718.00
mexico,2008,718.00
mexico,2009,718.00
mexico,2010,718.00
mexico,2011,718.00
mexico,2012,718.00
mexico,2013,718.00
mexico,2014,718.00
mexico,2015,718.00
mexico,2016,718.00
mexico,2017,718.00
mexico,2018,718.00
mexico,2019,718.00
mexico,2020,718.00
mexico,2021,718.00
mexico,2022,718.00
nicaragua,2011,0.25800
nicaragua,2012,0.25800
nicaragua,2013,0.25800
nicaragua,2014,0.25800
nicaragua,2015,0.25800
nicaragua,2016,0.25800
nicaragua,2017,0.25800
nicaragua,2018,0.25800
nicaragua,2019,0.25800
nicaragua,2020,0.25800
nicaragua,2021,0.25800
nicaragua,2022,0.25800
niger,2011,1.5430
niger,2012,1.5430
niger,2013,1.5430
niger,2014,1.5430
niger,2015,1.5430
niger,2016,1.5430
niger,2017,1.5430
niger,2018,1.5430
niger,2019,1.5430
niger,2020,1.5430
niger,2021,1.5430
niger,2022,1.5430
oman,2004,2.0500
oman,2005,2.1487
oman,2006,2.2473
oman,2007,2.3460
oman,2008,2.3460
oman,2009,2.3460
oman,2010,2.3460
oman,2011,2.3460
oman,2012,2.3460
oman,2013,2.3460
oman,2014,2.3460
oman,2015,2.3460
oman,2016,2.3460
oman,2017,2.3460
oman,2018,2.3460
oman,2019,2.3460
oman,2020,2.3460
oman,2021,2.3460
oman,2022,2.3460
pakistan,2008,253.30
pakistan,2009,253.30
pakistan,2010,253.30
pakistan,2011,253.30
pakistan,2012,253.30
pakistan,2013,253.30
pakistan,2014,253.30
pakistan,2015,253.30
pakistan,2016,253.30
pakistan,2017,253.30
pakistan,2018,253.30
pakistan,2019,253.30
pakistan,2020,253.30
pakistan,2021,253.30
pakistan,2022,253.30
panama,2000,0.042000
panama,2001,0.042000
panama,2002,0.042000
panama,2003,0.042000
panama,2004,0.042000
panama,2005,0.042000
panama,2006,0.042000
panama,2007,0.042000
panama,2008,0.042000
panama,2009,0.042000
panama,2010,0.042000
panama,2011,0.042000
panama,2012,0.042000
panama,2013,0.042000
panama,2014,0.042000
panama,2015,0.042000
panama,2016,0.042000
panama,2017,0.042000
panama,2018,0.042000
panama,2019,0.042000
panama,2020,0.042000
panama,2021,0.042000
panama,2022,0.042000
saudi_arabia,2006,143.70
saudi_arabia,2007,143.70
saudi_arabia,2008,143.70
saudi_arabia,2009,143.70
saudi_arabia,2010,143.70
saudi_arabia,2011,143.70
saudi_arabia,2012,143.70
saudi_arabia,2013,143.70
saudi_arabia,2014,143.70
saudi_arabia,2015,143.70
saudi_arabia,2016,143.70
saudi_arabia,2017,143.70
saudi_arabia,2018,143.70
saudi_arabia,2019,143.70
saudi_arabia,2020,143.70
saudi_arabia,2021,143.70
saudi_arabia,2022,143.70
somalia,2003,13.700
somalia,2004,13.700
somalia,2005,13.700
somalia,2006,13.700
somalia,2007,13.700
somalia,2008,13.700
somalia,2009,13.700
somalia,2010,13.700
somalia,2011,13.700
somalia,2012,13.700
somalia,2013,13.700
somalia,2014,13.700
somalia,2015,13.700
somalia,2016,13.700
somalia,2017,13.700
somalia,2018,13.700
somalia,2019,13.700
somalia,2020,13.700
somalia,2021,13.700
somalia,2022,13.700
south_africa,2000,4.3000
south_africa,2001,4.3000
south_africa,2002,4.3000
south_africa,2003,4.3000
south_africa,2004,4.3000
south_africa,2005,4.3000
south_africa,2006,4.3000
south_africa,2007,4.3000
south_africa,2008,4.3000
south_africa,2009,4.3000
south_africa,2010,4.3000
south_africa,2011,4.3000
south_africa,2012,4.3000
south_africa,2013,4.3000
south_africa,2014,4.3000
south_africa,2015,4.3000
south_africa,2016,4.3000
south_africa,2017,4.3000
south_africa,2018,4.3000
south_africa,2019,4.3000
south_africa,2020,4.3000
south_africa,2021,4.3000
south_africa,2022,4.3000
south_sudan,2012,12.600
south_sudan,2013,12.600
south_sudan,2014,12.600
south_sudan,2015,12.600
south_sudan,2016,12.600
south_sudan,2017,12.600
south_sudan,2018,12.600
south_sudan,2019,12.600
south_sudan,2020,12.600
south_sudan,2021,12.600
south_sudan,2022,12.600
sudan,2012,678.70
sudan,2013,678.70
sudan,2014,678.70
sudan,2015,678.70
sudan,2016,678.70
sudan,2017,678.70
sudan,2018,678.70
sudan,2019,678.70
sudan,2020,678.70
sudan,2021,678.70
sudan,2022,678.70
united_states_of_america,2008,420.50
united_states_of_america,2009,420.50
united_states_of_america,2010,420.50
united_states_of_america,2011,420.50
united_states_of_america,2012,420.50
united_states_of_america,2013,420.50
united_states_of_america,2014,420.50
united_states_of_america,2015,420.50
united_states_of_america,2016,420.50
united_states_of_america,2017,420.50
united_states_of_america,2018,420.50
united_states_of_america,2019,420.50
united_states_of_america,2020,420.50
united_states_of_america,2021,420.50
united_states_of_america,2022,420.50
uruguay,2009,2.2000
uruguay,2010,2.2000
uruguay,2011,2.2000
uruguay,2012,2.2000
uruguay,2013,2.2000
uruguay,2014,2.2000
uruguay,2015,2.2000
uruguay,2016,2.2000
uruguay,2017,2.2000
uruguay,2018,2.2000
uruguay,2019,2.2000
uruguay,2020,2.2000
uruguay,2021,2.2000
uruguay,2022,2.2000
venezuela_bolivarian_republic_of,2008,12.750
venezuela_bolivarian_republic_of,2009,12.750
venezuela_bolivarian_republic_of,2010,12.750
venezuela_bolivarian_republic_of,2011,12.750
venezuela_bolivarian_republic_of,2012,12.750
venezuela_bolivarian_republic_of,2013,12.750
venezuela_bolivarian_republic_of,2014,12.750
venezuela_bolivarian_republic_of,2015,12.750
venezuela_bolivarian_republic_of,2016,12.750
venezuela_bolivarian_republic_of,2017,12.750
venezuela_bolivarian_republic_of,2018,12.750
venezuela_bolivarian_republic_of,2019,12.750
venezuela_bolivarian_republic_of,2020,12.750
venezuela_bolivarian_republic_of,2021,12.750
venezuela_bolivarian_republic_of,2022,12.750
yemen,2004,42.890
yemen,2005,42.890
yemen,2006,42.890
yemen,2007,42.890
yemen,2008,42.890
yemen,2009,42.890
yemen,2010,42.890
yemen,2011,42.890
yemen,2012,42.890
yemen,2013,42.890
yemen,2014,42.890
yemen,2015,42.890
yemen,2016,42.890
yemen,2017,42.890
yemen,2018,42.890
yemen,2019,42.890
yemen,2020,42.890
yemen,2021,42.890
yemen,2022,42.890
zimbabwe,1999,0.50000
zimbabwe,2000,0.50000
zimbabwe,2001,0.50000
zimbabwe,2002,0.50000
zimbabwe,2003,0.50000
zimbabwe,2004,0.50000
zimbabwe,2005,0.50000
zimbabwe,2006,0.50000
zimbabwe,2007,0.50000
zimbabwe,2008,0.50000
zimbabwe,2009,0.50000
zimbabwe,2010,0.50000
zimbabwe,2011,0.50000
zimbabwe,2012,0.50000
zimbabwe,2013,0.50000
zimbabwe,2014,0.50000
zimbabwe,2015,0.50000
zimbabwe,2016,0.50000
zimbabwe,2017,0.50000
zimbabwe,2018,0.50000
zimbabwe,2019,0.50000
zimbabwe,2020,0.50000
zimbabwe,2021,0.50000
zimbabwe,2022,0.50000
