area,year,water_resources_total_external_renewable
afg,1962,18.18
afg,1967,18.18
afg,1972,18.18
afg,1977,18.18
afg,1982,18.18
afg,1987,18.18
afg,1992,18.18
afg,1997,18.18
afg,2002,18.18
afg,2007,18.18
afg,2012,18.18
afg,2017,18.18
afg,2018,18.18
alb,1962,3.3
alb,1967,3.3
alb,1972,3.3
alb,1977,3.3
alb,1982,3.3
alb,1987,3.3
alb,1992,3.3
alb,1997,3.3
alb,2002,3.3
alb,2007,3.3
alb,2012,3.3
alb,2017,3.3
alb,2018,3.3
dza,1962,0.42
dza,1967,0.42
dza,1972,0.42
dza,1977,0.42
dza,1982,0.42
dza,1987,0.42
dza,1992,0.42
dza,1997,0.42
dza,2002,0.42
dza,2007,0.42
dza,2012,0.42
dza,2017,0.42
dza,2018,0.42
ago,1962,0.4
ago,1967,0.4
ago,1972,0.4
ago,1977,0.4
ago,1982,0.4
ago,1987,0.4
ago,1992,0.4
ago,1997,0.4
ago,2002,0.4
ago,2007,0.4
ago,2012,0.4
ago,2017,0.4
ago,2018,0.4
atg,1962,0.0
atg,1967,0.0
atg,1972,0.0
atg,1977,0.0
atg,1982,0.0
atg,1987,0.0
atg,1992,0.0
atg,1997,0.0
atg,2002,0.0
atg,2007,0.0
atg,2012,0.0
atg,2017,0.0
atg,2018,0.0
arg,1962,584.24
arg,1967,584.24
arg,1972,584.24
arg,1977,584.24
arg,1982,584.24
arg,1987,584.24
arg,1992,584.24
arg,1997,584.24
arg,2002,584.24
arg,2007,584.24
arg,2012,584.24
arg,2017,584.24
arg,2018,584.24
arm,1992,0.91
arm,1997,0.91
arm,2002,0.91
arm,2007,0.91
arm,2012,0.91
arm,2017,0.91
arm,2018,0.91
aus,1962,0.0
aus,1967,0.0
aus,1972,0.0
aus,1977,0.0
aus,1982,0.0
aus,1987,0.0
aus,1992,0.0
aus,1997,0.0
aus,2002,0.0
aus,2007,0.0
aus,2012,0.0
aus,2017,0.0
aus,2018,0.0
aut,1962,22.7
aut,1967,22.7
aut,1972,22.7
aut,1977,22.7
aut,1982,22.7
aut,1987,22.7
aut,1992,22.7
aut,1997,22.7
aut,2002,22.7
aut,2007,22.7
aut,2012,22.7
aut,2017,22.7
aut,2018,22.7
aze,1992,26.56
aze,1997,26.56
aze,2002,26.56
aze,2007,26.56
aze,2012,26.56
aze,2017,26.56
aze,2018,26.56
bhs,1962,0.0
bhs,1967,0.0
bhs,1972,0.0
bhs,1977,0.0
bhs,1982,0.0
bhs,1987,0.0
bhs,1992,0.0
bhs,1997,0.0
bhs,2002,0.0
bhs,2007,0.0
bhs,2012,0.0
bhs,2017,0.0
bhs,2018,0.0
bhr,1962,0.112
bhr,1967,0.112
bhr,1972,0.112
bhr,1977,0.112
bhr,1982,0.112
bhr,1987,0.112
bhr,1992,0.112
bhr,1997,0.112
bhr,2002,0.112
bhr,2007,0.112
bhr,2012,0.112
bhr,2017,0.112
bhr,2018,0.112
bgd,1962,1122.032
bgd,1967,1122.032
bgd,1972,1122.032
bgd,1977,1122.032
bgd,1982,1122.032
bgd,1987,1122.032
bgd,1992,1122.032
bgd,1997,1122.032
bgd,2002,1122.032
bgd,2007,1122.032
bgd,2012,1122.032
bgd,2017,1122.032
bgd,2018,1122.032
brb,1962,0.0
brb,1967,0.0
brb,1972,0.0
brb,1977,0.0
brb,1982,0.0
brb,1987,0.0
brb,1992,0.0
brb,1997,0.0
brb,2002,0.0
brb,2007,0.0
brb,2012,0.0
brb,2017,0.0
brb,2018,0.0
blr,1992,23.9
blr,1997,23.9
blr,2002,23.9
blr,2007,23.9
blr,2012,23.9
blr,2017,23.9
blr,2018,23.9
bel,1962,6.3
bel,1967,6.3
bel,1972,6.3
bel,1977,6.3
bel,1982,6.3
bel,1987,6.3
bel,1992,6.3
bel,1997,6.3
bel,2002,6.3
bel,2007,6.3
bel,2012,6.3
bel,2017,6.3
bel,2018,6.3
blz,1962,6.474
blz,1967,6.474
blz,1972,6.474
blz,1977,6.474
blz,1982,6.474
blz,1987,6.474
blz,1992,6.474
blz,1997,6.474
blz,2002,6.474
blz,2007,6.474
blz,2012,6.474
blz,2017,6.474
blz,2018,6.474
ben,1962,16.09
ben,1967,16.09
ben,1972,16.09
ben,1977,16.09
ben,1982,16.09
ben,1987,16.09
ben,1992,16.09
ben,1997,16.09
ben,2002,16.09
ben,2007,16.09
ben,2012,16.09
ben,2017,16.09
ben,2018,16.09
btn,1962,0.0
btn,1967,0.0
btn,1972,0.0
btn,1977,0.0
btn,1982,0.0
btn,1987,0.0
btn,1992,0.0
btn,1997,0.0
btn,2002,0.0
btn,2007,0.0
btn,2012,0.0
btn,2017,0.0
btn,2018,0.0
bol,1962,270.5
bol,1967,270.5
bol,1972,270.5
bol,1977,270.5
bol,1982,270.5
bol,1987,270.5
bol,1992,270.5
bol,1997,270.5
bol,2002,270.5
bol,2007,270.5
bol,2012,270.5
bol,2017,270.5
bol,2018,270.5
bih,1992,2.0
bih,1997,2.0
bih,2002,2.0
bih,2007,2.0
bih,2012,2.0
bih,2017,2.0
bih,2018,2.0
bwa,1962,9.84
bwa,1967,9.84
bwa,1972,9.84
bwa,1977,9.84
bwa,1982,9.84
bwa,1987,9.84
bwa,1992,9.84
bwa,1997,9.84
bwa,2002,9.84
bwa,2007,9.84
bwa,2012,9.84
bwa,2017,9.84
bwa,2018,9.84
bra,1962,2986.0
bra,1967,2986.0
bra,1972,2986.0
bra,1977,2986.0
bra,1982,2986.0
bra,1987,2986.0
bra,1992,2986.0
bra,1997,2986.0
bra,2002,2986.0
bra,2007,2986.0
bra,2012,2986.0
bra,2017,2986.0
bra,2018,2986.0
brn,1962,0.0
brn,1967,0.0
brn,1972,0.0
brn,1977,0.0
brn,1982,0.0
brn,1987,0.0
brn,1992,0.0
brn,1997,0.0
brn,2002,0.0
brn,2007,0.0
brn,2012,0.0
brn,2017,0.0
brn,2018,0.0
bgr,1962,0.3
bgr,1967,0.3
bgr,1972,0.3
bgr,1977,0.3
bgr,1982,0.3
bgr,1987,0.3
bgr,1992,0.3
bgr,1997,0.3
bgr,2002,0.3
bgr,2007,0.3
bgr,2012,0.3
bgr,2017,0.3
bgr,2018,0.3
bfa,1962,1.0
bfa,1967,1.0
bfa,1972,1.0
bfa,1977,1.0
bfa,1982,1.0
bfa,1987,1.0
bfa,1992,1.0
bfa,1997,1.0
bfa,2002,1.0
bfa,2007,1.0
bfa,2012,1.0
bfa,2017,1.0
bfa,2018,1.0
bdi,1962,2.476
bdi,1967,2.476
bdi,1972,2.476
bdi,1977,2.476
bdi,1982,2.476
bdi,1987,2.476
bdi,1992,2.476
bdi,1997,2.476
bdi,2002,2.476
bdi,2007,2.476
bdi,2012,2.476
bdi,2017,2.476
bdi,2018,2.476
cpv,1962,0.0
cpv,1967,0.0
cpv,1972,0.0
cpv,1977,0.0
cpv,1982,0.0
cpv,1987,0.0
cpv,1992,0.0
cpv,1997,0.0
cpv,2002,0.0
cpv,2007,0.0
cpv,2012,0.0
cpv,2017,0.0
cpv,2018,0.0
khm,1962,355.5
khm,1967,355.5
khm,1972,355.5
khm,1977,355.5
khm,1982,355.5
khm,1987,355.5
khm,1992,355.5
khm,1997,355.5
khm,2002,355.5
khm,2007,355.5
khm,2012,355.5
khm,2017,355.5
khm,2018,355.5
cmr,1962,10.15
cmr,1967,10.15
cmr,1972,10.15
cmr,1977,10.15
cmr,1982,10.15
cmr,1987,10.15
cmr,1992,10.15
cmr,1997,10.15
cmr,2002,10.15
cmr,2007,10.15
cmr,2012,10.15
cmr,2017,10.15
cmr,2018,10.15
can,1962,52.0
can,1967,52.0
can,1972,52.0
can,1977,52.0
can,1982,52.0
can,1987,52.0
can,1992,52.0
can,1997,52.0
can,2002,52.0
can,2007,52.0
can,2012,52.0
can,2017,52.0
can,2018,52.0
caf,1962,0.0
caf,1967,0.0
caf,1972,0.0
caf,1977,0.0
caf,1982,0.0
caf,1987,0.0
caf,1992,0.0
caf,1997,0.0
caf,2002,0.0
caf,2007,0.0
caf,2012,0.0
caf,2017,0.0
caf,2018,0.0
tcd,1962,30.7
tcd,1967,30.7
tcd,1972,30.7
tcd,1977,30.7
tcd,1982,30.7
tcd,1987,30.7
tcd,1992,30.7
tcd,1997,30.7
tcd,2002,30.7
tcd,2007,30.7
tcd,2012,30.7
tcd,2017,30.7
tcd,2018,30.7
chl,1962,38.06
chl,1967,38.06
chl,1972,38.06
chl,1977,38.06
chl,1982,38.06
chl,1987,38.06
chl,1992,38.06
chl,1997,38.06
chl,2002,38.06
chl,2007,38.06
chl,2012,38.06
chl,2017,38.06
chl,2018,38.06
chn,1962,27.32
chn,1967,27.32
chn,1972,27.32
chn,1977,27.32
chn,1982,27.32
chn,1987,27.32
chn,1992,27.32
chn,1997,27.32
chn,2002,27.32
chn,2007,27.32
chn,2012,27.32
chn,2017,27.32
chn,2018,27.32
col,1962,215.0
col,1967,215.0
col,1972,215.0
col,1977,215.0
col,1982,215.0
col,1987,215.0
col,1992,215.0
col,1997,215.0
col,2002,215.0
col,2007,215.0
col,2012,215.0
col,2017,215.0
col,2018,215.0
com,1962,0.0
com,1967,0.0
com,1972,0.0
com,1977,0.0
com,1982,0.0
com,1987,0.0
com,1992,0.0
com,1997,0.0
com,2002,0.0
com,2007,0.0
com,2012,0.0
com,2017,0.0
com,2018,0.0
cog,1962,610.0
cog,1967,610.0
cog,1972,610.0
cog,1977,610.0
cog,1982,610.0
cog,1987,610.0
cog,1992,610.0
cog,1997,610.0
cog,2002,610.0
cog,2007,610.0
cog,2012,610.0
cog,2017,610.0
cog,2018,610.0
cok,1962,0.0
cok,1967,0.0
cok,1972,0.0
cok,1977,0.0
cok,1982,0.0
cok,1987,0.0
cok,1992,0.0
cok,1997,0.0
cok,2002,0.0
cok,2007,0.0
cok,2012,0.0
cok,2017,0.0
cok,2018,0.0
cri,1962,0.0
cri,1967,0.0
cri,1972,0.0
cri,1977,0.0
cri,1982,0.0
cri,1987,0.0
cri,1992,0.0
cri,1997,0.0
cri,2002,0.0
cri,2007,0.0
cri,2012,0.0
cri,2017,0.0
cri,2018,0.0
civ,1962,7.3
civ,1967,7.3
civ,1972,7.3
civ,1977,7.3
civ,1982,7.3
civ,1987,7.3
civ,1992,7.3
civ,1997,7.3
civ,2002,7.3
civ,2007,7.3
civ,2012,7.3
civ,2017,7.3
civ,2018,7.3
hrv,1992,67.8
hrv,1997,67.8
hrv,2002,67.8
hrv,2007,67.8
hrv,2012,67.8
hrv,2017,67.8
hrv,2018,67.8
cub,1962,0.0
cub,1967,0.0
cub,1972,0.0
cub,1977,0.0
cub,1982,0.0
cub,1987,0.0
cub,1992,0.0
cub,1997,0.0
cub,2002,0.0
cub,2007,0.0
cub,2012,0.0
cub,2017,0.0
cub,2018,0.0
cyp,1962,0.0
cyp,1967,0.0
cyp,1972,0.0
cyp,1977,0.0
cyp,1982,0.0
cyp,1987,0.0
cyp,1992,0.0
cyp,1997,0.0
cyp,2002,0.0
cyp,2007,0.0
cyp,2012,0.0
cyp,2017,0.0
cyp,2018,0.0
cze,1997,0.0
cze,2002,0.0
cze,2007,0.0
cze,2012,0.0
cze,2017,0.0
cze,2018,0.0
prk,1962,10.15
prk,1967,10.15
prk,1972,10.15
prk,1977,10.15
prk,1982,10.15
prk,1987,10.15
prk,1992,10.15
prk,1997,10.15
prk,2002,10.15
prk,2007,10.15
prk,2012,10.15
prk,2017,10.15
prk,2018,10.15
cod,1962,383.0
cod,1967,383.0
cod,1972,383.0
cod,1977,383.0
cod,1982,383.0
cod,1987,383.0
cod,1992,383.0
cod,1997,383.0
cod,2002,383.0
cod,2007,383.0
cod,2012,383.0
cod,2017,383.0
cod,2018,383.0
dnk,1962,0.0
dnk,1967,0.0
dnk,1972,0.0
dnk,1977,0.0
dnk,1982,0.0
dnk,1987,0.0
dnk,1992,0.0
dnk,1997,0.0
dnk,2002,0.0
dnk,2007,0.0
dnk,2012,0.0
dnk,2017,0.0
dnk,2018,0.0
dji,1962,0.0
dji,1967,0.0
dji,1972,0.0
dji,1977,0.0
dji,1982,0.0
dji,1987,0.0
dji,1992,0.0
dji,1997,0.0
dji,2002,0.0
dji,2007,0.0
dji,2012,0.0
dji,2017,0.0
dji,2018,0.0
dma,1962,0.0
dma,1967,0.0
dma,1972,0.0
dma,1977,0.0
dma,1982,0.0
dma,1987,0.0
dma,1992,0.0
dma,1997,0.0
dma,2002,0.0
dma,2007,0.0
dma,2012,0.0
dma,2017,0.0
dma,2018,0.0
dom,1962,0.0
dom,1967,0.0
dom,1972,0.0
dom,1977,0.0
dom,1982,0.0
dom,1987,0.0
dom,1992,0.0
dom,1997,0.0
dom,2002,0.0
dom,2007,0.0
dom,2012,0.0
dom,2017,0.0
dom,2018,0.0
ecu,1962,0.0
ecu,1967,0.0
ecu,1972,0.0
ecu,1977,0.0
ecu,1982,0.0
ecu,1987,0.0
ecu,1992,0.0
ecu,1997,0.0
ecu,2002,0.0
ecu,2007,0.0
ecu,2012,0.0
ecu,2017,0.0
ecu,2018,0.0
egy,1962,56.5
egy,1967,56.5
egy,1972,56.5
egy,1977,56.5
egy,1982,56.5
egy,1987,56.5
egy,1992,56.5
egy,1997,56.5
egy,2002,56.5
egy,2007,56.5
egy,2012,56.5
egy,2017,56.5
egy,2018,56.5
slv,1962,10.64
slv,1967,10.64
slv,1972,10.64
slv,1977,10.64
slv,1982,10.64
slv,1987,10.64
slv,1992,10.64
slv,1997,10.64
slv,2002,10.64
slv,2007,10.64
slv,2012,10.64
slv,2017,10.64
slv,2018,10.64
gnq,1962,0.0
gnq,1967,0.0
gnq,1972,0.0
gnq,1977,0.0
gnq,1982,0.0
gnq,1987,0.0
gnq,1992,0.0
gnq,1997,0.0
gnq,2002,0.0
gnq,2007,0.0
gnq,2012,0.0
gnq,2017,0.0
gnq,2018,0.0
eri,1997,4.515
eri,2002,4.515
eri,2007,4.515
eri,2012,4.515
eri,2017,4.515
eri,2018,4.515
est,1992,0.096
est,1997,0.096
est,2002,0.096
est,2007,0.096
est,2012,0.096
est,2017,0.096
est,2018,0.096
swz,1962,1.87
swz,1967,1.87
swz,1972,1.87
swz,1977,1.87
swz,1982,1.87
swz,1987,1.87
swz,1992,1.87
swz,1997,1.87
swz,2002,1.87
swz,2007,1.87
swz,2012,1.87
swz,2017,1.87
swz,2018,1.87
eth,1997,0.0
eth,2002,0.0
eth,2007,0.0
eth,2012,0.0
eth,2017,0.0
eth,2018,0.0
fro,1962,0.0
fro,1967,0.0
fro,1972,0.0
fro,1977,0.0
fro,1982,0.0
fro,1987,0.0
fro,1992,0.0
fro,1997,0.0
fro,2002,0.0
fro,2007,0.0
fro,2012,0.0
fro,2017,0.0
fro,2018,0.0
fji,1962,0.0
fji,1967,0.0
fji,1972,0.0
fji,1977,0.0
fji,1982,0.0
fji,1987,0.0
fji,1992,0.0
fji,1997,0.0
fji,2002,0.0
fji,2007,0.0
fji,2012,0.0
fji,2017,0.0
fji,2018,0.0
fin,1962,3.0
fin,1967,3.0
fin,1972,3.0
fin,1977,3.0
fin,1982,3.0
fin,1987,3.0
fin,1992,3.0
fin,1997,3.0
fin,2002,3.0
fin,2007,3.0
fin,2012,3.0
fin,2017,3.0
fin,2018,3.0
fra,1962,11.0
fra,1967,11.0
fra,1972,11.0
fra,1977,11.0
fra,1982,11.0
fra,1987,11.0
fra,1992,11.0
fra,1997,11.0
fra,2002,11.0
fra,2007,11.0
fra,2012,11.0
fra,2017,11.0
fra,2018,11.0
gab,1962,2.0
gab,1967,2.0
gab,1972,2.0
gab,1977,2.0
gab,1982,2.0
gab,1987,2.0
gab,1992,2.0
gab,1997,2.0
gab,2002,2.0
gab,2007,2.0
gab,2012,2.0
gab,2017,2.0
gab,2018,2.0
gmb,1962,5.0
gmb,1967,5.0
gmb,1972,5.0
gmb,1977,5.0
gmb,1982,5.0
gmb,1987,5.0
gmb,1992,5.0
gmb,1997,5.0
gmb,2002,5.0
gmb,2007,5.0
gmb,2012,5.0
gmb,2017,5.0
gmb,2018,5.0
geo,1992,5.2
geo,1997,5.2
geo,2002,5.2
geo,2007,5.2
geo,2012,5.2
geo,2017,5.2
geo,2018,5.2
deu,1962,47.0
deu,1967,47.0
deu,1972,47.0
deu,1977,47.0
deu,1982,47.0
deu,1987,47.0
deu,1992,47.0
deu,1997,47.0
deu,2002,47.0
deu,2007,47.0
deu,2012,47.0
deu,2017,47.0
deu,2018,47.0
gha,1962,25.9
gha,1967,25.9
gha,1972,25.9
gha,1977,25.9
gha,1982,25.9
gha,1987,25.9
gha,1992,25.9
gha,1997,25.9
gha,2002,25.9
gha,2007,25.9
gha,2012,25.9
gha,2017,25.9
gha,2018,25.9
grc,1962,10.4
grc,1967,10.4
grc,1972,10.4
grc,1977,10.4
grc,1982,10.4
grc,1987,10.4
grc,1992,10.4
grc,1997,10.4
grc,2002,10.4
grc,2007,10.4
grc,2012,10.4
grc,2017,10.4
grc,2018,10.4
grd,1962,0.0
grd,1967,0.0
grd,1972,0.0
grd,1977,0.0
grd,1982,0.0
grd,1987,0.0
grd,1992,0.0
grd,1997,0.0
grd,2002,0.0
grd,2007,0.0
grd,2012,0.0
grd,2017,0.0
grd,2018,0.0
gtm,1962,18.71
gtm,1967,18.71
gtm,1972,18.71
gtm,1977,18.71
gtm,1982,18.71
gtm,1987,18.71
gtm,1992,18.71
gtm,1997,18.71
gtm,2002,18.71
gtm,2007,18.71
gtm,2012,18.71
gtm,2017,18.71
gtm,2018,18.71
gin,1962,0.0
gin,1967,0.0
gin,1972,0.0
gin,1977,0.0
gin,1982,0.0
gin,1987,0.0
gin,1992,0.0
gin,1997,0.0
gin,2002,0.0
gin,2007,0.0
gin,2012,0.0
gin,2017,0.0
gin,2018,0.0
gnb,1962,15.4
gnb,1967,15.4
gnb,1972,15.4
gnb,1977,15.4
gnb,1982,15.4
gnb,1987,15.4
gnb,1992,15.4
gnb,1997,15.4
gnb,2002,15.4
gnb,2007,15.4
gnb,2012,15.4
gnb,2017,15.4
gnb,2018,15.4
guy,1962,30.0
guy,1967,30.0
guy,1972,30.0
guy,1977,30.0
guy,1982,30.0
guy,1987,30.0
guy,1992,30.0
guy,1997,30.0
guy,2002,30.0
guy,2007,30.0
guy,2012,30.0
guy,2017,30.0
guy,2018,30.0
hti,1962,1.015
hti,1967,1.015
hti,1972,1.015
hti,1977,1.015
hti,1982,1.015
hti,1987,1.015
hti,1992,1.015
hti,1997,1.015
hti,2002,1.015
hti,2007,1.015
hti,2012,1.015
hti,2017,1.015
hti,2018,1.015
vat,1962,0.0
vat,1967,0.0
vat,1972,0.0
vat,1977,0.0
vat,1982,0.0
vat,1987,0.0
vat,1992,0.0
vat,1997,0.0
vat,2002,0.0
vat,2007,0.0
vat,2012,0.0
vat,2017,0.0
vat,2018,0.0
hnd,1962,1.504
hnd,1967,1.504
hnd,1972,1.504
hnd,1977,1.504
hnd,1982,1.504
hnd,1987,1.504
hnd,1992,1.504
hnd,1997,1.504
hnd,2002,1.504
hnd,2007,1.504
hnd,2012,1.504
hnd,2017,1.504
hnd,2018,1.504
hun,1962,98.0
hun,1967,98.0
hun,1972,98.0
hun,1977,98.0
hun,1982,98.0
hun,1987,98.0
hun,1992,98.0
hun,1997,98.0
hun,2002,98.0
hun,2007,98.0
hun,2012,98.0
hun,2017,98.0
hun,2018,98.0
isl,1962,0.0
isl,1967,0.0
isl,1972,0.0
isl,1977,0.0
isl,1982,0.0
isl,1987,0.0
isl,1992,0.0
isl,1997,0.0
isl,2002,0.0
isl,2007,0.0
isl,2012,0.0
isl,2017,0.0
isl,2018,0.0
ind,1962,464.9
ind,1967,464.9
ind,1972,464.9
ind,1977,464.9
ind,1982,464.9
ind,1987,464.9
ind,1992,464.9
ind,1997,464.9
ind,2002,464.9
ind,2007,464.9
ind,2012,464.9
ind,2017,464.9
ind,2018,464.9
idn,1962,0.0
idn,1967,0.0
idn,1972,0.0
idn,1977,0.0
idn,1982,0.0
idn,1987,0.0
idn,1992,0.0
idn,1997,0.0
idn,2002,0.0
idn,2007,0.0
idn,2012,0.0
idn,2017,0.0
idn,2018,0.0
irn,1962,8.545
irn,1967,8.545
irn,1972,8.545
irn,1977,8.545
irn,1982,8.545
irn,1987,8.545
irn,1992,8.545
irn,1997,8.545
irn,2002,8.545
irn,2007,8.545
irn,2012,8.545
irn,2017,8.545
irn,2018,8.545
irq,1962,54.66
irq,1967,54.66
irq,1972,54.66
irq,1977,54.66
irq,1982,54.66
irq,1987,54.66
irq,1992,54.66
irq,1997,54.66
irq,2002,54.66
irq,2007,54.66
irq,2012,54.66
irq,2017,54.66
irq,2018,54.66
irl,1962,3.0
irl,1967,3.0
irl,1972,3.0
irl,1977,3.0
irl,1982,3.0
irl,1987,3.0
irl,1992,3.0
irl,1997,3.0
irl,2002,3.0
irl,2007,3.0
irl,2012,3.0
irl,2017,3.0
irl,2018,3.0
isr,1962,1.03
isr,1967,1.03
isr,1972,1.03
isr,1977,1.03
isr,1982,1.03
isr,1987,1.03
isr,1992,1.03
isr,1997,1.03
isr,2002,1.03
isr,2007,1.03
isr,2012,1.03
isr,2017,1.03
isr,2018,1.03
ita,1962,8.8
ita,1967,8.8
ita,1972,8.8
ita,1977,8.8
ita,1982,8.8
ita,1987,8.8
ita,1992,8.8
ita,1997,8.8
ita,2002,8.8
ita,2007,8.8
ita,2012,8.8
ita,2017,8.8
ita,2018,8.8
jam,1962,0.0
jam,1967,0.0
jam,1972,0.0
jam,1977,0.0
jam,1982,0.0
jam,1987,0.0
jam,1992,0.0
jam,1997,0.0
jam,2002,0.0
jam,2007,0.0
jam,2012,0.0
jam,2017,0.0
jam,2018,0.0
jpn,1962,0.0
jpn,1967,0.0
jpn,1972,0.0
jpn,1977,0.0
jpn,1982,0.0
jpn,1987,0.0
jpn,1992,0.0
jpn,1997,0.0
jpn,2002,0.0
jpn,2007,0.0
jpn,2012,0.0
jpn,2017,0.0
jpn,2018,0.0
jor,1962,0.255
jor,1967,0.255
jor,1972,0.255
jor,1977,0.255
jor,1982,0.255
jor,1987,0.255
jor,1992,0.255
jor,1997,0.255
jor,2002,0.255
jor,2007,0.255
jor,2012,0.255
jor,2017,0.255
jor,2018,0.255
kaz,1992,44.06
kaz,1997,44.06
kaz,2002,44.06
kaz,2007,44.06
kaz,2012,44.06
kaz,2017,44.06
kaz,2018,44.06
ken,1962,10.0
ken,1967,10.0
ken,1972,10.0
ken,1977,10.0
ken,1982,10.0
ken,1987,10.0
ken,1992,10.0
ken,1997,10.0
ken,2002,10.0
ken,2007,10.0
ken,2012,10.0
ken,2017,10.0
ken,2018,10.0
kir,1962,0.0
kir,1967,0.0
kir,1972,0.0
kir,1977,0.0
kir,1982,0.0
kir,1987,0.0
kir,1992,0.0
kir,1997,0.0
kir,2002,0.0
kir,2007,0.0
kir,2012,0.0
kir,2017,0.0
kir,2018,0.0
kwt,1962,0.02
kwt,1967,0.02
kwt,1972,0.02
kwt,1977,0.02
kwt,1982,0.02
kwt,1987,0.02
kwt,1992,0.02
kwt,1997,0.02
kwt,2002,0.02
kwt,2007,0.02
kwt,2012,0.02
kwt,2017,0.02
kwt,2018,0.02
kgz,1992,-25.312
kgz,1997,-25.312
kgz,2002,-25.312
kgz,2007,-25.312
kgz,2012,-25.312
kgz,2017,-25.312
kgz,2018,-25.312
lao,1962,143.1
lao,1967,143.1
lao,1972,143.1
lao,1977,143.1
lao,1982,143.1
lao,1987,143.1
lao,1992,143.1
lao,1997,143.1
lao,2002,143.1
lao,2007,143.1
lao,2012,143.1
lao,2017,143.1
lao,2018,143.1
lva,1992,18.0
lva,1997,18.0
lva,2002,18.0
lva,2007,18.0
lva,2012,18.0
lva,2017,18.0
lva,2018,18.0
lbn,1962,-0.297
lbn,1967,-0.297
lbn,1972,-0.297
lbn,1977,-0.297
lbn,1982,-0.297
lbn,1987,-0.297
lbn,1992,-0.297
lbn,1997,-0.297
lbn,2002,-0.297
lbn,2007,-0.297
lbn,2012,-0.297
lbn,2017,-0.297
lbn,2018,-0.297
lso,1962,-2.208
lso,1967,-2.208
lso,1972,-2.208
lso,1977,-2.208
lso,1982,-2.208
lso,1987,-2.208
lso,1992,-2.208
lso,1997,-2.208
lso,2002,-2.208
lso,2007,-2.208
lso,2012,-2.208
lso,2017,-2.208
lso,2018,-2.208
lbr,1962,32.0
lbr,1967,32.0
lbr,1972,32.0
lbr,1977,32.0
lbr,1982,32.0
lbr,1987,32.0
lbr,1992,32.0
lbr,1997,32.0
lbr,2002,32.0
lbr,2007,32.0
lbr,2012,32.0
lbr,2017,32.0
lbr,2018,32.0
lby,1962,0.0
lby,1967,0.0
lby,1972,0.0
lby,1977,0.0
lby,1982,0.0
lby,1987,0.0
lby,1992,0.0
lby,1997,0.0
lby,2002,0.0
lby,2007,0.0
lby,2012,0.0
lby,2017,0.0
lby,2018,0.0
lie,1962,0.0
lie,1967,0.0
lie,1972,0.0
lie,1977,0.0
lie,1982,0.0
lie,1987,0.0
lie,1992,0.0
lie,1997,0.0
lie,2002,0.0
lie,2007,0.0
lie,2012,0.0
lie,2017,0.0
lie,2018,0.0
ltu,1992,9.04
ltu,1997,9.04
ltu,2002,9.04
ltu,2007,9.04
ltu,2012,9.04
ltu,2017,9.04
ltu,2018,9.04
lux,1962,2.5
lux,1967,2.5
lux,1972,2.5
lux,1977,2.5
lux,1982,2.5
lux,1987,2.5
lux,1992,2.5
lux,1997,2.5
lux,2002,2.5
lux,2007,2.5
lux,2012,2.5
lux,2017,2.5
lux,2018,2.5
mdg,1962,0.0
mdg,1967,0.0
mdg,1972,0.0
mdg,1977,0.0
mdg,1982,0.0
mdg,1987,0.0
mdg,1992,0.0
mdg,1997,0.0
mdg,2002,0.0
mdg,2007,0.0
mdg,2012,0.0
mdg,2017,0.0
mdg,2018,0.0
mwi,1962,1.14
mwi,1967,1.14
mwi,1972,1.14
mwi,1977,1.14
mwi,1982,1.14
mwi,1987,1.14
mwi,1992,1.14
mwi,1997,1.14
mwi,2002,1.14
mwi,2007,1.14
mwi,2012,1.14
mwi,2017,1.14
mwi,2018,1.14
mys,1962,0.0
mys,1967,0.0
mys,1972,0.0
mys,1977,0.0
mys,1982,0.0
mys,1987,0.0
mys,1992,0.0
mys,1997,0.0
mys,2002,0.0
mys,2007,0.0
mys,2012,0.0
mys,2017,0.0
mys,2018,0.0
mdv,1962,0.0
mdv,1967,0.0
mdv,1972,0.0
mdv,1977,0.0
mdv,1982,0.0
mdv,1987,0.0
mdv,1992,0.0
mdv,1997,0.0
mdv,2002,0.0
mdv,2007,0.0
mdv,2012,0.0
mdv,2017,0.0
mdv,2018,0.0
mli,1962,60.0
mli,1967,60.0
mli,1972,60.0
mli,1977,60.0
mli,1982,60.0
mli,1987,60.0
mli,1992,60.0
mli,1997,60.0
mli,2002,60.0
mli,2007,60.0
mli,2012,60.0
mli,2017,60.0
mli,2018,60.0
mlt,1962,0.0
mlt,1967,0.0
mlt,1972,0.0
mlt,1977,0.0
mlt,1982,0.0
mlt,1987,0.0
mlt,1992,0.0
mlt,1997,0.0
mlt,2002,0.0
mlt,2007,0.0
mlt,2012,0.0
mlt,2017,0.0
mlt,2018,0.0
mhl,1962,0.0
mhl,1967,0.0
mhl,1972,0.0
mhl,1977,0.0
mhl,1982,0.0
mhl,1987,0.0
mhl,1992,0.0
mhl,1997,0.0
mhl,2002,0.0
mhl,2007,0.0
mhl,2012,0.0
mhl,2017,0.0
mhl,2018,0.0
mrt,1962,11.0
mrt,1967,11.0
mrt,1972,11.0
mrt,1977,11.0
mrt,1982,11.0
mrt,1987,11.0
mrt,1992,11.0
mrt,1997,11.0
mrt,2002,11.0
mrt,2007,11.0
mrt,2012,11.0
mrt,2017,11.0
mrt,2018,11.0
mus,1962,0.0
mus,1967,0.0
mus,1972,0.0
mus,1977,0.0
mus,1982,0.0
mus,1987,0.0
mus,1992,0.0
mus,1997,0.0
mus,2002,0.0
mus,2007,0.0
mus,2012,0.0
mus,2017,0.0
mus,2018,0.0
mex,1962,52.888
mex,1967,52.888
mex,1972,52.888
mex,1977,52.888
mex,1982,52.888
mex,1987,52.888
mex,1992,52.888
mex,1997,52.888
mex,2002,52.888
mex,2007,52.888
mex,2012,52.888
mex,2017,52.888
mex,2018,52.888
fsm,1962,0.0
fsm,1967,0.0
fsm,1972,0.0
fsm,1977,0.0
fsm,1982,0.0
fsm,1987,0.0
fsm,1992,0.0
fsm,1997,0.0
fsm,2002,0.0
fsm,2007,0.0
fsm,2012,0.0
fsm,2017,0.0
fsm,2018,0.0
mng,1962,0.0
mng,1967,0.0
mng,1972,0.0
mng,1977,0.0
mng,1982,0.0
mng,1987,0.0
mng,1992,0.0
mng,1997,0.0
mng,2002,0.0
mng,2007,0.0
mng,2012,0.0
mng,2017,0.0
mng,2018,0.0
mar,1962,0.0
mar,1967,0.0
mar,1972,0.0
mar,1977,0.0
mar,1982,0.0
mar,1987,0.0
mar,1992,0.0
mar,1997,0.0
mar,2002,0.0
mar,2007,0.0
mar,2012,0.0
mar,2017,0.0
mar,2018,0.0
moz,1962,116.8
moz,1967,116.8
moz,1972,116.8
moz,1977,116.8
moz,1982,116.8
moz,1987,116.8
moz,1992,116.8
moz,1997,116.8
moz,2002,116.8
moz,2007,116.8
moz,2012,116.8
moz,2017,116.8
moz,2018,116.8
mmr,1962,165.0
mmr,1967,165.0
mmr,1972,165.0
mmr,1977,165.0
mmr,1982,165.0
mmr,1987,165.0
mmr,1992,165.0
mmr,1997,165.0
mmr,2002,165.0
mmr,2007,165.0
mmr,2012,165.0
mmr,2017,165.0
mmr,2018,165.0
nam,1962,33.75
nam,1967,33.75
nam,1972,33.75
nam,1977,33.75
nam,1982,33.75
nam,1987,33.75
nam,1992,33.75
nam,1997,33.75
nam,2002,33.75
nam,2007,33.75
nam,2012,33.75
nam,2017,33.75
nam,2018,33.75
nru,1962,0.0
nru,1967,0.0
nru,1972,0.0
nru,1977,0.0
nru,1982,0.0
nru,1987,0.0
nru,1992,0.0
nru,1997,0.0
nru,2002,0.0
nru,2007,0.0
nru,2012,0.0
nru,2017,0.0
nru,2018,0.0
npl,1962,12.0
npl,1967,12.0
npl,1972,12.0
npl,1977,12.0
npl,1982,12.0
npl,1987,12.0
npl,1992,12.0
npl,1997,12.0
npl,2002,12.0
npl,2007,12.0
npl,2012,12.0
npl,2017,12.0
npl,2018,12.0
nld,1962,80.0
nld,1967,80.0
nld,1972,80.0
nld,1977,80.0
nld,1982,80.0
nld,1987,80.0
nld,1992,80.0
nld,1997,80.0
nld,2002,80.0
nld,2007,80.0
nld,2012,80.0
nld,2017,80.0
nld,2018,80.0
nzl,1962,0.0
nzl,1967,0.0
nzl,1972,0.0
nzl,1977,0.0
nzl,1982,0.0
nzl,1987,0.0
nzl,1992,0.0
nzl,1997,0.0
nzl,2002,0.0
nzl,2007,0.0
nzl,2012,0.0
nzl,2017,0.0
nzl,2018,0.0
nic,1962,8.31
nic,1967,8.31
nic,1972,8.31
nic,1977,8.31
nic,1982,8.31
nic,1987,8.31
nic,1992,8.31
nic,1997,8.31
nic,2002,8.31
nic,2007,8.31
nic,2012,8.31
nic,2017,8.31
nic,2018,8.31
ner,1962,30.55
ner,1967,30.55
ner,1972,30.55
ner,1977,30.55
ner,1982,30.55
ner,1987,30.55
ner,1992,30.55
ner,1997,30.55
ner,2002,30.55
ner,2007,30.55
ner,2012,30.55
ner,2017,30.55
ner,2018,30.55
nga,1962,65.2
nga,1967,65.2
nga,1972,65.2
nga,1977,65.2
nga,1982,65.2
nga,1987,65.2
nga,1992,65.2
nga,1997,65.2
nga,2002,65.2
nga,2007,65.2
nga,2012,65.2
nga,2017,65.2
nga,2018,65.2
niu,1962,0.0
niu,1967,0.0
niu,1972,0.0
niu,1977,0.0
niu,1982,0.0
niu,1987,0.0
niu,1992,0.0
niu,1997,0.0
niu,2002,0.0
niu,2007,0.0
niu,2012,0.0
niu,2017,0.0
niu,2018,0.0
mkd,1992,1.0
mkd,1997,1.0
mkd,2002,1.0
mkd,2007,1.0
mkd,2012,1.0
mkd,2017,1.0
mkd,2018,1.0
nor,1962,11.0
nor,1967,11.0
nor,1972,11.0
nor,1977,11.0
nor,1982,11.0
nor,1987,11.0
nor,1992,11.0
nor,1997,11.0
nor,2002,11.0
nor,2007,11.0
nor,2012,11.0
nor,2017,11.0
nor,2018,11.0
omn,1962,0.0
omn,1967,0.0
omn,1972,0.0
omn,1977,0.0
omn,1982,0.0
omn,1987,0.0
omn,1992,0.0
omn,1997,0.0
omn,2002,0.0
omn,2007,0.0
omn,2012,0.0
omn,2017,0.0
omn,2018,0.0
pak,1962,191.8
pak,1967,191.8
pak,1972,191.8
pak,1977,191.8
pak,1982,191.8
pak,1987,191.8
pak,1992,191.8
pak,1997,191.8
pak,2002,191.8
pak,2007,191.8
pak,2012,191.8
pak,2017,191.8
pak,2018,191.8
plw,1962,0.0
plw,1967,0.0
plw,1972,0.0
plw,1977,0.0
plw,1982,0.0
plw,1987,0.0
plw,1992,0.0
plw,1997,0.0
plw,2002,0.0
plw,2007,0.0
plw,2012,0.0
plw,2017,0.0
plw,2018,0.0
pse,1962,0.025
pse,1967,0.025
pse,1972,0.025
pse,1977,0.025
pse,1982,0.025
pse,1987,0.025
pse,1992,0.025
pse,1997,0.025
pse,2002,0.025
pse,2007,0.025
pse,2012,0.025
pse,2017,0.025
pse,2018,0.025
pan,1962,2.704
pan,1967,2.704
pan,1972,2.704
pan,1977,2.704
pan,1982,2.704
pan,1987,2.704
pan,1992,2.704
pan,1997,2.704
pan,2002,2.704
pan,2007,2.704
pan,2012,2.704
pan,2017,2.704
pan,2018,2.704
png,1962,0.0
png,1967,0.0
png,1972,0.0
png,1977,0.0
png,1982,0.0
png,1987,0.0
png,1992,0.0
png,1997,0.0
png,2002,0.0
png,2007,0.0
png,2012,0.0
png,2017,0.0
png,2018,0.0
pry,1962,270.77
pry,1967,270.77
pry,1972,270.77
pry,1977,270.77
pry,1982,270.77
pry,1987,270.77
pry,1992,270.77
pry,1997,270.77
pry,2002,270.77
pry,2007,270.77
pry,2012,270.77
pry,2017,270.77
pry,2018,270.77
per,1962,238.8
per,1967,238.8
per,1972,238.8
per,1977,238.8
per,1982,238.8
per,1987,238.8
per,1992,238.8
per,1997,238.8
per,2002,238.8
per,2007,238.8
per,2012,238.8
per,2017,238.8
per,2018,238.8
phl,1962,0.0
phl,1967,0.0
phl,1972,0.0
phl,1977,0.0
phl,1982,0.0
phl,1987,0.0
phl,1992,0.0
phl,1997,0.0
phl,2002,0.0
phl,2007,0.0
phl,2012,0.0
phl,2017,0.0
phl,2018,0.0
pol,1962,6.9
pol,1967,6.9
pol,1972,6.9
pol,1977,6.9
pol,1982,6.9
pol,1987,6.9
pol,1992,6.9
pol,1997,6.9
pol,2002,6.9
pol,2007,6.9
pol,2012,6.9
pol,2017,6.9
pol,2018,6.9
prt,1962,39.4
prt,1967,39.4
prt,1972,39.4
prt,1977,39.4
prt,1982,39.4
prt,1987,39.4
prt,1992,39.4
prt,1997,39.4
prt,2002,39.4
prt,2007,39.4
prt,2012,39.4
prt,2017,39.4
prt,2018,39.4
pri,1962,0.0
pri,1967,0.0
pri,1972,0.0
pri,1977,0.0
pri,1982,0.0
pri,1987,0.0
pri,1992,0.0
pri,1997,0.0
pri,2002,0.0
pri,2007,0.0
pri,2012,0.0
pri,2017,0.0
pri,2018,0.0
qat,1962,0.002
qat,1967,0.002
qat,1972,0.002
qat,1977,0.002
qat,1982,0.002
qat,1987,0.002
qat,1992,0.002
qat,1997,0.002
qat,2002,0.002
qat,2007,0.002
qat,2012,0.002
qat,2017,0.002
qat,2018,0.002
kor,1962,4.85
kor,1967,4.85
kor,1972,4.85
kor,1977,4.85
kor,1982,4.85
kor,1987,4.85
kor,1992,4.85
kor,1997,4.85
kor,2002,4.85
kor,2007,4.85
kor,2012,4.85
kor,2017,4.85
kor,2018,4.85
mda,1992,10.65
mda,1997,10.65
mda,2002,10.65
mda,2007,10.65
mda,2012,10.65
mda,2017,10.65
mda,2018,10.65
rou,1962,169.63
rou,1967,169.63
rou,1972,169.63
rou,1977,169.63
rou,1982,169.63
rou,1987,169.63
rou,1992,169.63
rou,1997,169.63
rou,2002,169.63
rou,2007,169.63
rou,2012,169.63
rou,2017,169.63
rou,2018,169.63
rus,1992,213.445
rus,1997,213.445
rus,2002,213.445
rus,2007,213.445
rus,2012,213.445
rus,2017,213.445
rus,2018,213.445
rwa,1962,3.8
rwa,1967,3.8
rwa,1972,3.8
rwa,1977,3.8
rwa,1982,3.8
rwa,1987,3.8
rwa,1992,3.8
rwa,1997,3.8
rwa,2002,3.8
rwa,2007,3.8
rwa,2012,3.8
rwa,2017,3.8
rwa,2018,3.8
kna,1962,0.0
kna,1967,0.0
kna,1972,0.0
kna,1977,0.0
kna,1982,0.0
kna,1987,0.0
kna,1992,0.0
kna,1997,0.0
kna,2002,0.0
kna,2007,0.0
kna,2012,0.0
kna,2017,0.0
kna,2018,0.0
lca,1962,0.0
lca,1967,0.0
lca,1972,0.0
lca,1977,0.0
lca,1982,0.0
lca,1987,0.0
lca,1992,0.0
lca,1997,0.0
lca,2002,0.0
lca,2007,0.0
lca,2012,0.0
lca,2017,0.0
lca,2018,0.0
vct,1962,0.0
vct,1967,0.0
vct,1972,0.0
vct,1977,0.0
vct,1982,0.0
vct,1987,0.0
vct,1992,0.0
vct,1997,0.0
vct,2002,0.0
vct,2007,0.0
vct,2012,0.0
vct,2017,0.0
vct,2018,0.0
wsm,1962,0.0
wsm,1967,0.0
wsm,1972,0.0
wsm,1977,0.0
wsm,1982,0.0
wsm,1987,0.0
wsm,1992,0.0
wsm,1997,0.0
wsm,2002,0.0
wsm,2007,0.0
wsm,2012,0.0
wsm,2017,0.0
wsm,2018,0.0
stp,1962,0.0
stp,1967,0.0
stp,1972,0.0
stp,1977,0.0
stp,1982,0.0
stp,1987,0.0
stp,1992,0.0
stp,1997,0.0
stp,2002,0.0
stp,2007,0.0
stp,2012,0.0
stp,2017,0.0
stp,2018,0.0
sau,1962,0.0
sau,1967,0.0
sau,1972,0.0
sau,1977,0.0
sau,1982,0.0
sau,1987,0.0
sau,1992,0.0
sau,1997,0.0
sau,2002,0.0
sau,2007,0.0
sau,2012,0.0
sau,2017,0.0
sau,2018,0.0
sen,1962,13.17
sen,1967,13.17
sen,1972,13.17
sen,1977,13.17
sen,1982,13.17
sen,1987,13.17
sen,1992,13.17
sen,1997,13.17
sen,2002,13.17
sen,2007,13.17
sen,2012,13.17
sen,2017,13.17
sen,2018,13.17
syc,1962,0.0
syc,1967,0.0
syc,1972,0.0
syc,1977,0.0
syc,1982,0.0
syc,1987,0.0
syc,1992,0.0
syc,1997,0.0
syc,2002,0.0
syc,2007,0.0
syc,2012,0.0
syc,2017,0.0
syc,2018,0.0
sle,1962,0.0
sle,1967,0.0
sle,1972,0.0
sle,1977,0.0
sle,1982,0.0
sle,1987,0.0
sle,1992,0.0
sle,1997,0.0
sle,2002,0.0
sle,2007,0.0
sle,2012,0.0
sle,2017,0.0
sle,2018,0.0
sgp,1962,0.0
sgp,1967,0.0
sgp,1972,0.0
sgp,1977,0.0
sgp,1982,0.0
sgp,1987,0.0
sgp,1992,0.0
sgp,1997,0.0
sgp,2002,0.0
sgp,2007,0.0
sgp,2012,0.0
sgp,2017,0.0
sgp,2018,0.0
svk,1997,37.5
svk,2002,37.5
svk,2007,37.5
svk,2012,37.5
svk,2017,37.5
svk,2018,37.5
svn,1992,13.2
svn,1997,13.2
svn,2002,13.2
svn,2007,13.2
svn,2012,13.2
svn,2017,13.2
svn,2018,13.2
slb,1962,0.0
slb,1967,0.0
slb,1972,0.0
slb,1977,0.0
slb,1982,0.0
slb,1987,0.0
slb,1992,0.0
slb,1997,0.0
slb,2002,0.0
slb,2007,0.0
slb,2012,0.0
slb,2017,0.0
slb,2018,0.0
som,1962,8.7
som,1967,8.7
som,1972,8.7
som,1977,8.7
som,1982,8.7
som,1987,8.7
som,1992,8.7
som,1997,8.7
som,2002,8.7
som,2007,8.7
som,2012,8.7
som,2017,8.7
som,2018,8.7
zaf,1962,6.55
zaf,1967,6.55
zaf,1972,6.55
zaf,1977,6.55
zaf,1982,6.55
zaf,1987,6.55
zaf,1992,6.55
zaf,1997,6.55
zaf,2002,6.55
zaf,2007,6.55
zaf,2012,6.55
zaf,2017,6.55
zaf,2018,6.55
ssd,2012,23.5
ssd,2017,23.5
ssd,2018,23.5
esp,1962,0.3
esp,1967,0.3
esp,1972,0.3
esp,1977,0.3
esp,1982,0.3
esp,1987,0.3
esp,1992,0.3
esp,1997,0.3
esp,2002,0.3
esp,2007,0.3
esp,2012,0.3
esp,2017,0.3
esp,2018,0.3
lka,1962,0.0
lka,1967,0.0
lka,1972,0.0
lka,1977,0.0
lka,1982,0.0
lka,1987,0.0
lka,1992,0.0
lka,1997,0.0
lka,2002,0.0
lka,2007,0.0
lka,2012,0.0
lka,2017,0.0
lka,2018,0.0
sdn,2012,33.8
sdn,2017,33.8
sdn,2018,33.8
sur,1962,0.0
sur,1967,0.0
sur,1972,0.0
sur,1977,0.0
sur,1982,0.0
sur,1987,0.0
sur,1992,0.0
sur,1997,0.0
sur,2002,0.0
sur,2007,0.0
sur,2012,0.0
sur,2017,0.0
sur,2018,0.0
swe,1962,3.0
swe,1967,3.0
swe,1972,3.0
swe,1977,3.0
swe,1982,3.0
swe,1987,3.0
swe,1992,3.0
swe,1997,3.0
swe,2002,3.0
swe,2007,3.0
swe,2012,3.0
swe,2017,3.0
swe,2018,3.0
che,1962,13.1
che,1967,13.1
che,1972,13.1
che,1977,13.1
che,1982,13.1
che,1987,13.1
che,1992,13.1
che,1997,13.1
che,2002,13.1
che,2007,13.1
che,2012,13.1
che,2017,13.1
che,2018,13.1
syr,1962,9.67
syr,1967,9.67
syr,1972,9.67
syr,1977,9.67
syr,1982,9.67
syr,1987,9.67
syr,1992,9.67
syr,1997,9.67
syr,2002,9.67
syr,2007,9.67
syr,2012,9.67
syr,2017,9.67
syr,2018,9.67
tjk,1992,-41.55
tjk,1997,-41.55
tjk,2002,-41.55
tjk,2007,-41.55
tjk,2012,-41.55
tjk,2017,-41.55
tjk,2018,-41.55
tha,1962,214.1
tha,1967,214.1
tha,1972,214.1
tha,1977,214.1
tha,1982,214.1
tha,1987,214.1
tha,1992,214.1
tha,1997,214.1
tha,2002,214.1
tha,2007,214.1
tha,2012,214.1
tha,2017,214.1
tha,2018,214.1
tls,1962,0.0
tls,1967,0.0
tls,1972,0.0
tls,1977,0.0
tls,1982,0.0
tls,1987,0.0
tls,1992,0.0
tls,1997,0.0
tls,2002,0.0
tls,2007,0.0
tls,2012,0.0
tls,2017,0.0
tls,2018,0.0
tgo,1962,3.2
tgo,1967,3.2
tgo,1972,3.2
tgo,1977,3.2
tgo,1982,3.2
tgo,1987,3.2
tgo,1992,3.2
tgo,1997,3.2
tgo,2002,3.2
tgo,2007,3.2
tgo,2012,3.2
tgo,2017,3.2
tgo,2018,3.2
tkl,1962,0.0
tkl,1967,0.0
tkl,1972,0.0
tkl,1977,0.0
tkl,1982,0.0
tkl,1987,0.0
tkl,1992,0.0
tkl,1997,0.0
tkl,2002,0.0
tkl,2007,0.0
tkl,2012,0.0
tkl,2017,0.0
tkl,2018,0.0
ton,1962,0.0
ton,1967,0.0
ton,1972,0.0
ton,1977,0.0
ton,1982,0.0
ton,1987,0.0
ton,1992,0.0
ton,1997,0.0
ton,2002,0.0
ton,2007,0.0
ton,2012,0.0
ton,2017,0.0
ton,2018,0.0
tto,1962,0.0
tto,1967,0.0
tto,1972,0.0
tto,1977,0.0
tto,1982,0.0
tto,1987,0.0
tto,1992,0.0
tto,1997,0.0
tto,2002,0.0
tto,2007,0.0
tto,2012,0.0
tto,2017,0.0
tto,2018,0.0
tun,1962,0.42
tun,1967,0.42
tun,1972,0.42
tun,1977,0.42
tun,1982,0.42
tun,1987,0.42
tun,1992,0.42
tun,1997,0.42
tun,2002,0.42
tun,2007,0.42
tun,2012,0.42
tun,2017,0.42
tun,2018,0.42
tur,1962,-15.4
tur,1967,-15.4
tur,1972,-15.4
tur,1977,-15.4
tur,1982,-15.4
tur,1987,-15.4
tur,1992,-15.4
tur,1997,-15.4
tur,2002,-15.4
tur,2007,-15.4
tur,2012,-15.4
tur,2017,-15.4
tur,2018,-15.4
tkm,1992,23.36
tkm,1997,23.36
tkm,2002,23.36
tkm,2007,23.36
tkm,2012,23.36
tkm,2017,23.36
tkm,2018,23.36
tuv,1962,0.0
tuv,1967,0.0
tuv,1972,0.0
tuv,1977,0.0
tuv,1982,0.0
tuv,1987,0.0
tuv,1992,0.0
tuv,1997,0.0
tuv,2002,0.0
tuv,2007,0.0
tuv,2012,0.0
tuv,2017,0.0
tuv,2018,0.0
uga,1962,21.1
uga,1967,21.1
uga,1972,21.1
uga,1977,21.1
uga,1982,21.1
uga,1987,21.1
uga,1992,21.1
uga,1997,21.1
uga,2002,21.1
uga,2007,21.1
uga,2012,21.1
uga,2017,21.1
uga,2018,21.1
ukr,1992,120.18
ukr,1997,120.18
ukr,2002,120.18
ukr,2007,120.18
ukr,2012,120.18
ukr,2017,120.18
ukr,2018,120.18
are,1962,0.0
are,1967,0.0
are,1972,0.0
are,1977,0.0
are,1982,0.0
are,1987,0.0
are,1992,0.0
are,1997,0.0
are,2002,0.0
are,2007,0.0
are,2012,0.0
are,2017,0.0
are,2018,0.0
gbr,1962,2.0
gbr,1967,2.0
gbr,1972,2.0
gbr,1977,2.0
gbr,1982,2.0
gbr,1987,2.0
gbr,1992,2.0
gbr,1997,2.0
gbr,2002,2.0
gbr,2007,2.0
gbr,2012,2.0
gbr,2017,2.0
gbr,2018,2.0
tza,1962,12.27
tza,1967,12.27
tza,1972,12.27
tza,1977,12.27
tza,1982,12.27
tza,1987,12.27
tza,1992,12.27
tza,1997,12.27
tza,2002,12.27
tza,2007,12.27
tza,2012,12.27
tza,2017,12.27
tza,2018,12.27
usa,1962,251.0
usa,1967,251.0
usa,1972,251.0
usa,1977,251.0
usa,1982,251.0
usa,1987,251.0
usa,1992,251.0
usa,1997,251.0
usa,2002,251.0
usa,2007,251.0
usa,2012,251.0
usa,2017,251.0
usa,2018,251.0
ury,1962,80.0
ury,1967,80.0
ury,1972,80.0
ury,1977,80.0
ury,1982,80.0
ury,1987,80.0
ury,1992,80.0
ury,1997,80.0
ury,2002,80.0
ury,2007,80.0
ury,2012,80.0
ury,2017,80.0
ury,2018,80.0
uzb,1992,32.53
uzb,1997,32.53
uzb,2002,32.53
uzb,2007,32.53
uzb,2012,32.53
uzb,2017,32.53
uzb,2018,32.53
vut,1962,0.0
vut,1967,0.0
vut,1972,0.0
vut,1977,0.0
vut,1982,0.0
vut,1987,0.0
vut,1992,0.0
vut,1997,0.0
vut,2002,0.0
vut,2007,0.0
vut,2012,0.0
vut,2017,0.0
vut,2018,0.0
ven,1962,520.0
ven,1967,520.0
ven,1972,520.0
ven,1977,520.0
ven,1982,520.0
ven,1987,520.0
ven,1992,520.0
ven,1997,520.0
ven,2002,520.0
ven,2007,520.0
ven,2012,520.0
ven,2017,520.0
ven,2018,520.0
vnm,1962,524.7
vnm,1967,524.7
vnm,1972,524.7
vnm,1977,524.7
vnm,1982,524.7
vnm,1987,524.7
vnm,1992,524.7
vnm,1997,524.7
vnm,2002,524.7
vnm,2007,524.7
vnm,2012,524.7
vnm,2017,524.7
vnm,2018,524.7
yem,1962,0.0
yem,1967,0.0
yem,1972,0.0
yem,1977,0.0
yem,1982,0.0
yem,1987,0.0
yem,1992,0.0
yem,1997,0.0
yem,2002,0.0
yem,2007,0.0
yem,2012,0.0
yem,2017,0.0
yem,2018,0.0
zmb,1962,24.6
zmb,1967,24.6
zmb,1972,24.6
zmb,1977,24.6
zmb,1982,24.6
zmb,1987,24.6
zmb,1992,24.6
zmb,1997,24.6
zmb,2002,24.6
zmb,2007,24.6
zmb,2012,24.6
zmb,2017,24.6
zmb,2018,24.6
zwe,1962,7.74
zwe,1967,7.74
zwe,1972,7.74
zwe,1977,7.74
zwe,1982,7.74
zwe,1987,7.74
zwe,1992,7.74
zwe,1997,7.74
zwe,2002,7.74
zwe,2007,7.74
zwe,2012,7.74
zwe,2017,7.74
zwe,2018,7.74
