area,year,gender_inequality_index_gii_equality_0_inequality_1
afghanistan,2005,0.74300
afghanistan,2006,0.73840
afghanistan,2007,0.73380
afghanistan,2008,0.72920
afghanistan,2009,0.72460
afghanistan,2010,0.72000
afghanistan,2011,0.71500
afghanistan,2012,0.71000
afghanistan,2013,0.70500
afghanistan,2014,0.69340
afghanistan,2015,0.69340
afghanistan,2016,0.69340
afghanistan,2017,0.69340
afghanistan,2018,0.69340
afghanistan,2019,0.69340
afghanistan,2020,0.69340
afghanistan,2021,0.69340
afghanistan,2022,0.69340
albania,2005,0.36700
albania,2006,0.34740
albania,2007,0.32780
albania,2008,0.30820
albania,2009,0.28860
albania,2010,0.26900
albania,2011,0.26100
albania,2012,0.25300
albania,2013,0.24500
albania,2014,0.21740
albania,2015,0.21740
albania,2016,0.21740
albania,2017,0.21740
albania,2018,0.21740
albania,2019,0.21740
albania,2020,0.21740
albania,2021,0.21740
albania,2022,0.21740
algeria,2000,0.62100
algeria,2001,0.60720
algeria,2002,0.59340
algeria,2003,0.57960
algeria,2004,0.56580
algeria,2005,0.55200
algeria,2006,0.54260
algeria,2007,0.53320
algeria,2008,0.52380
algeria,2009,0.51440
algeria,2010,0.50500
algeria,2011,0.47833
algeria,2012,0.45167
algeria,2013,0.42500
algeria,2014,0.41310
algeria,2015,0.41310
algeria,2016,0.41310
algeria,2017,0.41310
algeria,2018,0.41310
algeria,2019,0.41310
algeria,2020,0.41310
algeria,2021,0.41310
algeria,2022,0.41310
argentina,2000,0.42500
argentina,2001,0.41620
argentina,2002,0.40740
argentina,2003,0.39860
argentina,2004,0.38980
argentina,2005,0.38100
argentina,2006,0.38160
argentina,2007,0.38220
argentina,2008,0.38280
argentina,2009,0.38340
argentina,2010,0.38400
argentina,2011,0.38300
argentina,2012,0.38200
argentina,2013,0.38100
argentina,2014,0.37560
argentina,2015,0.37560
argentina,2016,0.37560
argentina,2017,0.37560
argentina,2018,0.37560
argentina,2019,0.37560
argentina,2020,0.37560
argentina,2021,0.37560
argentina,2022,0.37560
armenia,2000,0.45800
armenia,2001,0.44480
armenia,2002,0.43160
armenia,2003,0.41840
armenia,2004,0.40520
armenia,2005,0.39200
armenia,2006,0.38100
armenia,2007,0.37000
armenia,2008,0.35900
armenia,2009,0.34800
armenia,2010,0.33700
armenia,2011,0.33300
armenia,2012,0.32900
armenia,2013,0.32500
armenia,2014,0.31760
armenia,2015,0.31760
armenia,2016,0.31760
armenia,2017,0.31760
armenia,2018,0.31760
armenia,2019,0.31760
armenia,2020,0.31760
armenia,2021,0.31760
armenia,2022,0.31760
australia,2000,0.15800
australia,2001,0.15420
australia,2002,0.15040
australia,2003,0.14660
australia,2004,0.14280
australia,2005,0.13900
australia,2006,0.13800
australia,2007,0.13700
australia,2008,0.13600
australia,2009,0.13500
australia,2010,0.13400
australia,2011,0.12700
australia,2012,0.12000
australia,2013,0.11300
australia,2014,0.11010
australia,2015,0.11010
australia,2016,0.11010
australia,2017,0.11010
australia,2018,0.11010
australia,2019,0.11010
australia,2020,0.11010
australia,2021,0.11010
australia,2022,0.11010
austria,2000,0.16000
austria,2001,0.15380
austria,2002,0.14760
austria,2003,0.14140
austria,2004,0.13520
austria,2005,0.12900
austria,2006,0.12740
austria,2007,0.12580
austria,2008,0.12420
austria,2009,0.12260
austria,2010,0.12100
austria,2011,0.099333
austria,2012,0.077667
austria,2013,0.056000
austria,2014,0.052800
austria,2015,0.052800
austria,2016,0.052800
austria,2017,0.052800
austria,2018,0.052800
austria,2019,0.052800
austria,2020,0.052800
austria,2021,0.052800
austria,2022,0.052800
azerbaijan,2013,0.34000
azerbaijan,2014,0.30300
azerbaijan,2015,0.30300
azerbaijan,2016,0.30300
azerbaijan,2017,0.30300
azerbaijan,2018,0.30300
azerbaijan,2019,0.30300
azerbaijan,2020,0.30300
azerbaijan,2021,0.30300
azerbaijan,2022,0.30300
bahamas,2013,0.31600
bahamas,2014,0.29790
bahamas,2015,0.29790
bahamas,2016,0.29790
bahamas,2017,0.29790
bahamas,2018,0.29790
bahamas,2019,0.29790
bahamas,2020,0.29790
bahamas,2021,0.29790
bahamas,2022,0.29790
bahrain,2005,0.34000
bahrain,2006,0.32640
bahrain,2007,0.31280
bahrain,2008,0.29920
bahrain,2009,0.28560
bahrain,2010,0.27200
bahrain,2011,0.26567
bahrain,2012,0.25933
bahrain,2013,0.25300
bahrain,2014,0.26490
bahrain,2015,0.26490
bahrain,2016,0.26490
bahrain,2017,0.26490
bahrain,2018,0.26490
bahrain,2019,0.26490
bahrain,2020,0.26490
bahrain,2021,0.26490
bahrain,2022,0.26490
bangladesh,2005,0.58700
bangladesh,2006,0.57740
bangladesh,2007,0.56780
bangladesh,2008,0.55820
bangladesh,2009,0.54860
bangladesh,2010,0.53900
bangladesh,2011,0.53567
bangladesh,2012,0.53233
bangladesh,2013,0.52900
bangladesh,2014,0.50340
bangladesh,2015,0.50340
bangladesh,2016,0.50340
bangladesh,2017,0.50340
bangladesh,2018,0.50340
bangladesh,2019,0.50340
bangladesh,2020,0.50340
bangladesh,2021,0.50340
bangladesh,2022,0.50340
barbados,2000,0.35800
barbados,2001,0.35620
barbados,2002,0.35440
barbados,2003,0.35260
barbados,2004,0.35080
barbados,2005,0.34900
barbados,2006,0.35060
barbados,2007,0.35220
barbados,2008,0.35380
barbados,2009,0.35540
barbados,2010,0.35700
barbados,2011,0.35467
barbados,2012,0.35233
barbados,2013,0.35000
barbados,2014,0.35700
barbados,2015,0.35700
barbados,2016,0.35700
barbados,2017,0.35700
barbados,2018,0.35700
barbados,2019,0.35700
barbados,2020,0.35700
barbados,2021,0.35700
barbados,2022,0.35700
belarus,2013,0.15200
belarus,2014,0.15070
belarus,2015,0.15070
belarus,2016,0.15070
belarus,2017,0.15070
belarus,2018,0.15070
belarus,2019,0.15070
belarus,2020,0.15070
belarus,2021,0.15070
belarus,2022,0.15070
belgium,2000,0.12300
belgium,2001,0.11920
belgium,2002,0.11540
belgium,2003,0.11160
belgium,2004,0.10780
belgium,2005,0.10400
belgium,2006,0.10180
belgium,2007,0.099600
belgium,2008,0.097400
belgium,2009,0.095200
belgium,2010,0.093000
belgium,2011,0.084667
belgium,2012,0.076333
belgium,2013,0.068000
belgium,2014,0.063300
belgium,2015,0.063300
belgium,2016,0.063300
belgium,2017,0.063300
belgium,2018,0.063300
belgium,2019,0.063300
belgium,2020,0.063300
belgium,2021,0.063300
belgium,2022,0.063300
belize,2000,0.52500
belize,2001,0.51780
belize,2002,0.51060
belize,2003,0.50340
belize,2004,0.49620
belize,2005,0.48900
belize,2006,0.48160
belize,2007,0.47420
belize,2008,0.46680
belize,2009,0.45940
belize,2010,0.45200
belize,2011,0.44633
belize,2012,0.44067
belize,2013,0.43500
belize,2014,0.42570
belize,2015,0.42570
belize,2016,0.42570
belize,2017,0.42570
belize,2018,0.42570
belize,2019,0.42570
belize,2020,0.42570
belize,2021,0.42570
belize,2022,0.42570
benin,2005,0.65000
benin,2006,0.64200
benin,2007,0.63400
benin,2008,0.62600
benin,2009,0.61800
benin,2010,0.61000
benin,2011,0.61133
benin,2012,0.61267
benin,2013,0.61400
benin,2014,0.61430
benin,2015,0.61430
benin,2016,0.61430
benin,2017,0.61430
benin,2018,0.61430
benin,2019,0.61430
benin,2020,0.61430
benin,2021,0.61430
benin,2022,0.61430
bhutan,2013,0.49500
bhutan,2014,0.45740
bhutan,2015,0.45740
bhutan,2016,0.45740
bhutan,2017,0.45740
bhutan,2018,0.45740
bhutan,2019,0.45740
bhutan,2020,0.45740
bhutan,2021,0.45740
bhutan,2022,0.45740
bolivia_plurinational_state_of,2000,0.57600
bolivia_plurinational_state_of,2001,0.56920
bolivia_plurinational_state_of,2002,0.56240
bolivia_plurinational_state_of,2003,0.55560
bolivia_plurinational_state_of,2004,0.54880
bolivia_plurinational_state_of,2005,0.54200
bolivia_plurinational_state_of,2006,0.52920
bolivia_plurinational_state_of,2007,0.51640
bolivia_plurinational_state_of,2008,0.50360
bolivia_plurinational_state_of,2009,0.49080
bolivia_plurinational_state_of,2010,0.47800
bolivia_plurinational_state_of,2011,0.47600
bolivia_plurinational_state_of,2012,0.47400
bolivia_plurinational_state_of,2013,0.47200
bolivia_plurinational_state_of,2014,0.44430
bolivia_plurinational_state_of,2015,0.44430
bolivia_plurinational_state_of,2016,0.44430
bolivia_plurinational_state_of,2017,0.44430
bolivia_plurinational_state_of,2018,0.44430
bolivia_plurinational_state_of,2019,0.44430
bolivia_plurinational_state_of,2020,0.44430
bolivia_plurinational_state_of,2021,0.44430
bolivia_plurinational_state_of,2022,0.44430
bosnia_and_herzegovina,2013,0.20100
bosnia_and_herzegovina,2014,0.20070
bosnia_and_herzegovina,2015,0.20070
bosnia_and_herzegovina,2016,0.20070
bosnia_and_herzegovina,2017,0.20070
bosnia_and_herzegovina,2018,0.20070
bosnia_and_herzegovina,2019,0.20070
bosnia_and_herzegovina,2020,0.20070
bosnia_and_herzegovina,2021,0.20070
bosnia_and_herzegovina,2022,0.20070
botswana,2000,0.52900
botswana,2001,0.53020
botswana,2002,0.53140
botswana,2003,0.53260
botswana,2004,0.53380
botswana,2005,0.53500
botswana,2006,0.52740
botswana,2007,0.51980
botswana,2008,0.51220
botswana,2009,0.50460
botswana,2010,0.49700
botswana,2011,0.49333
botswana,2012,0.48967
botswana,2013,0.48600
botswana,2014,0.48010
botswana,2015,0.48010
botswana,2016,0.48010
botswana,2017,0.48010
botswana,2018,0.48010
botswana,2019,0.48010
botswana,2020,0.48010
botswana,2021,0.48010
botswana,2022,0.48010
brazil,2000,0.51500
brazil,2001,0.50660
brazil,2002,0.49820
brazil,2003,0.48980
brazil,2004,0.48140
brazil,2005,0.47300
brazil,2006,0.46760
brazil,2007,0.46220
brazil,2008,0.45680
brazil,2009,0.45140
brazil,2010,0.44600
brazil,2011,0.44433
brazil,2012,0.44267
brazil,2013,0.44100
brazil,2014,0.45690
brazil,2015,0.45690
brazil,2016,0.45690
brazil,2017,0.45690
brazil,2018,0.45690
brazil,2019,0.45690
brazil,2020,0.45690
brazil,2021,0.45690
brazil,2022,0.45690
bulgaria,2005,0.22200
bulgaria,2006,0.22360
bulgaria,2007,0.22520
bulgaria,2008,0.22680
bulgaria,2009,0.22840
bulgaria,2010,0.23000
bulgaria,2011,0.22233
bulgaria,2012,0.21467
bulgaria,2013,0.20700
bulgaria,2014,0.21160
bulgaria,2015,0.21160
bulgaria,2016,0.21160
bulgaria,2017,0.21160
bulgaria,2018,0.21160
bulgaria,2019,0.21160
bulgaria,2020,0.21160
bulgaria,2021,0.21160
bulgaria,2022,0.21160
burkina_faso,2013,0.60700
burkina_faso,2014,0.63130
burkina_faso,2015,0.63130
burkina_faso,2016,0.63130
burkina_faso,2017,0.63130
burkina_faso,2018,0.63130
burkina_faso,2019,0.63130
burkina_faso,2020,0.63130
burkina_faso,2021,0.63130
burkina_faso,2022,0.63130
burundi,2000,0.59700
burundi,2001,0.58400
burundi,2002,0.57100
burundi,2003,0.55800
burundi,2004,0.54500
burundi,2005,0.53200
burundi,2006,0.52680
burundi,2007,0.52160
burundi,2008,0.51640
burundi,2009,0.51120
burundi,2010,0.50600
burundi,2011,0.50433
burundi,2012,0.50267
burundi,2013,0.50100
burundi,2014,0.49160
burundi,2015,0.49160
burundi,2016,0.49160
burundi,2017,0.49160
burundi,2018,0.49160
burundi,2019,0.49160
burundi,2020,0.49160
burundi,2021,0.49160
burundi,2022,0.49160
cambodia,2000,0.59900
cambodia,2001,0.58960
cambodia,2002,0.58020
cambodia,2003,0.57080
cambodia,2004,0.56140
cambodia,2005,0.55200
cambodia,2006,0.54040
cambodia,2007,0.52880
cambodia,2008,0.51720
cambodia,2009,0.50560
cambodia,2010,0.49400
cambodia,2011,0.49767
cambodia,2012,0.50133
cambodia,2013,0.50500
cambodia,2014,0.47750
cambodia,2015,0.47750
cambodia,2016,0.47750
cambodia,2017,0.47750
cambodia,2018,0.47750
cambodia,2019,0.47750
cambodia,2020,0.47750
cambodia,2021,0.47750
cambodia,2022,0.47750
cameroon,2005,0.66600
cameroon,2006,0.65980
cameroon,2007,0.65360
cameroon,2008,0.64740
cameroon,2009,0.64120
cameroon,2010,0.63500
cameroon,2011,0.63067
cameroon,2012,0.62633
cameroon,2013,0.62200
cameroon,2014,0.58730
cameroon,2015,0.58730
cameroon,2016,0.58730
cameroon,2017,0.58730
cameroon,2018,0.58730
cameroon,2019,0.58730
cameroon,2020,0.58730
cameroon,2021,0.58730
cameroon,2022,0.58730
canada,2005,0.14100
canada,2006,0.14060
canada,2007,0.14020
canada,2008,0.13980
canada,2009,0.13940
canada,2010,0.13900
canada,2011,0.13800
canada,2012,0.13700
canada,2013,0.13600
canada,2014,0.12920
canada,2015,0.12920
canada,2016,0.12920
canada,2017,0.12920
canada,2018,0.12920
canada,2019,0.12920
canada,2020,0.12920
canada,2021,0.12920
canada,2022,0.12920
central_african_republic,2005,0.68200
central_african_republic,2006,0.67850
central_african_republic,2007,0.67500
central_african_republic,2008,0.67150
central_african_republic,2009,0.66800
central_african_republic,2010,0.66450
central_african_republic,2011,0.66100
central_african_republic,2012,0.65750
central_african_republic,2013,0.65400
central_african_republic,2014,0.65490
central_african_republic,2015,0.65490
central_african_republic,2016,0.65490
central_african_republic,2017,0.65490
central_african_republic,2018,0.65490
central_african_republic,2019,0.65490
central_african_republic,2020,0.65490
central_african_republic,2021,0.65490
central_african_republic,2022,0.65490
chad,2013,0.70700
chad,2014,0.70650
chad,2015,0.70650
chad,2016,0.70650
chad,2017,0.70650
chad,2018,0.70650
chad,2019,0.70650
chad,2020,0.70650
chad,2021,0.70650
chad,2022,0.70650
chile,2000,0.43700
chile,2001,0.42880
chile,2002,0.42060
chile,2003,0.41240
chile,2004,0.40420
chile,2005,0.39600
chile,2006,0.38940
chile,2007,0.38280
chile,2008,0.37620
chile,2009,0.36960
chile,2010,0.36300
chile,2011,0.36033
chile,2012,0.35767
chile,2013,0.35500
chile,2014,0.33760
chile,2015,0.33760
chile,2016,0.33760
chile,2017,0.33760
chile,2018,0.33760
chile,2019,0.33760
chile,2020,0.33760
chile,2021,0.33760
chile,2022,0.33760
china,2000,0.57200
china,2001,0.50140
china,2002,0.43080
china,2003,0.36020
china,2004,0.28960
china,2005,0.21900
china,2006,0.21700
china,2007,0.21500
china,2008,0.21300
china,2009,0.21100
china,2010,0.20900
china,2011,0.20667
china,2012,0.20433
china,2013,0.20200
china,2014,0.19070
china,2015,0.19070
china,2016,0.19070
china,2017,0.19070
china,2018,0.19070
china,2019,0.19070
china,2020,0.19070
china,2021,0.19070
china,2022,0.19070
colombia,2000,0.52200
colombia,2001,0.51880
colombia,2002,0.51560
colombia,2003,0.51240
colombia,2004,0.50920
colombia,2005,0.50600
colombia,2006,0.49800
colombia,2007,0.49000
colombia,2008,0.48200
colombia,2009,0.47400
colombia,2010,0.46600
colombia,2011,0.46400
colombia,2012,0.46200
colombia,2013,0.46000
colombia,2014,0.42850
colombia,2015,0.42850
colombia,2016,0.42850
colombia,2017,0.42850
colombia,2018,0.42850
colombia,2019,0.42850
colombia,2020,0.42850
colombia,2021,0.42850
colombia,2022,0.42850
congo,2000,0.61300
congo,2001,0.61400
congo,2002,0.61500
congo,2003,0.61600
congo,2004,0.61700
congo,2005,0.61800
congo,2006,0.61840
congo,2007,0.61880
congo,2008,0.61920
congo,2009,0.61960
congo,2010,0.62000
congo,2011,0.61900
congo,2012,0.61800
congo,2013,0.61700
congo,2014,0.59340
congo,2015,0.59340
congo,2016,0.59340
congo,2017,0.59340
congo,2018,0.59340
congo,2019,0.59340
congo,2020,0.59340
congo,2021,0.59340
congo,2022,0.59340
costa_rica,2000,0.44600
costa_rica,2001,0.43500
costa_rica,2002,0.42400
costa_rica,2003,0.41300
costa_rica,2004,0.40200
costa_rica,2005,0.39100
costa_rica,2006,0.38300
costa_rica,2007,0.37500
costa_rica,2008,0.36700
costa_rica,2009,0.35900
costa_rica,2010,0.35100
costa_rica,2011,0.34867
costa_rica,2012,0.34633
costa_rica,2013,0.34400
costa_rica,2014,0.34920
costa_rica,2015,0.34920
costa_rica,2016,0.34920
costa_rica,2017,0.34920
costa_rica,2018,0.34920
costa_rica,2019,0.34920
costa_rica,2020,0.34920
costa_rica,2021,0.34920
costa_rica,2022,0.34920
cote_d_ivoire,2005,0.66900
cote_d_ivoire,2006,0.66540
cote_d_ivoire,2007,0.66180
cote_d_ivoire,2008,0.65820
cote_d_ivoire,2009,0.65460
cote_d_ivoire,2010,0.65100
cote_d_ivoire,2011,0.64900
cote_d_ivoire,2012,0.64700
cote_d_ivoire,2013,0.64500
cote_d_ivoire,2014,0.67890
cote_d_ivoire,2015,0.67890
cote_d_ivoire,2016,0.67890
cote_d_ivoire,2017,0.67890
cote_d_ivoire,2018,0.67890
cote_d_ivoire,2019,0.67890
cote_d_ivoire,2020,0.67890
cote_d_ivoire,2021,0.67890
cote_d_ivoire,2022,0.67890
croatia,2000,0.20800
croatia,2001,0.20520
croatia,2002,0.20240
croatia,2003,0.19960
croatia,2004,0.19680
croatia,2005,0.19400
croatia,2006,0.19200
croatia,2007,0.19000
croatia,2008,0.18800
croatia,2009,0.18600
croatia,2010,0.18400
croatia,2011,0.18000
croatia,2012,0.17600
croatia,2013,0.17200
croatia,2014,0.14890
croatia,2015,0.14890
croatia,2016,0.14890
croatia,2017,0.14890
croatia,2018,0.14890
croatia,2019,0.14890
croatia,2020,0.14890
croatia,2021,0.14890
croatia,2022,0.14890
cuba,2000,0.41900
cuba,2001,0.41100
cuba,2002,0.40300
cuba,2003,0.39500
cuba,2004,0.38700
cuba,2005,0.37900
cuba,2006,0.37540
cuba,2007,0.37180
cuba,2008,0.36820
cuba,2009,0.36460
cuba,2010,0.36100
cuba,2011,0.35733
cuba,2012,0.35367
cuba,2013,0.35000
cuba,2014,0.35590
cuba,2015,0.35590
cuba,2016,0.35590
cuba,2017,0.35590
cuba,2018,0.35590
cuba,2019,0.35590
cuba,2020,0.35590
cuba,2021,0.35590
cuba,2022,0.35590
cyprus,2005,0.15000
cyprus,2006,0.14760
cyprus,2007,0.14520
cyprus,2008,0.14280
cyprus,2009,0.14040
cyprus,2010,0.13800
cyprus,2011,0.13733
cyprus,2012,0.13667
cyprus,2013,0.13600
cyprus,2014,0.12390
cyprus,2015,0.12390
cyprus,2016,0.12390
cyprus,2017,0.12390
cyprus,2018,0.12390
cyprus,2019,0.12390
cyprus,2020,0.12390
cyprus,2021,0.12390
cyprus,2022,0.12390
czechia,2000,0.20500
czechia,2001,0.19460
czechia,2002,0.18420
czechia,2003,0.17380
czechia,2004,0.16340
czechia,2005,0.15300
czechia,2006,0.14960
czechia,2007,0.14620
czechia,2008,0.14280
czechia,2009,0.13940
czechia,2010,0.13600
czechia,2011,0.11967
czechia,2012,0.10333
czechia,2013,0.087000
czechia,2014,0.091400
czechia,2015,0.091400
czechia,2016,0.091400
czechia,2017,0.091400
czechia,2018,0.091400
czechia,2019,0.091400
czechia,2020,0.091400
czechia,2021,0.091400
czechia,2022,0.091400
democratic_republic_of_the_congo,2005,0.67300
democratic_republic_of_the_congo,2006,0.67280
democratic_republic_of_the_congo,2007,0.67260
democratic_republic_of_the_congo,2008,0.67240
democratic_republic_of_the_congo,2009,0.67220
democratic_republic_of_the_congo,2010,0.67200
democratic_republic_of_the_congo,2011,0.67100
democratic_republic_of_the_congo,2012,0.67000
democratic_republic_of_the_congo,2013,0.66900
democratic_republic_of_the_congo,2014,0.67300
democratic_republic_of_the_congo,2015,0.67300
democratic_republic_of_the_congo,2016,0.67300
democratic_republic_of_the_congo,2017,0.67300
democratic_republic_of_the_congo,2018,0.67300
democratic_republic_of_the_congo,2019,0.67300
democratic_republic_of_the_congo,2020,0.67300
democratic_republic_of_the_congo,2021,0.67300
democratic_republic_of_the_congo,2022,0.67300
denmark,2000,0.079000
denmark,2001,0.076800
denmark,2002,0.074600
denmark,2003,0.072400
denmark,2004,0.070200
denmark,2005,0.068000
denmark,2006,0.068000
denmark,2007,0.068000
denmark,2008,0.068000
denmark,2009,0.068000
denmark,2010,0.068000
denmark,2011,0.064000
denmark,2012,0.060000
denmark,2013,0.056000
denmark,2014,0.048400
denmark,2015,0.048400
denmark,2016,0.048400
denmark,2017,0.048400
denmark,2018,0.048400
denmark,2019,0.048400
denmark,2020,0.048400
denmark,2021,0.048400
denmark,2022,0.048400
dominican_republic,2000,0.52400
dominican_republic,2001,0.52200
dominican_republic,2002,0.52000
dominican_republic,2003,0.51800
dominican_republic,2004,0.51600
dominican_republic,2005,0.51400
dominican_republic,2006,0.51240
dominican_republic,2007,0.51080
dominican_republic,2008,0.50920
dominican_republic,2009,0.50760
dominican_republic,2010,0.50600
dominican_republic,2011,0.50567
dominican_republic,2012,0.50533
dominican_republic,2013,0.50500
dominican_republic,2014,0.47730
dominican_republic,2015,0.47730
dominican_republic,2016,0.47730
dominican_republic,2017,0.47730
dominican_republic,2018,0.47730
dominican_republic,2019,0.47730
dominican_republic,2020,0.47730
dominican_republic,2021,0.47730
dominican_republic,2022,0.47730
ecuador,2000,0.50700
ecuador,2001,0.50260
ecuador,2002,0.49820
ecuador,2003,0.49380
ecuador,2004,0.48940
ecuador,2005,0.48500
ecuador,2006,0.47740
ecuador,2007,0.46980
ecuador,2008,0.46220
ecuador,2009,0.45460
ecuador,2010,0.44700
ecuador,2011,0.44100
ecuador,2012,0.43500
ecuador,2013,0.42900
ecuador,2014,0.40730
ecuador,2015,0.40730
ecuador,2016,0.40730
ecuador,2017,0.40730
ecuador,2018,0.40730
ecuador,2019,0.40730
ecuador,2020,0.40730
ecuador,2021,0.40730
ecuador,2022,0.40730
egypt,2000,0.66000
egypt,2001,0.64880
egypt,2002,0.63760
egypt,2003,0.62640
egypt,2004,0.61520
egypt,2005,0.60400
egypt,2006,0.60100
egypt,2007,0.59800
egypt,2008,0.59500
egypt,2009,0.59200
egypt,2010,0.58900
egypt,2011,0.58600
egypt,2012,0.58300
egypt,2013,0.58000
egypt,2014,0.57260
egypt,2015,0.57260
egypt,2016,0.57260
egypt,2017,0.57260
egypt,2018,0.57260
egypt,2019,0.57260
egypt,2020,0.57260
egypt,2021,0.57260
egypt,2022,0.57260
el_salvador,2005,0.51700
el_salvador,2006,0.50680
el_salvador,2007,0.49660
el_salvador,2008,0.48640
el_salvador,2009,0.47620
el_salvador,2010,0.46600
el_salvador,2011,0.45767
el_salvador,2012,0.44933
el_salvador,2013,0.44100
el_salvador,2014,0.42690
el_salvador,2015,0.42690
el_salvador,2016,0.42690
el_salvador,2017,0.42690
el_salvador,2018,0.42690
el_salvador,2019,0.42690
el_salvador,2020,0.42690
el_salvador,2021,0.42690
el_salvador,2022,0.42690
estonia,2000,0.29000
estonia,2001,0.28020
estonia,2002,0.27040
estonia,2003,0.26060
estonia,2004,0.25080
estonia,2005,0.24100
estonia,2006,0.23012
estonia,2007,0.21925
estonia,2008,0.20838
estonia,2009,0.19750
estonia,2010,0.18663
estonia,2011,0.17575
estonia,2012,0.16487
estonia,2013,0.15400
estonia,2014,0.16380
estonia,2015,0.16380
estonia,2016,0.16380
estonia,2017,0.16380
estonia,2018,0.16380
estonia,2019,0.16380
estonia,2020,0.16380
estonia,2021,0.16380
estonia,2022,0.16380
eswatini,2000,0.61300
eswatini,2001,0.60580
eswatini,2002,0.59860
eswatini,2003,0.59140
eswatini,2004,0.58420
eswatini,2005,0.57700
eswatini,2006,0.57000
eswatini,2007,0.56300
eswatini,2008,0.55600
eswatini,2009,0.54900
eswatini,2010,0.54200
eswatini,2011,0.53767
eswatini,2012,0.53333
eswatini,2013,0.52900
eswatini,2014,0.55720
eswatini,2015,0.55720
eswatini,2016,0.55720
eswatini,2017,0.55720
eswatini,2018,0.55720
eswatini,2019,0.55720
eswatini,2020,0.55720
eswatini,2021,0.55720
eswatini,2022,0.55720
ethiopia,2013,0.54700
ethiopia,2014,0.55830
ethiopia,2015,0.55830
ethiopia,2016,0.55830
ethiopia,2017,0.55830
ethiopia,2018,0.55830
ethiopia,2019,0.55830
ethiopia,2020,0.55830
ethiopia,2021,0.55830
ethiopia,2022,0.55830
fiji,2005,0.38700
fiji,2006,0.39046
fiji,2007,0.39391
fiji,2008,0.39737
fiji,2009,0.40082
fiji,2010,0.40428
fiji,2011,0.40773
fiji,2012,0.41119
fiji,2013,0.41464
fiji,2014,0.41810
fiji,2015,0.41810
fiji,2016,0.41810
fiji,2017,0.41810
fiji,2018,0.41810
fiji,2019,0.41810
fiji,2020,0.41810
fiji,2021,0.41810
fiji,2022,0.41810
finland,2000,0.088000
finland,2001,0.088200
finland,2002,0.088400
finland,2003,0.088600
finland,2004,0.088800
finland,2005,0.089000
finland,2006,0.086600
finland,2007,0.084200
finland,2008,0.081800
finland,2009,0.079400
finland,2010,0.077000
finland,2011,0.076333
finland,2012,0.075667
finland,2013,0.075000
finland,2014,0.074700
finland,2015,0.074700
finland,2016,0.074700
finland,2017,0.074700
finland,2018,0.074700
finland,2019,0.074700
finland,2020,0.074700
finland,2021,0.074700
finland,2022,0.074700
france,2000,0.18200
france,2001,0.17700
france,2002,0.17200
france,2003,0.16700
france,2004,0.16200
france,2005,0.15700
france,2006,0.15060
france,2007,0.14420
france,2008,0.13780
france,2009,0.13140
france,2010,0.12500
france,2011,0.11000
france,2012,0.095000
france,2013,0.080000
france,2014,0.088400
france,2015,0.088400
france,2016,0.088400
france,2017,0.088400
france,2018,0.088400
france,2019,0.088400
france,2020,0.088400
france,2021,0.088400
france,2022,0.088400
gabon,2005,0.54700
gabon,2006,0.54100
gabon,2007,0.53500
gabon,2008,0.52900
gabon,2009,0.52300
gabon,2010,0.51700
gabon,2011,0.51400
gabon,2012,0.51100
gabon,2013,0.50800
gabon,2014,0.51370
gabon,2015,0.51370
gabon,2016,0.51370
gabon,2017,0.51370
gabon,2018,0.51370
gabon,2019,0.51370
gabon,2020,0.51370
gabon,2021,0.51370
gabon,2022,0.51370
gambia,2000,0.71800
gambia,2001,0.69720
gambia,2002,0.67640
gambia,2003,0.65560
gambia,2004,0.63480
gambia,2005,0.61400
gambia,2006,0.61580
gambia,2007,0.61760
gambia,2008,0.61940
gambia,2009,0.62120
gambia,2010,0.62300
gambia,2011,0.62333
gambia,2012,0.62367
gambia,2013,0.62400
gambia,2014,0.62240
gambia,2015,0.62240
gambia,2016,0.62240
gambia,2017,0.62240
gambia,2018,0.62240
gambia,2019,0.62240
gambia,2020,0.62240
gambia,2021,0.62240
gambia,2022,0.62240
georgia,2014,0.38160
georgia,2015,0.38160
georgia,2016,0.38160
georgia,2017,0.38160
georgia,2018,0.38160
georgia,2019,0.38160
georgia,2020,0.38160
georgia,2021,0.38160
georgia,2022,0.38160
germany,2000,0.13200
germany,2001,0.12900
germany,2002,0.12600
germany,2003,0.12300
germany,2004,0.12000
germany,2005,0.11700
germany,2006,0.11300
germany,2007,0.10900
germany,2008,0.10500
germany,2009,0.10100
germany,2010,0.097000
germany,2011,0.080000
germany,2012,0.063000
germany,2013,0.046000
germany,2014,0.040700
germany,2015,0.040700
germany,2016,0.040700
germany,2017,0.040700
germany,2018,0.040700
germany,2019,0.040700
germany,2020,0.040700
germany,2021,0.040700
germany,2022,0.040700
ghana,2005,0.58200
ghana,2006,0.57940
ghana,2007,0.57680
ghana,2008,0.57420
ghana,2009,0.57160
ghana,2010,0.56900
ghana,2011,0.56233
ghana,2012,0.55567
ghana,2013,0.54900
ghana,2014,0.55370
ghana,2015,0.55370
ghana,2016,0.55370
ghana,2017,0.55370
ghana,2018,0.55370
ghana,2019,0.55370
ghana,2020,0.55370
ghana,2021,0.55370
ghana,2022,0.55370
greece,2005,0.17900
greece,2006,0.17520
greece,2007,0.17140
greece,2008,0.16760
greece,2009,0.16380
greece,2010,0.16000
greece,2011,0.15533
greece,2012,0.15067
greece,2013,0.14600
greece,2014,0.14640
greece,2015,0.14640
greece,2016,0.14640
greece,2017,0.14640
greece,2018,0.14640
greece,2019,0.14640
greece,2020,0.14640
greece,2021,0.14640
greece,2022,0.14640
guatemala,2005,0.57700
guatemala,2006,0.57100
guatemala,2007,0.56500
guatemala,2008,0.55900
guatemala,2009,0.55300
guatemala,2010,0.54700
guatemala,2011,0.53900
guatemala,2012,0.53100
guatemala,2013,0.52300
guatemala,2014,0.53320
guatemala,2015,0.53320
guatemala,2016,0.53320
guatemala,2017,0.53320
guatemala,2018,0.53320
guatemala,2019,0.53320
guatemala,2020,0.53320
guatemala,2021,0.53320
guatemala,2022,0.53320
guyana,2000,0.52800
guyana,2001,0.52860
guyana,2002,0.52920
guyana,2003,0.52980
guyana,2004,0.53040
guyana,2005,0.53100
guyana,2006,0.53200
guyana,2007,0.53300
guyana,2008,0.53400
guyana,2009,0.53500
guyana,2010,0.53600
guyana,2011,0.53200
guyana,2012,0.52800
guyana,2013,0.52400
guyana,2014,0.51530
guyana,2015,0.51530
guyana,2016,0.51530
guyana,2017,0.51530
guyana,2018,0.51530
guyana,2019,0.51530
guyana,2020,0.51530
guyana,2021,0.51530
guyana,2022,0.51530
haiti,2005,0.57400
haiti,2006,0.57840
haiti,2007,0.58280
haiti,2008,0.58720
haiti,2009,0.59160
haiti,2010,0.59600
haiti,2011,0.59700
haiti,2012,0.59800
haiti,2013,0.59900
haiti,2014,0.60260
haiti,2015,0.60260
haiti,2016,0.60260
haiti,2017,0.60260
haiti,2018,0.60260
haiti,2019,0.60260
haiti,2020,0.60260
haiti,2021,0.60260
haiti,2022,0.60260
honduras,2005,0.51600
honduras,2006,0.51360
honduras,2007,0.51120
honduras,2008,0.50880
honduras,2009,0.50640
honduras,2010,0.50400
honduras,2011,0.49667
honduras,2012,0.48933
honduras,2013,0.48200
honduras,2014,0.47960
honduras,2015,0.47960
honduras,2016,0.47960
honduras,2017,0.47960
honduras,2018,0.47960
honduras,2019,0.47960
honduras,2020,0.47960
honduras,2021,0.47960
honduras,2022,0.47960
hungary,2005,0.23400
hungary,2006,0.24340
hungary,2007,0.25280
hungary,2008,0.26220
hungary,2009,0.27160
hungary,2010,0.28100
hungary,2011,0.26967
hungary,2012,0.25833
hungary,2013,0.24700
hungary,2014,0.20890
hungary,2015,0.20890
hungary,2016,0.20890
hungary,2017,0.20890
hungary,2018,0.20890
hungary,2019,0.20890
hungary,2020,0.20890
hungary,2021,0.20890
hungary,2022,0.20890
iceland,2000,0.14000
iceland,2001,0.13620
iceland,2002,0.13240
iceland,2003,0.12860
iceland,2004,0.12480
iceland,2005,0.12100
iceland,2006,0.11600
iceland,2007,0.11100
iceland,2008,0.10600
iceland,2009,0.10100
iceland,2010,0.096000
iceland,2011,0.093333
iceland,2012,0.090667
iceland,2013,0.088000
iceland,2014,0.086900
iceland,2015,0.086900
iceland,2016,0.086900
iceland,2017,0.086900
iceland,2018,0.086900
iceland,2019,0.086900
iceland,2020,0.086900
iceland,2021,0.086900
iceland,2022,0.086900
india,2005,0.62100
india,2006,0.61480
india,2007,0.60860
india,2008,0.60240
india,2009,0.59620
india,2010,0.59000
india,2011,0.58100
india,2012,0.57200
india,2013,0.56300
india,2014,0.56290
india,2015,0.56290
india,2016,0.56290
india,2017,0.56290
india,2018,0.56290
india,2019,0.56290
india,2020,0.56290
india,2021,0.56290
india,2022,0.56290
indonesia,2005,0.55100
indonesia,2006,0.54240
indonesia,2007,0.53380
indonesia,2008,0.52520
indonesia,2009,0.51660
indonesia,2010,0.50800
indonesia,2011,0.50533
indonesia,2012,0.50267
indonesia,2013,0.50000
indonesia,2014,0.49400
indonesia,2015,0.49400
indonesia,2016,0.49400
indonesia,2017,0.49400
indonesia,2018,0.49400
indonesia,2019,0.49400
indonesia,2020,0.49400
indonesia,2021,0.49400
indonesia,2022,0.49400
iran_islamic_republic_of,2000,0.62200
iran_islamic_republic_of,2001,0.60300
iran_islamic_republic_of,2002,0.58400
iran_islamic_republic_of,2003,0.56500
iran_islamic_republic_of,2004,0.54600
iran_islamic_republic_of,2005,0.52700
iran_islamic_republic_of,2006,0.52860
iran_islamic_republic_of,2007,0.53020
iran_islamic_republic_of,2008,0.53180
iran_islamic_republic_of,2009,0.53340
iran_islamic_republic_of,2010,0.53500
iran_islamic_republic_of,2011,0.52667
iran_islamic_republic_of,2012,0.51833
iran_islamic_republic_of,2013,0.51000
iran_islamic_republic_of,2014,0.51460
iran_islamic_republic_of,2015,0.51460
iran_islamic_republic_of,2016,0.51460
iran_islamic_republic_of,2017,0.51460
iran_islamic_republic_of,2018,0.51460
iran_islamic_republic_of,2019,0.51460
iran_islamic_republic_of,2020,0.51460
iran_islamic_republic_of,2021,0.51460
iran_islamic_republic_of,2022,0.51460
iraq,2005,0.79700
iraq,2006,0.74720
iraq,2007,0.69740
iraq,2008,0.64760
iraq,2009,0.59780
iraq,2010,0.54800
iraq,2011,0.54600
iraq,2012,0.54400
iraq,2013,0.54200
iraq,2014,0.53880
iraq,2015,0.53880
iraq,2016,0.53880
iraq,2017,0.53880
iraq,2018,0.53880
iraq,2019,0.53880
iraq,2020,0.53880
iraq,2021,0.53880
iraq,2022,0.53880
ireland,2000,0.20400
ireland,2001,0.20220
ireland,2002,0.20040
ireland,2003,0.19860
ireland,2004,0.19680
ireland,2005,0.19500
ireland,2006,0.18980
ireland,2007,0.18460
ireland,2008,0.17940
ireland,2009,0.17420
ireland,2010,0.16900
ireland,2011,0.15100
ireland,2012,0.13300
ireland,2013,0.11500
ireland,2014,0.11290
ireland,2015,0.11290
ireland,2016,0.11290
ireland,2017,0.11290
ireland,2018,0.11290
ireland,2019,0.11290
ireland,2020,0.11290
ireland,2021,0.11290
ireland,2022,0.11290
israel,2000,0.19200
israel,2001,0.18780
israel,2002,0.18360
israel,2003,0.17940
israel,2004,0.17520
israel,2005,0.17100
israel,2006,0.16540
israel,2007,0.15980
israel,2008,0.15420
israel,2009,0.14860
israel,2010,0.14300
israel,2011,0.12900
israel,2012,0.11500
israel,2013,0.10100
israel,2014,0.10090
israel,2015,0.10090
israel,2016,0.10090
israel,2017,0.10090
israel,2018,0.10090
israel,2019,0.10090
israel,2020,0.10090
israel,2021,0.10090
israel,2022,0.10090
italy,2000,0.18400
italy,2001,0.18220
italy,2002,0.18040
italy,2003,0.17860
italy,2004,0.17680
italy,2005,0.17500
italy,2006,0.16460
italy,2007,0.15420
italy,2008,0.14380
italy,2009,0.13340
italy,2010,0.12300
italy,2011,0.10433
italy,2012,0.085667
italy,2013,0.067000
italy,2014,0.067600
italy,2015,0.067600
italy,2016,0.067600
italy,2017,0.067600
italy,2018,0.067600
italy,2019,0.067600
italy,2020,0.067600
italy,2021,0.067600
italy,2022,0.067600
jamaica,2000,0.45700
jamaica,2001,0.45860
jamaica,2002,0.46020
jamaica,2003,0.46180
jamaica,2004,0.46340
jamaica,2005,0.46500
jamaica,2006,0.46460
jamaica,2007,0.46420
jamaica,2008,0.46380
jamaica,2009,0.46340
jamaica,2010,0.46300
jamaica,2011,0.46100
jamaica,2012,0.45900
jamaica,2013,0.45700
jamaica,2014,0.43000
jamaica,2015,0.43000
jamaica,2016,0.43000
jamaica,2017,0.43000
jamaica,2018,0.43000
jamaica,2019,0.43000
jamaica,2020,0.43000
jamaica,2021,0.43000
jamaica,2022,0.43000
japan,2000,0.13600
japan,2001,0.13860
japan,2002,0.14120
japan,2003,0.14380
japan,2004,0.14640
japan,2005,0.14900
japan,2006,0.14360
japan,2007,0.13820
japan,2008,0.13280
japan,2009,0.12740
japan,2010,0.12200
japan,2011,0.12733
japan,2012,0.13267
japan,2013,0.13800
japan,2014,0.13260
japan,2015,0.13260
japan,2016,0.13260
japan,2017,0.13260
japan,2018,0.13260
japan,2019,0.13260
japan,2020,0.13260
japan,2021,0.13260
japan,2022,0.13260
jordan,2000,0.63900
jordan,2001,0.62560
jordan,2002,0.61220
jordan,2003,0.59880
jordan,2004,0.58540
jordan,2005,0.57200
jordan,2006,0.55800
jordan,2007,0.54400
jordan,2008,0.53000
jordan,2009,0.51600
jordan,2010,0.50200
jordan,2011,0.49733
jordan,2012,0.49267
jordan,2013,0.48800
jordan,2014,0.47340
jordan,2015,0.47340
jordan,2016,0.47340
jordan,2017,0.47340
jordan,2018,0.47340
jordan,2019,0.47340
jordan,2020,0.47340
jordan,2021,0.47340
jordan,2022,0.47340
kazakhstan,2000,0.40700
kazakhstan,2001,0.39940
kazakhstan,2002,0.39180
kazakhstan,2003,0.38420
kazakhstan,2004,0.37660
kazakhstan,2005,0.36900
kazakhstan,2006,0.36280
kazakhstan,2007,0.35660
kazakhstan,2008,0.35040
kazakhstan,2009,0.34420
kazakhstan,2010,0.33800
kazakhstan,2011,0.33300
kazakhstan,2012,0.32800
kazakhstan,2013,0.32300
kazakhstan,2014,0.26720
kazakhstan,2015,0.26720
kazakhstan,2016,0.26720
kazakhstan,2017,0.26720
kazakhstan,2018,0.26720
kazakhstan,2019,0.26720
kazakhstan,2020,0.26720
kazakhstan,2021,0.26720
kazakhstan,2022,0.26720
kenya,2000,0.68200
kenya,2001,0.67400
kenya,2002,0.66600
kenya,2003,0.65800
kenya,2004,0.65000
kenya,2005,0.64200
kenya,2006,0.63480
kenya,2007,0.62760
kenya,2008,0.62040
kenya,2009,0.61320
kenya,2010,0.60600
kenya,2011,0.58667
kenya,2012,0.56733
kenya,2013,0.54800
kenya,2014,0.55220
kenya,2015,0.55220
kenya,2016,0.55220
kenya,2017,0.55220
kenya,2018,0.55220
kenya,2019,0.55220
kenya,2020,0.55220
kenya,2021,0.55220
kenya,2022,0.55220
kuwait,2000,0.58100
kuwait,2001,0.53940
kuwait,2002,0.49780
kuwait,2003,0.45620
kuwait,2004,0.41460
kuwait,2005,0.37300
kuwait,2006,0.35120
kuwait,2007,0.32940
kuwait,2008,0.30760
kuwait,2009,0.28580
kuwait,2010,0.26400
kuwait,2011,0.27200
kuwait,2012,0.28000
kuwait,2013,0.28800
kuwait,2014,0.38730
kuwait,2015,0.38730
kuwait,2016,0.38730
kuwait,2017,0.38730
kuwait,2018,0.38730
kuwait,2019,0.38730
kuwait,2020,0.38730
kuwait,2021,0.38730
kuwait,2022,0.38730
kyrgyzstan,2000,0.49000
kyrgyzstan,2001,0.52720
kyrgyzstan,2002,0.56440
kyrgyzstan,2003,0.60160
kyrgyzstan,2004,0.63880
kyrgyzstan,2005,0.67600
kyrgyzstan,2006,0.61060
kyrgyzstan,2007,0.54520
kyrgyzstan,2008,0.47980
kyrgyzstan,2009,0.41440
kyrgyzstan,2010,0.34900
kyrgyzstan,2011,0.34867
kyrgyzstan,2012,0.34833
kyrgyzstan,2013,0.34800
kyrgyzstan,2014,0.35280
kyrgyzstan,2015,0.35280
kyrgyzstan,2016,0.35280
kyrgyzstan,2017,0.35280
kyrgyzstan,2018,0.35280
kyrgyzstan,2019,0.35280
kyrgyzstan,2020,0.35280
kyrgyzstan,2021,0.35280
kyrgyzstan,2022,0.35280
lao_people_s_democratic_republic,2000,0.60400
lao_people_s_democratic_republic,2001,0.59680
lao_people_s_democratic_republic,2002,0.58960
lao_people_s_democratic_republic,2003,0.58240
lao_people_s_democratic_republic,2004,0.57520
lao_people_s_democratic_republic,2005,0.56800
lao_people_s_democratic_republic,2006,0.56280
lao_people_s_democratic_republic,2007,0.55760
lao_people_s_democratic_republic,2008,0.55240
lao_people_s_democratic_republic,2009,0.54720
lao_people_s_democratic_republic,2010,0.54200
lao_people_s_democratic_republic,2011,0.53933
lao_people_s_democratic_republic,2012,0.53667
lao_people_s_democratic_republic,2013,0.53400
lao_people_s_democratic_republic,2014,0.53400
lao_people_s_democratic_republic,2015,0.53400
lao_people_s_democratic_republic,2016,0.53400
lao_people_s_democratic_republic,2017,0.53400
lao_people_s_democratic_republic,2018,0.53400
lao_people_s_democratic_republic,2019,0.53400
lao_people_s_democratic_republic,2020,0.53400
lao_people_s_democratic_republic,2021,0.53400
lao_people_s_democratic_republic,2022,0.53400
latvia,2000,0.30000
latvia,2001,0.28280
latvia,2002,0.26560
latvia,2003,0.24840
latvia,2004,0.23120
latvia,2005,0.21400
latvia,2006,0.22160
latvia,2007,0.22920
latvia,2008,0.23680
latvia,2009,0.24440
latvia,2010,0.25200
latvia,2011,0.24200
latvia,2012,0.23200
latvia,2013,0.22200
latvia,2014,0.16660
latvia,2015,0.16660
latvia,2016,0.16660
latvia,2017,0.16660
latvia,2018,0.16660
latvia,2019,0.16660
latvia,2020,0.16660
latvia,2021,0.16660
latvia,2022,0.16660
lebanon,2013,0.41300
lebanon,2014,0.38480
lebanon,2015,0.38480
lebanon,2016,0.38480
lebanon,2017,0.38480
lebanon,2018,0.38480
lebanon,2019,0.38480
lebanon,2020,0.38480
lebanon,2021,0.38480
lebanon,2022,0.38480
lesotho,2000,0.60000
lesotho,2001,0.59640
lesotho,2002,0.59280
lesotho,2003,0.58920
lesotho,2004,0.58560
lesotho,2005,0.58200
lesotho,2006,0.57780
lesotho,2007,0.57360
lesotho,2008,0.56940
lesotho,2009,0.56520
lesotho,2010,0.56100
lesotho,2011,0.55967
lesotho,2012,0.55833
lesotho,2013,0.55700
lesotho,2014,0.54060
lesotho,2015,0.54060
lesotho,2016,0.54060
lesotho,2017,0.54060
lesotho,2018,0.54060
lesotho,2019,0.54060
lesotho,2020,0.54060
lesotho,2021,0.54060
lesotho,2022,0.54060
liberia,2000,0.68800
liberia,2001,0.68540
liberia,2002,0.68280
liberia,2003,0.68020
liberia,2004,0.67760
liberia,2005,0.67500
liberia,2006,0.67140
liberia,2007,0.66780
liberia,2008,0.66420
liberia,2009,0.66060
liberia,2010,0.65700
liberia,2011,0.65633
liberia,2012,0.65567
liberia,2013,0.65500
liberia,2014,0.65120
liberia,2015,0.65120
liberia,2016,0.65120
liberia,2017,0.65120
liberia,2018,0.65120
liberia,2019,0.65120
liberia,2020,0.65120
liberia,2021,0.65120
liberia,2022,0.65120
libya,2005,0.33900
libya,2006,0.32700
libya,2007,0.31500
libya,2008,0.30300
libya,2009,0.29100
libya,2010,0.27900
libya,2011,0.25767
libya,2012,0.23633
libya,2013,0.21500
libya,2014,0.13400
libya,2015,0.13400
libya,2016,0.13400
libya,2017,0.13400
libya,2018,0.13400
libya,2019,0.13400
libya,2020,0.13400
libya,2021,0.13400
libya,2022,0.13400
lithuania,2005,0.19300
lithuania,2006,0.18780
lithuania,2007,0.18260
lithuania,2008,0.17740
lithuania,2009,0.17220
lithuania,2010,0.16700
lithuania,2011,0.15000
lithuania,2012,0.13300
lithuania,2013,0.11600
lithuania,2014,0.12470
lithuania,2015,0.12470
lithuania,2016,0.12470
lithuania,2017,0.12470
lithuania,2018,0.12470
lithuania,2019,0.12470
lithuania,2020,0.12470
lithuania,2021,0.12470
lithuania,2022,0.12470
luxembourg,2000,0.16900
luxembourg,2001,0.17040
luxembourg,2002,0.17180
luxembourg,2003,0.17320
luxembourg,2004,0.17460
luxembourg,2005,0.17600
luxembourg,2006,0.17640
luxembourg,2007,0.17680
luxembourg,2008,0.17720
luxembourg,2009,0.17760
luxembourg,2010,0.17800
luxembourg,2011,0.17000
luxembourg,2012,0.16200
luxembourg,2013,0.15400
luxembourg,2014,0.099900
luxembourg,2015,0.099900
luxembourg,2016,0.099900
luxembourg,2017,0.099900
luxembourg,2018,0.099900
luxembourg,2019,0.099900
luxembourg,2020,0.099900
luxembourg,2021,0.099900
luxembourg,2022,0.099900
malawi,2005,0.65400
malawi,2006,0.64300
malawi,2007,0.63200
malawi,2008,0.62100
malawi,2009,0.61000
malawi,2010,0.59900
malawi,2011,0.59633
malawi,2012,0.59367
malawi,2013,0.59100
malawi,2014,0.61110
malawi,2015,0.61110
malawi,2016,0.61110
malawi,2017,0.61110
malawi,2018,0.61110
malawi,2019,0.61110
malawi,2020,0.61110
malawi,2021,0.61110
malawi,2022,0.61110
malaysia,2000,0.31000
malaysia,2001,0.30600
malaysia,2002,0.30200
malaysia,2003,0.29800
malaysia,2004,0.29400
malaysia,2005,0.29000
malaysia,2006,0.28580
malaysia,2007,0.28160
malaysia,2008,0.27740
malaysia,2009,0.27320
malaysia,2010,0.26900
malaysia,2011,0.24933
malaysia,2012,0.22967
malaysia,2013,0.21000
malaysia,2014,0.20900
malaysia,2015,0.20900
malaysia,2016,0.20900
malaysia,2017,0.20900
malaysia,2018,0.20900
malaysia,2019,0.20900
malaysia,2020,0.20900
malaysia,2021,0.20900
malaysia,2022,0.20900
maldives,2005,0.42400
maldives,2006,0.40920
maldives,2007,0.39440
maldives,2008,0.37960
maldives,2009,0.36480
maldives,2010,0.35000
maldives,2011,0.32767
maldives,2012,0.30533
maldives,2013,0.28300
maldives,2014,0.24270
maldives,2015,0.24270
maldives,2016,0.24270
maldives,2017,0.24270
maldives,2018,0.24270
maldives,2019,0.24270
maldives,2020,0.24270
maldives,2021,0.24270
maldives,2022,0.24270
mali,2000,0.70700
mali,2001,0.70680
mali,2002,0.70660
mali,2003,0.70640
mali,2004,0.70620
mali,2005,0.70600
mali,2006,0.70200
mali,2007,0.69800
mali,2008,0.69400
mali,2009,0.69000
mali,2010,0.68600
mali,2011,0.68167
mali,2012,0.67733
mali,2013,0.67300
mali,2014,0.67670
mali,2015,0.67670
mali,2016,0.67670
mali,2017,0.67670
mali,2018,0.67670
mali,2019,0.67670
mali,2020,0.67670
mali,2021,0.67670
mali,2022,0.67670
malta,2005,0.27000
malta,2006,0.26940
malta,2007,0.26880
malta,2008,0.26820
malta,2009,0.26760
malta,2010,0.26700
malta,2011,0.25133
malta,2012,0.23567
malta,2013,0.22000
malta,2014,0.22660
malta,2015,0.22660
malta,2016,0.22660
malta,2017,0.22660
malta,2018,0.22660
malta,2019,0.22660
malta,2020,0.22660
malta,2021,0.22660
malta,2022,0.22660
mauritania,2000,0.76300
mauritania,2001,0.75180
mauritania,2002,0.74060
mauritania,2003,0.72940
mauritania,2004,0.71820
mauritania,2005,0.70700
mauritania,2006,0.69580
mauritania,2007,0.68460
mauritania,2008,0.67340
mauritania,2009,0.66220
mauritania,2010,0.65100
mauritania,2011,0.64867
mauritania,2012,0.64633
mauritania,2013,0.64400
mauritania,2014,0.61050
mauritania,2015,0.61050
mauritania,2016,0.61050
mauritania,2017,0.61050
mauritania,2018,0.61050
mauritania,2019,0.61050
mauritania,2020,0.61050
mauritania,2021,0.61050
mauritania,2022,0.61050
mauritius,2005,0.35600
mauritius,2006,0.36100
mauritius,2007,0.36600
mauritius,2008,0.37100
mauritius,2009,0.37600
mauritius,2010,0.38100
mauritius,2011,0.37900
mauritius,2012,0.37700
mauritius,2013,0.37500
mauritius,2014,0.41880
mauritius,2015,0.41880
mauritius,2016,0.41880
mauritius,2017,0.41880
mauritius,2018,0.41880
mauritius,2019,0.41880
mauritius,2020,0.41880
mauritius,2021,0.41880
mauritius,2022,0.41880
mexico,2000,0.49400
mexico,2001,0.48080
mexico,2002,0.46760
mexico,2003,0.45440
mexico,2004,0.44120
mexico,2005,0.42800
mexico,2006,0.42380
mexico,2007,0.41960
mexico,2008,0.41540
mexico,2009,0.41120
mexico,2010,0.40700
mexico,2011,0.39667
mexico,2012,0.38633
mexico,2013,0.37600
mexico,2014,0.37280
mexico,2015,0.37280
mexico,2016,0.37280
mexico,2017,0.37280
mexico,2018,0.37280
mexico,2019,0.37280
mexico,2020,0.37280
mexico,2021,0.37280
mexico,2022,0.37280
mongolia,2005,0.40100
mongolia,2006,0.40200
mongolia,2007,0.40300
mongolia,2008,0.40400
mongolia,2009,0.40500
mongolia,2010,0.40600
mongolia,2011,0.37733
mongolia,2012,0.34867
mongolia,2013,0.32000
mongolia,2014,0.32540
mongolia,2015,0.32540
mongolia,2016,0.32540
mongolia,2017,0.32540
mongolia,2018,0.32540
mongolia,2019,0.32540
mongolia,2020,0.32540
mongolia,2021,0.32540
mongolia,2022,0.32540
montenegro,2014,0.17110
montenegro,2015,0.17110
montenegro,2016,0.17110
montenegro,2017,0.17110
montenegro,2018,0.17110
montenegro,2019,0.17110
montenegro,2020,0.17110
montenegro,2021,0.17110
montenegro,2022,0.17110
morocco,2000,0.66400
morocco,2001,0.63380
morocco,2002,0.60360
morocco,2003,0.57340
morocco,2004,0.54320
morocco,2005,0.51300
morocco,2006,0.50760
morocco,2007,0.50220
morocco,2008,0.49680
morocco,2009,0.49140
morocco,2010,0.48600
morocco,2011,0.47733
morocco,2012,0.46867
morocco,2013,0.46000
morocco,2014,0.52490
morocco,2015,0.52490
morocco,2016,0.52490
morocco,2017,0.52490
morocco,2018,0.52490
morocco,2019,0.52490
morocco,2020,0.52490
morocco,2021,0.52490
morocco,2022,0.52490
mozambique,2000,0.67200
mozambique,2001,0.67420
mozambique,2002,0.67640
mozambique,2003,0.67860
mozambique,2004,0.68080
mozambique,2005,0.68300
mozambique,2006,0.67960
mozambique,2007,0.67620
mozambique,2008,0.67280
mozambique,2009,0.66940
mozambique,2010,0.66600
mozambique,2011,0.66300
mozambique,2012,0.66000
mozambique,2013,0.65700
mozambique,2014,0.59070
mozambique,2015,0.59070
mozambique,2016,0.59070
mozambique,2017,0.59070
mozambique,2018,0.59070
mozambique,2019,0.59070
mozambique,2020,0.59070
mozambique,2021,0.59070
mozambique,2022,0.59070
myanmar,2010,0.45900
myanmar,2011,0.44933
myanmar,2012,0.43967
myanmar,2013,0.43000
myanmar,2014,0.41340
myanmar,2015,0.41340
myanmar,2016,0.41340
myanmar,2017,0.41340
myanmar,2018,0.41340
myanmar,2019,0.41340
myanmar,2020,0.41340
myanmar,2021,0.41340
myanmar,2022,0.41340
namibia,2000,0.51900
namibia,2001,0.51580
namibia,2002,0.51260
namibia,2003,0.50940
namibia,2004,0.50620
namibia,2005,0.50300
namibia,2006,0.49660
namibia,2007,0.49020
namibia,2008,0.48380
namibia,2009,0.47740
namibia,2010,0.47100
namibia,2011,0.46400
namibia,2012,0.45700
namibia,2013,0.45000
namibia,2014,0.40100
namibia,2015,0.40100
namibia,2016,0.40100
namibia,2017,0.40100
namibia,2018,0.40100
namibia,2019,0.40100
namibia,2020,0.40100
namibia,2021,0.40100
namibia,2022,0.40100
nepal,2000,0.65800
nepal,2001,0.65240
nepal,2002,0.64680
nepal,2003,0.64120
nepal,2004,0.63560
nepal,2005,0.63000
nepal,2006,0.60320
nepal,2007,0.57640
nepal,2008,0.54960
nepal,2009,0.52280
nepal,2010,0.49600
nepal,2011,0.49033
nepal,2012,0.48467
nepal,2013,0.47900
nepal,2014,0.48860
nepal,2015,0.48860
nepal,2016,0.48860
nepal,2017,0.48860
nepal,2018,0.48860
nepal,2019,0.48860
nepal,2020,0.48860
nepal,2021,0.48860
nepal,2022,0.48860
netherlands_kingdom_of_the,2000,0.078000
netherlands_kingdom_of_the,2001,0.076200
netherlands_kingdom_of_the,2002,0.074400
netherlands_kingdom_of_the,2003,0.072600
netherlands_kingdom_of_the,2004,0.070800
netherlands_kingdom_of_the,2005,0.069000
netherlands_kingdom_of_the,2006,0.065200
netherlands_kingdom_of_the,2007,0.061400
netherlands_kingdom_of_the,2008,0.057600
netherlands_kingdom_of_the,2009,0.053800
netherlands_kingdom_of_the,2010,0.050000
netherlands_kingdom_of_the,2011,0.052333
netherlands_kingdom_of_the,2012,0.054667
netherlands_kingdom_of_the,2013,0.057000
netherlands_kingdom_of_the,2014,0.062400
netherlands_kingdom_of_the,2015,0.062400
netherlands_kingdom_of_the,2016,0.062400
netherlands_kingdom_of_the,2017,0.062400
netherlands_kingdom_of_the,2018,0.062400
netherlands_kingdom_of_the,2019,0.062400
netherlands_kingdom_of_the,2020,0.062400
netherlands_kingdom_of_the,2021,0.062400
netherlands_kingdom_of_the,2022,0.062400
new_zealand,2000,0.19100
new_zealand,2001,0.19140
new_zealand,2002,0.19180
new_zealand,2003,0.19220
new_zealand,2004,0.19260
new_zealand,2005,0.19300
new_zealand,2006,0.19400
new_zealand,2007,0.19500
new_zealand,2008,0.19600
new_zealand,2009,0.19700
new_zealand,2010,0.19800
new_zealand,2011,0.19367
new_zealand,2012,0.18933
new_zealand,2013,0.18500
new_zealand,2014,0.15720
new_zealand,2015,0.15720
new_zealand,2016,0.15720
new_zealand,2017,0.15720
new_zealand,2018,0.15720
new_zealand,2019,0.15720
new_zealand,2020,0.15720
new_zealand,2021,0.15720
new_zealand,2022,0.15720
nicaragua,2005,0.52800
nicaragua,2006,0.52340
nicaragua,2007,0.51880
nicaragua,2008,0.51420
nicaragua,2009,0.50960
nicaragua,2010,0.50500
nicaragua,2011,0.48933
nicaragua,2012,0.47367
nicaragua,2013,0.45800
nicaragua,2014,0.44850
nicaragua,2015,0.44850
nicaragua,2016,0.44850
nicaragua,2017,0.44850
nicaragua,2018,0.44850
nicaragua,2019,0.44850
nicaragua,2020,0.44850
nicaragua,2021,0.44850
nicaragua,2022,0.44850
niger,2000,0.81800
niger,2001,0.80020
niger,2002,0.78240
niger,2003,0.76460
niger,2004,0.74680
niger,2005,0.72900
niger,2006,0.72213
niger,2007,0.71525
niger,2008,0.70837
niger,2009,0.70150
niger,2010,0.69463
niger,2011,0.68775
niger,2012,0.68088
niger,2013,0.67400
niger,2014,0.71320
niger,2015,0.71320
niger,2016,0.71320
niger,2017,0.71320
niger,2018,0.71320
niger,2019,0.71320
niger,2020,0.71320
niger,2021,0.71320
niger,2022,0.71320
north_macedonia,2013,0.16200
north_macedonia,2014,0.16360
north_macedonia,2015,0.16360
north_macedonia,2016,0.16360
north_macedonia,2017,0.16360
north_macedonia,2018,0.16360
north_macedonia,2019,0.16360
north_macedonia,2020,0.16360
north_macedonia,2021,0.16360
north_macedonia,2022,0.16360
norway,2000,0.10600
norway,2001,0.10180
norway,2002,0.097600
norway,2003,0.093400
norway,2004,0.089200
norway,2005,0.085000
norway,2006,0.083000
norway,2007,0.081000
norway,2008,0.079000
norway,2009,0.077000
norway,2010,0.075000
norway,2011,0.072667
norway,2012,0.070333
norway,2013,0.068000
norway,2014,0.067400
norway,2015,0.067400
norway,2016,0.067400
norway,2017,0.067400
norway,2018,0.067400
norway,2019,0.067400
norway,2020,0.067400
norway,2021,0.067400
norway,2022,0.067400
oman,2013,0.34800
oman,2014,0.27530
oman,2015,0.27530
oman,2016,0.27530
oman,2017,0.27530
oman,2018,0.27530
oman,2019,0.27530
oman,2020,0.27530
oman,2021,0.27530
oman,2022,0.27530
pakistan,2005,0.61300
pakistan,2006,0.60260
pakistan,2007,0.59220
pakistan,2008,0.58180
pakistan,2009,0.57140
pakistan,2010,0.56100
pakistan,2011,0.56167
pakistan,2012,0.56233
pakistan,2013,0.56300
pakistan,2014,0.53590
pakistan,2015,0.53590
pakistan,2016,0.53590
pakistan,2017,0.53590
pakistan,2018,0.53590
pakistan,2019,0.53590
pakistan,2020,0.53590
pakistan,2021,0.53590
pakistan,2022,0.53590
panama,2005,0.48600
panama,2006,0.49100
panama,2007,0.49600
panama,2008,0.50100
panama,2009,0.50600
panama,2010,0.51100
panama,2011,0.50933
panama,2012,0.50767
panama,2013,0.50600
panama,2014,0.45390
panama,2015,0.45390
panama,2016,0.45390
panama,2017,0.45390
panama,2018,0.45390
panama,2019,0.45390
panama,2020,0.45390
panama,2021,0.45390
panama,2022,0.45390
papua_new_guinea,2000,0.66400
papua_new_guinea,2001,0.66840
papua_new_guinea,2002,0.67280
papua_new_guinea,2003,0.67720
papua_new_guinea,2004,0.68160
papua_new_guinea,2005,0.68600
papua_new_guinea,2006,0.68360
papua_new_guinea,2007,0.68120
papua_new_guinea,2008,0.67880
papua_new_guinea,2009,0.67640
papua_new_guinea,2010,0.67400
papua_new_guinea,2011,0.65500
papua_new_guinea,2012,0.63600
papua_new_guinea,2013,0.61700
papua_new_guinea,2014,0.61130
papua_new_guinea,2015,0.61130
papua_new_guinea,2016,0.61130
papua_new_guinea,2017,0.61130
papua_new_guinea,2018,0.61130
papua_new_guinea,2019,0.61130
papua_new_guinea,2020,0.61130
papua_new_guinea,2021,0.61130
papua_new_guinea,2022,0.61130
paraguay,2000,0.54100
paraguay,2001,0.53640
paraguay,2002,0.53180
paraguay,2003,0.52720
paraguay,2004,0.52260
paraguay,2005,0.51800
paraguay,2006,0.51040
paraguay,2007,0.50280
paraguay,2008,0.49520
paraguay,2009,0.48760
paraguay,2010,0.48000
paraguay,2011,0.47233
paraguay,2012,0.46467
paraguay,2013,0.45700
paraguay,2014,0.47180
paraguay,2015,0.47180
paraguay,2016,0.47180
paraguay,2017,0.47180
paraguay,2018,0.47180
paraguay,2019,0.47180
paraguay,2020,0.47180
paraguay,2021,0.47180
paraguay,2022,0.47180
peru,2005,0.44200
peru,2006,0.43040
peru,2007,0.41880
peru,2008,0.40720
peru,2009,0.39560
peru,2010,0.38400
peru,2011,0.38500
peru,2012,0.38600
peru,2013,0.38700
peru,2014,0.40590
peru,2015,0.40590
peru,2016,0.40590
peru,2017,0.40590
peru,2018,0.40590
peru,2019,0.40590
peru,2020,0.40590
peru,2021,0.40590
peru,2022,0.40590
philippines,2000,0.47700
philippines,2001,0.47320
philippines,2002,0.46940
philippines,2003,0.46560
philippines,2004,0.46180
philippines,2005,0.45800
philippines,2006,0.45240
philippines,2007,0.44680
philippines,2008,0.44120
philippines,2009,0.43560
philippines,2010,0.43000
philippines,2011,0.42200
philippines,2012,0.41400
philippines,2013,0.40600
philippines,2014,0.41960
philippines,2015,0.41960
philippines,2016,0.41960
philippines,2017,0.41960
philippines,2018,0.41960
philippines,2019,0.41960
philippines,2020,0.41960
philippines,2021,0.41960
philippines,2022,0.41960
poland,2000,0.20800
poland,2001,0.19840
poland,2002,0.18880
poland,2003,0.17920
poland,2004,0.16960
poland,2005,0.16000
poland,2006,0.16080
poland,2007,0.16160
poland,2008,0.16240
poland,2009,0.16320
poland,2010,0.16400
poland,2011,0.15567
poland,2012,0.14733
poland,2013,0.13900
poland,2014,0.13780
poland,2015,0.13780
poland,2016,0.13780
poland,2017,0.13780
poland,2018,0.13780
poland,2019,0.13780
poland,2020,0.13780
poland,2021,0.13780
poland,2022,0.13780
portugal,2000,0.18900
portugal,2001,0.18520
portugal,2002,0.18140
portugal,2003,0.17760
portugal,2004,0.17380
portugal,2005,0.17000
portugal,2006,0.16360
portugal,2007,0.15720
portugal,2008,0.15080
portugal,2009,0.14440
portugal,2010,0.13800
portugal,2011,0.13067
portugal,2012,0.12333
portugal,2013,0.11600
portugal,2014,0.11100
portugal,2015,0.11100
portugal,2016,0.11100
portugal,2017,0.11100
portugal,2018,0.11100
portugal,2019,0.11100
portugal,2020,0.11100
portugal,2021,0.11100
portugal,2022,0.11100
qatar,2010,0.54700
qatar,2011,0.53933
qatar,2012,0.53167
qatar,2013,0.52400
qatar,2014,0.52410
qatar,2015,0.52410
qatar,2016,0.52410
qatar,2017,0.52410
qatar,2018,0.52410
qatar,2019,0.52410
qatar,2020,0.52410
qatar,2021,0.52410
qatar,2022,0.52410
republic_of_korea,2005,0.11600
republic_of_korea,2006,0.11320
republic_of_korea,2007,0.11040
republic_of_korea,2008,0.10760
republic_of_korea,2009,0.10480
republic_of_korea,2010,0.10200
republic_of_korea,2011,0.10167
republic_of_korea,2012,0.10133
republic_of_korea,2013,0.10100
republic_of_korea,2014,0.12470
republic_of_korea,2015,0.12470
republic_of_korea,2016,0.12470
republic_of_korea,2017,0.12470
republic_of_korea,2018,0.12470
republic_of_korea,2019,0.12470
republic_of_korea,2020,0.12470
republic_of_korea,2021,0.12470
republic_of_korea,2022,0.12470
republic_of_moldova,2005,0.31100
republic_of_moldova,2006,0.31280
republic_of_moldova,2007,0.31460
republic_of_moldova,2008,0.31640
republic_of_moldova,2009,0.31820
republic_of_moldova,2010,0.32000
republic_of_moldova,2011,0.31400
republic_of_moldova,2012,0.30800
republic_of_moldova,2013,0.30200
republic_of_moldova,2014,0.24820
republic_of_moldova,2015,0.24820
republic_of_moldova,2016,0.24820
republic_of_moldova,2017,0.24820
republic_of_moldova,2018,0.24820
republic_of_moldova,2019,0.24820
republic_of_moldova,2020,0.24820
republic_of_moldova,2021,0.24820
republic_of_moldova,2022,0.24820
romania,2005,0.33000
romania,2006,0.33020
romania,2007,0.33040
romania,2008,0.33060
romania,2009,0.33080
romania,2010,0.33100
romania,2011,0.32733
romania,2012,0.32367
romania,2013,0.32000
romania,2014,0.33300
romania,2015,0.33300
romania,2016,0.33300
romania,2017,0.33300
romania,2018,0.33300
romania,2019,0.33300
romania,2020,0.33300
romania,2021,0.33300
romania,2022,0.33300
russian_federation,2000,0.42500
russian_federation,2001,0.41020
russian_federation,2002,0.39540
russian_federation,2003,0.38060
russian_federation,2004,0.36580
russian_federation,2005,0.35100
russian_federation,2006,0.34620
russian_federation,2007,0.34140
russian_federation,2008,0.33660
russian_federation,2009,0.33180
russian_federation,2010,0.32700
russian_federation,2011,0.32267
russian_federation,2012,0.31833
russian_federation,2013,0.31400
russian_federation,2014,0.27580
russian_federation,2015,0.27580
russian_federation,2016,0.27580
russian_federation,2017,0.27580
russian_federation,2018,0.27580
russian_federation,2019,0.27580
russian_federation,2020,0.27580
russian_federation,2021,0.27580
russian_federation,2022,0.27580
rwanda,2000,0.54400
rwanda,2001,0.52960
rwanda,2002,0.51520
rwanda,2003,0.50080
rwanda,2004,0.48640
rwanda,2005,0.47200
rwanda,2006,0.46320
rwanda,2007,0.45440
rwanda,2008,0.44560
rwanda,2009,0.43680
rwanda,2010,0.42800
rwanda,2011,0.42200
rwanda,2012,0.41600
rwanda,2013,0.41000
rwanda,2014,0.40050
rwanda,2015,0.40050
rwanda,2016,0.40050
rwanda,2017,0.40050
rwanda,2018,0.40050
rwanda,2019,0.40050
rwanda,2020,0.40050
rwanda,2021,0.40050
rwanda,2022,0.40050
samoa,2013,0.51700
samoa,2014,0.45710
samoa,2015,0.45710
samoa,2016,0.45710
samoa,2017,0.45710
samoa,2018,0.45710
samoa,2019,0.45710
samoa,2020,0.45710
samoa,2021,0.45710
samoa,2022,0.45710
saudi_arabia,2005,0.68500
saudi_arabia,2006,0.67920
saudi_arabia,2007,0.67340
saudi_arabia,2008,0.66760
saudi_arabia,2009,0.66180
saudi_arabia,2010,0.65600
saudi_arabia,2011,0.54433
saudi_arabia,2012,0.43267
saudi_arabia,2013,0.32100
saudi_arabia,2014,0.28430
saudi_arabia,2015,0.28430
saudi_arabia,2016,0.28430
saudi_arabia,2017,0.28430
saudi_arabia,2018,0.28430
saudi_arabia,2019,0.28430
saudi_arabia,2020,0.28430
saudi_arabia,2021,0.28430
saudi_arabia,2022,0.28430
senegal,2000,0.62100
senegal,2001,0.61520
senegal,2002,0.60940
senegal,2003,0.60360
senegal,2004,0.59780
senegal,2005,0.59200
senegal,2006,0.58440
senegal,2007,0.57680
senegal,2008,0.56920
senegal,2009,0.56160
senegal,2010,0.55400
senegal,2011,0.54833
senegal,2012,0.54267
senegal,2013,0.53700
senegal,2014,0.52820
senegal,2015,0.52820
senegal,2016,0.52820
senegal,2017,0.52820
senegal,2018,0.52820
senegal,2019,0.52820
senegal,2020,0.52820
senegal,2021,0.52820
senegal,2022,0.52820
serbia,2014,0.17560
serbia,2015,0.17560
serbia,2016,0.17560
serbia,2017,0.17560
serbia,2018,0.17560
serbia,2019,0.17560
serbia,2020,0.17560
serbia,2021,0.17560
serbia,2022,0.17560
sierra_leone,2005,0.65800
sierra_leone,2006,0.65620
sierra_leone,2007,0.65440
sierra_leone,2008,0.65260
sierra_leone,2009,0.65080
sierra_leone,2010,0.64900
sierra_leone,2011,0.64700
sierra_leone,2012,0.64500
sierra_leone,2013,0.64300
sierra_leone,2014,0.65010
sierra_leone,2015,0.65010
sierra_leone,2016,0.65010
sierra_leone,2017,0.65010
sierra_leone,2018,0.65010
sierra_leone,2019,0.65010
sierra_leone,2020,0.65010
sierra_leone,2021,0.65010
sierra_leone,2022,0.65010
singapore,2005,0.13700
singapore,2006,0.12840
singapore,2007,0.11980
singapore,2008,0.11120
singapore,2009,0.10260
singapore,2010,0.094000
singapore,2011,0.092667
singapore,2012,0.091333
singapore,2013,0.090000
singapore,2014,0.088100
singapore,2015,0.088100
singapore,2016,0.088100
singapore,2017,0.088100
singapore,2018,0.088100
singapore,2019,0.088100
singapore,2020,0.088100
singapore,2021,0.088100
singapore,2022,0.088100
slovakia,2000,0.24900
slovakia,2001,0.23820
slovakia,2002,0.22740
slovakia,2003,0.21660
slovakia,2004,0.20580
slovakia,2005,0.19500
slovakia,2006,0.19500
slovakia,2007,0.19500
slovakia,2008,0.19500
slovakia,2009,0.19500
slovakia,2010,0.19500
slovakia,2011,0.18467
slovakia,2012,0.17433
slovakia,2013,0.16400
slovakia,2014,0.16360
slovakia,2015,0.16360
slovakia,2016,0.16360
slovakia,2017,0.16360
slovakia,2018,0.16360
slovakia,2019,0.16360
slovakia,2020,0.16360
slovakia,2021,0.16360
slovakia,2022,0.16360
slovenia,2005,0.14100
slovenia,2006,0.13900
slovenia,2007,0.13700
slovenia,2008,0.13500
slovenia,2009,0.13300
slovenia,2010,0.13100
slovenia,2011,0.094333
slovenia,2012,0.057667
slovenia,2013,0.021000
slovenia,2014,0.016400
slovenia,2015,0.016400
slovenia,2016,0.016400
slovenia,2017,0.016400
slovenia,2018,0.016400
slovenia,2019,0.016400
slovenia,2020,0.016400
slovenia,2021,0.016400
slovenia,2022,0.016400
south_africa,2000,0.51300
south_africa,2001,0.51180
south_africa,2002,0.51060
south_africa,2003,0.50940
south_africa,2004,0.50820
south_africa,2005,0.50700
south_africa,2006,0.49960
south_africa,2007,0.49220
south_africa,2008,0.48480
south_africa,2009,0.47740
south_africa,2010,0.47000
south_africa,2011,0.46700
south_africa,2012,0.46400
south_africa,2013,0.46100
south_africa,2014,0.40710
south_africa,2015,0.40710
south_africa,2016,0.40710
south_africa,2017,0.40710
south_africa,2018,0.40710
south_africa,2019,0.40710
south_africa,2020,0.40710
south_africa,2021,0.40710
south_africa,2022,0.40710
spain,2000,0.11900
spain,2001,0.11880
spain,2002,0.11860
spain,2003,0.11840
spain,2004,0.11820
spain,2005,0.11800
spain,2006,0.11700
spain,2007,0.11600
spain,2008,0.11500
spain,2009,0.11400
spain,2010,0.11300
spain,2011,0.10867
spain,2012,0.10433
spain,2013,0.10000
spain,2014,0.095400
spain,2015,0.095400
spain,2016,0.095400
spain,2017,0.095400
spain,2018,0.095400
spain,2019,0.095400
spain,2020,0.095400
spain,2021,0.095400
spain,2022,0.095400
sri_lanka,2005,0.44500
sri_lanka,2006,0.43760
sri_lanka,2007,0.43020
sri_lanka,2008,0.42280
sri_lanka,2009,0.41540
sri_lanka,2010,0.40800
sri_lanka,2011,0.39967
sri_lanka,2012,0.39133
sri_lanka,2013,0.38300
sri_lanka,2014,0.36980
sri_lanka,2015,0.36980
sri_lanka,2016,0.36980
sri_lanka,2017,0.36980
sri_lanka,2018,0.36980
sri_lanka,2019,0.36980
sri_lanka,2020,0.36980
sri_lanka,2021,0.36980
sri_lanka,2022,0.36980
sudan,2013,0.62800
sudan,2014,0.59090
sudan,2015,0.59090
sudan,2016,0.59090
sudan,2017,0.59090
sudan,2018,0.59090
sudan,2019,0.59090
sudan,2020,0.59090
sudan,2021,0.59090
sudan,2022,0.59090
suriname,2013,0.46300
suriname,2014,0.46260
suriname,2015,0.46260
suriname,2016,0.46260
suriname,2017,0.46260
suriname,2018,0.46260
suriname,2019,0.46260
suriname,2020,0.46260
suriname,2021,0.46260
suriname,2022,0.46260
sweden,2000,0.062000
sweden,2001,0.060200
sweden,2002,0.058400
sweden,2003,0.056600
sweden,2004,0.054800
sweden,2005,0.053000
sweden,2006,0.052400
sweden,2007,0.051800
sweden,2008,0.051200
sweden,2009,0.050600
sweden,2010,0.050000
sweden,2011,0.051333
sweden,2012,0.052667
sweden,2013,0.054000
sweden,2014,0.054700
sweden,2015,0.054700
sweden,2016,0.054700
sweden,2017,0.054700
sweden,2018,0.054700
sweden,2019,0.054700
sweden,2020,0.054700
sweden,2021,0.054700
sweden,2022,0.054700
switzerland,2000,0.10000
switzerland,2001,0.096800
switzerland,2002,0.093600
switzerland,2003,0.090400
switzerland,2004,0.087200
switzerland,2005,0.084000
switzerland,2006,0.080600
switzerland,2007,0.077200
switzerland,2008,0.073800
switzerland,2009,0.070400
switzerland,2010,0.067000
switzerland,2011,0.054667
switzerland,2012,0.042333
switzerland,2013,0.030000
switzerland,2014,0.027800
switzerland,2015,0.027800
switzerland,2016,0.027800
switzerland,2017,0.027800
switzerland,2018,0.027800
switzerland,2019,0.027800
switzerland,2020,0.027800
switzerland,2021,0.027800
switzerland,2022,0.027800
syrian_arab_republic,2005,0.56100
syrian_arab_republic,2006,0.55800
syrian_arab_republic,2007,0.55500
syrian_arab_republic,2008,0.55200
syrian_arab_republic,2009,0.54900
syrian_arab_republic,2010,0.54600
syrian_arab_republic,2011,0.54933
syrian_arab_republic,2012,0.55267
syrian_arab_republic,2013,0.55600
syrian_arab_republic,2014,0.53290
syrian_arab_republic,2015,0.53290
syrian_arab_republic,2016,0.53290
syrian_arab_republic,2017,0.53290
syrian_arab_republic,2018,0.53290
syrian_arab_republic,2019,0.53290
syrian_arab_republic,2020,0.53290
syrian_arab_republic,2021,0.53290
syrian_arab_republic,2022,0.53290
tajikistan,2000,0.45200
tajikistan,2001,0.43860
tajikistan,2002,0.42520
tajikistan,2003,0.41180
tajikistan,2004,0.39840
tajikistan,2005,0.38500
tajikistan,2006,0.38400
tajikistan,2007,0.38300
tajikistan,2008,0.38200
tajikistan,2009,0.38100
tajikistan,2010,0.38000
tajikistan,2011,0.38100
tajikistan,2012,0.38200
tajikistan,2013,0.38300
tajikistan,2014,0.35730
tajikistan,2015,0.35730
tajikistan,2016,0.35730
tajikistan,2017,0.35730
tajikistan,2018,0.35730
tajikistan,2019,0.35730
tajikistan,2020,0.35730
tajikistan,2021,0.35730
tajikistan,2022,0.35730
thailand,2000,0.45800
thailand,2001,0.44740
thailand,2002,0.43680
thailand,2003,0.42620
thailand,2004,0.41560
thailand,2005,0.40500
thailand,2006,0.39980
thailand,2007,0.39460
thailand,2008,0.38940
thailand,2009,0.38420
thailand,2010,0.37900
thailand,2011,0.37400
thailand,2012,0.36900
thailand,2013,0.36400
thailand,2014,0.37960
thailand,2015,0.37960
thailand,2016,0.37960
thailand,2017,0.37960
thailand,2018,0.37960
thailand,2019,0.37960
thailand,2020,0.37960
thailand,2021,0.37960
thailand,2022,0.37960
togo,2005,0.62900
togo,2006,0.62220
togo,2007,0.61540
togo,2008,0.60860
togo,2009,0.60180
togo,2010,0.59500
togo,2011,0.58967
togo,2012,0.58433
togo,2013,0.57900
togo,2014,0.58810
togo,2015,0.58810
togo,2016,0.58810
togo,2017,0.58810
togo,2018,0.58810
togo,2019,0.58810
togo,2020,0.58810
togo,2021,0.58810
togo,2022,0.58810
tonga,2000,0.66400
tonga,2001,0.62480
tonga,2002,0.58560
tonga,2003,0.54640
tonga,2004,0.50720
tonga,2005,0.46800
tonga,2006,0.46960
tonga,2007,0.47120
tonga,2008,0.47280
tonga,2009,0.47440
tonga,2010,0.47600
tonga,2011,0.47000
tonga,2012,0.46400
tonga,2013,0.45800
tonga,2014,0.66560
tonga,2015,0.66560
tonga,2016,0.66560
tonga,2017,0.66560
tonga,2018,0.66560
tonga,2019,0.66560
tonga,2020,0.66560
tonga,2021,0.66560
tonga,2022,0.66560
trinidad_and_tobago,2005,0.34900
trinidad_and_tobago,2006,0.34420
trinidad_and_tobago,2007,0.33940
trinidad_and_tobago,2008,0.33460
trinidad_and_tobago,2009,0.32980
trinidad_and_tobago,2010,0.32500
trinidad_and_tobago,2011,0.32367
trinidad_and_tobago,2012,0.32233
trinidad_and_tobago,2013,0.32100
trinidad_and_tobago,2014,0.37140
trinidad_and_tobago,2015,0.37140
trinidad_and_tobago,2016,0.37140
trinidad_and_tobago,2017,0.37140
trinidad_and_tobago,2018,0.37140
trinidad_and_tobago,2019,0.37140
trinidad_and_tobago,2020,0.37140
trinidad_and_tobago,2021,0.37140
trinidad_and_tobago,2022,0.37140
tunisia,2005,0.33500
tunisia,2006,0.32625
tunisia,2007,0.31750
tunisia,2008,0.30875
tunisia,2009,0.30000
tunisia,2010,0.29125
tunisia,2011,0.28250
tunisia,2012,0.27375
tunisia,2013,0.26500
tunisia,2014,0.24040
tunisia,2015,0.24040
tunisia,2016,0.24040
tunisia,2017,0.24040
tunisia,2018,0.24040
tunisia,2019,0.24040
tunisia,2020,0.24040
tunisia,2021,0.24040
tunisia,2022,0.24040
turkiye,2005,0.51800
turkiye,2006,0.49840
turkiye,2007,0.47880
turkiye,2008,0.45920
turkiye,2009,0.43960
turkiye,2010,0.42000
turkiye,2011,0.40000
turkiye,2012,0.38000
turkiye,2013,0.36000
turkiye,2014,0.35880
turkiye,2015,0.35880
turkiye,2016,0.35880
turkiye,2017,0.35880
turkiye,2018,0.35880
turkiye,2019,0.35880
turkiye,2020,0.35880
turkiye,2021,0.35880
turkiye,2022,0.35880
uganda,2000,0.63400
uganda,2001,0.62660
uganda,2002,0.61920
uganda,2003,0.61180
uganda,2004,0.60440
uganda,2005,0.59700
uganda,2006,0.58850
uganda,2007,0.58000
uganda,2008,0.57150
uganda,2009,0.56300
uganda,2010,0.55450
uganda,2011,0.54600
uganda,2012,0.53750
uganda,2013,0.52900
uganda,2014,0.53810
uganda,2015,0.53810
uganda,2016,0.53810
uganda,2017,0.53810
uganda,2018,0.53810
uganda,2019,0.53810
uganda,2020,0.53810
uganda,2021,0.53810
uganda,2022,0.53810
ukraine,2005,0.35700
ukraine,2006,0.35580
ukraine,2007,0.35460
ukraine,2008,0.35340
ukraine,2009,0.35220
ukraine,2010,0.35100
ukraine,2011,0.34267
ukraine,2012,0.33433
ukraine,2013,0.32600
ukraine,2014,0.28640
ukraine,2015,0.28640
ukraine,2016,0.28640
ukraine,2017,0.28640
ukraine,2018,0.28640
ukraine,2019,0.28640
ukraine,2020,0.28640
ukraine,2021,0.28640
ukraine,2022,0.28640
united_arab_emirates,2000,0.62500
united_arab_emirates,2001,0.62080
united_arab_emirates,2002,0.61660
united_arab_emirates,2003,0.61240
united_arab_emirates,2004,0.60820
united_arab_emirates,2005,0.60400
united_arab_emirates,2006,0.53000
united_arab_emirates,2007,0.45600
united_arab_emirates,2008,0.38200
united_arab_emirates,2009,0.30800
united_arab_emirates,2010,0.23400
united_arab_emirates,2011,0.23733
united_arab_emirates,2012,0.24067
united_arab_emirates,2013,0.24400
united_arab_emirates,2014,0.23220
united_arab_emirates,2015,0.23220
united_arab_emirates,2016,0.23220
united_arab_emirates,2017,0.23220
united_arab_emirates,2018,0.23220
united_arab_emirates,2019,0.23220
united_arab_emirates,2020,0.23220
united_arab_emirates,2021,0.23220
united_arab_emirates,2022,0.23220
united_kingdom_of_great_britain_and_northern_ireland,2000,0.22800
united_kingdom_of_great_britain_and_northern_ireland,2001,0.22560
united_kingdom_of_great_britain_and_northern_ireland,2002,0.22320
united_kingdom_of_great_britain_and_northern_ireland,2003,0.22080
united_kingdom_of_great_britain_and_northern_ireland,2004,0.21840
united_kingdom_of_great_britain_and_northern_ireland,2005,0.21600
united_kingdom_of_great_britain_and_northern_ireland,2006,0.21220
united_kingdom_of_great_britain_and_northern_ireland,2007,0.20840
united_kingdom_of_great_britain_and_northern_ireland,2008,0.20460
united_kingdom_of_great_britain_and_northern_ireland,2009,0.20080
united_kingdom_of_great_britain_and_northern_ireland,2010,0.19700
united_kingdom_of_great_britain_and_northern_ireland,2011,0.19567
united_kingdom_of_great_britain_and_northern_ireland,2012,0.19433
united_kingdom_of_great_britain_and_northern_ireland,2013,0.19300
united_kingdom_of_great_britain_and_northern_ireland,2014,0.17740
united_kingdom_of_great_britain_and_northern_ireland,2015,0.17740
united_kingdom_of_great_britain_and_northern_ireland,2016,0.17740
united_kingdom_of_great_britain_and_northern_ireland,2017,0.17740
united_kingdom_of_great_britain_and_northern_ireland,2018,0.17740
united_kingdom_of_great_britain_and_northern_ireland,2019,0.17740
united_kingdom_of_great_britain_and_northern_ireland,2020,0.17740
united_kingdom_of_great_britain_and_northern_ireland,2021,0.17740
united_kingdom_of_great_britain_and_northern_ireland,2022,0.17740
united_republic_of_tanzania,2005,0.58500
united_republic_of_tanzania,2006,0.57920
united_republic_of_tanzania,2007,0.57340
united_republic_of_tanzania,2008,0.56760
united_republic_of_tanzania,2009,0.56180
united_republic_of_tanzania,2010,0.55600
united_republic_of_tanzania,2011,0.55500
united_republic_of_tanzania,2012,0.55400
united_republic_of_tanzania,2013,0.55300
united_republic_of_tanzania,2014,0.54690
united_republic_of_tanzania,2015,0.54690
united_republic_of_tanzania,2016,0.54690
united_republic_of_tanzania,2017,0.54690
united_republic_of_tanzania,2018,0.54690
united_republic_of_tanzania,2019,0.54690
united_republic_of_tanzania,2020,0.54690
united_republic_of_tanzania,2021,0.54690
united_republic_of_tanzania,2022,0.54690
united_states_of_america,2005,0.28800
united_states_of_america,2006,0.28740
united_states_of_america,2007,0.28680
united_states_of_america,2008,0.28620
united_states_of_america,2009,0.28560
united_states_of_america,2010,0.28500
united_states_of_america,2011,0.27733
united_states_of_america,2012,0.26967
united_states_of_america,2013,0.26200
united_states_of_america,2014,0.28000
united_states_of_america,2015,0.28000
united_states_of_america,2016,0.28000
united_states_of_america,2017,0.28000
united_states_of_america,2018,0.28000
united_states_of_america,2019,0.28000
united_states_of_america,2020,0.28000
united_states_of_america,2021,0.28000
united_states_of_america,2022,0.28000
uruguay,2000,0.40300
uruguay,2001,0.39960
uruguay,2002,0.39620
uruguay,2003,0.39280
uruguay,2004,0.38940
uruguay,2005,0.38600
uruguay,2006,0.38020
uruguay,2007,0.37440
uruguay,2008,0.36860
uruguay,2009,0.36280
uruguay,2010,0.35700
uruguay,2011,0.35933
uruguay,2012,0.36167
uruguay,2013,0.36400
uruguay,2014,0.31280
uruguay,2015,0.31280
uruguay,2016,0.31280
uruguay,2017,0.31280
uruguay,2018,0.31280
uruguay,2019,0.31280
uruguay,2020,0.31280
uruguay,2021,0.31280
uruguay,2022,0.31280
venezuela_bolivarian_republic_of,2005,0.47400
venezuela_bolivarian_republic_of,2006,0.47300
venezuela_bolivarian_republic_of,2007,0.47200
venezuela_bolivarian_republic_of,2008,0.47100
venezuela_bolivarian_republic_of,2009,0.47000
venezuela_bolivarian_republic_of,2010,0.46900
venezuela_bolivarian_republic_of,2011,0.46733
venezuela_bolivarian_republic_of,2012,0.46567
venezuela_bolivarian_republic_of,2013,0.46400
venezuela_bolivarian_republic_of,2014,0.47590
venezuela_bolivarian_republic_of,2015,0.47590
venezuela_bolivarian_republic_of,2016,0.47590
venezuela_bolivarian_republic_of,2017,0.47590
venezuela_bolivarian_republic_of,2018,0.47590
venezuela_bolivarian_republic_of,2019,0.47590
venezuela_bolivarian_republic_of,2020,0.47590
venezuela_bolivarian_republic_of,2021,0.47590
venezuela_bolivarian_republic_of,2022,0.47590
viet_nam,2000,0.36300
viet_nam,2001,0.35680
viet_nam,2002,0.35060
viet_nam,2003,0.34440
viet_nam,2004,0.33820
viet_nam,2005,0.33200
viet_nam,2006,0.33140
viet_nam,2007,0.33080
viet_nam,2008,0.33020
viet_nam,2009,0.32960
viet_nam,2010,0.32900
viet_nam,2011,0.32667
viet_nam,2012,0.32433
viet_nam,2013,0.32200
viet_nam,2014,0.30780
viet_nam,2015,0.30780
viet_nam,2016,0.30780
viet_nam,2017,0.30780
viet_nam,2018,0.30780
viet_nam,2019,0.30780
viet_nam,2020,0.30780
viet_nam,2021,0.30780
viet_nam,2022,0.30780
yemen,2000,0.81400
yemen,2001,0.80680
yemen,2002,0.79960
yemen,2003,0.79240
yemen,2004,0.78520
yemen,2005,0.77800
yemen,2006,0.77100
yemen,2007,0.76400
yemen,2008,0.75700
yemen,2009,0.75000
yemen,2010,0.74300
yemen,2011,0.73967
yemen,2012,0.73633
yemen,2013,0.73300
yemen,2014,0.74400
yemen,2015,0.74400
yemen,2016,0.74400
yemen,2017,0.74400
yemen,2018,0.74400
yemen,2019,0.74400
yemen,2020,0.74400
yemen,2021,0.74400
yemen,2022,0.74400
zambia,2005,0.63500
zambia,2006,0.63080
zambia,2007,0.62660
zambia,2008,0.62240
zambia,2009,0.61820
zambia,2010,0.61400
zambia,2011,0.61500
zambia,2012,0.61600
zambia,2013,0.61700
zambia,2014,0.58680
zambia,2015,0.58680
zambia,2016,0.58680
zambia,2017,0.58680
zambia,2018,0.58680
zambia,2019,0.58680
zambia,2020,0.58680
zambia,2021,0.58680
zambia,2022,0.58680
zimbabwe,2005,0.57600
zimbabwe,2006,0.57320
zimbabwe,2007,0.57040
zimbabwe,2008,0.56760
zimbabwe,2009,0.56480
zimbabwe,2010,0.56200
zimbabwe,2011,0.54667
zimbabwe,2012,0.53133
zimbabwe,2013,0.51600
zimbabwe,2014,0.50400
zimbabwe,2015,0.50400
zimbabwe,2016,0.50400
zimbabwe,2017,0.50400
zimbabwe,2018,0.50400
zimbabwe,2019,0.50400
zimbabwe,2020,0.50400
zimbabwe,2021,0.50400
zimbabwe,2022,0.50400
