area,year,groundwater_accounted_inflow
afg,1962,0.0000
afg,1967,0.0000
afg,1972,0.0000
afg,1977,0.0000
afg,1982,0.0000
afg,1987,0.0000
afg,1992,0.0000
afg,1997,0.0000
afg,2002,0.0000
afg,2007,0.0000
afg,2012,0.0000
afg,2014,0.0000
alb,1962,0.0000
alb,1967,0.0000
alb,1972,0.0000
alb,1977,0.0000
alb,1982,0.0000
alb,1987,0.0000
alb,1992,0.0000
alb,1997,0.0000
alb,2002,0.0000
alb,2007,0.0000
alb,2012,0.0000
alb,2014,0.0000
dza,1962,0.030000
dza,1967,0.030000
dza,1972,0.030000
dza,1977,0.030000
dza,1982,0.030000
dza,1987,0.030000
dza,1992,0.030000
dza,1997,0.030000
dza,2002,0.030000
dza,2007,0.030000
dza,2012,0.030000
dza,2014,0.030000
ago,1962,0.0000
ago,1967,0.0000
ago,1972,0.0000
ago,1977,0.0000
ago,1982,0.0000
ago,1987,0.0000
ago,1992,0.0000
ago,1997,0.0000
ago,2002,0.0000
ago,2007,0.0000
ago,2012,0.0000
ago,2014,0.0000
atg,1962,0.0000
atg,1967,0.0000
atg,1972,0.0000
atg,1977,0.0000
atg,1982,0.0000
atg,1987,0.0000
atg,1992,0.0000
atg,1997,0.0000
atg,2002,0.0000
atg,2007,0.0000
atg,2012,0.0000
atg,2014,0.0000
arg,1962,0.0000
arg,1967,0.0000
arg,1972,0.0000
arg,1977,0.0000
arg,1982,0.0000
arg,1987,0.0000
arg,1992,0.0000
arg,1997,0.0000
arg,2002,0.0000
arg,2007,0.0000
arg,2012,0.0000
arg,2014,0.0000
arm,1992,0.0000
arm,1997,0.0000
arm,2002,0.0000
arm,2007,0.0000
arm,2012,0.0000
arm,2014,0.0000
aus,1962,0.0000
aus,1967,0.0000
aus,1972,0.0000
aus,1977,0.0000
aus,1982,0.0000
aus,1987,0.0000
aus,1992,0.0000
aus,1997,0.0000
aus,2002,0.0000
aus,2007,0.0000
aus,2012,0.0000
aus,2014,0.0000
aut,1962,0.0000
aut,1967,0.0000
aut,1972,0.0000
aut,1977,0.0000
aut,1982,0.0000
aut,1987,0.0000
aut,1992,0.0000
aut,1997,0.0000
aut,2002,0.0000
aut,2007,0.0000
aut,2012,0.0000
aut,2014,0.0000
aze,1992,0.0000
aze,1997,0.0000
aze,2002,0.0000
aze,2007,0.0000
aze,2012,0.0000
aze,2014,0.0000
bhs,1962,0.0000
bhs,1967,0.0000
bhs,1972,0.0000
bhs,1977,0.0000
bhs,1982,0.0000
bhs,1987,0.0000
bhs,1992,0.0000
bhs,1997,0.0000
bhs,2002,0.0000
bhs,2007,0.0000
bhs,2012,0.0000
bhs,2014,0.0000
bhr,1962,0.11200
bhr,1967,0.11200
bhr,1972,0.11200
bhr,1977,0.11200
bhr,1982,0.11200
bhr,1987,0.11200
bhr,1992,0.11200
bhr,1997,0.11200
bhr,2002,0.11200
bhr,2007,0.11200
bhr,2012,0.11200
bhr,2014,0.11200
bgd,1962,0.032000
bgd,1967,0.032000
bgd,1972,0.032000
bgd,1977,0.032000
bgd,1982,0.032000
bgd,1987,0.032000
bgd,1992,0.032000
bgd,1997,0.032000
bgd,2002,0.032000
bgd,2007,0.032000
bgd,2012,0.032000
bgd,2014,0.032000
brb,1962,0.0000
brb,1967,0.0000
brb,1972,0.0000
brb,1977,0.0000
brb,1982,0.0000
brb,1987,0.0000
brb,1992,0.0000
brb,1997,0.0000
brb,2002,0.0000
brb,2007,0.0000
brb,2012,0.0000
brb,2014,0.0000
blr,1992,0.0000
blr,1997,0.0000
blr,2002,0.0000
blr,2007,0.0000
blr,2012,0.0000
blr,2014,0.0000
bel,1962,0.0000
bel,1967,0.0000
bel,1972,0.0000
bel,1977,0.0000
bel,1982,0.0000
bel,1987,0.0000
bel,1992,0.0000
bel,1997,0.0000
bel,2002,0.0000
bel,2007,0.0000
bel,2012,0.0000
bel,2014,0.0000
blz,1967,0.0000
blz,1972,0.0000
blz,1977,0.0000
blz,1982,0.0000
blz,1987,0.0000
blz,1992,0.0000
blz,1997,0.0000
blz,2002,0.0000
blz,2007,0.0000
blz,2012,0.0000
blz,2014,0.0000
ben,1962,0.0000
ben,1967,0.0000
ben,1972,0.0000
ben,1977,0.0000
ben,1982,0.0000
ben,1987,0.0000
ben,1992,0.0000
ben,1997,0.0000
ben,2002,0.0000
ben,2007,0.0000
ben,2012,0.0000
ben,2014,0.0000
btn,1962,0.0000
btn,1967,0.0000
btn,1972,0.0000
btn,1977,0.0000
btn,1982,0.0000
btn,1987,0.0000
btn,1992,0.0000
btn,1997,0.0000
btn,2002,0.0000
btn,2007,0.0000
btn,2012,0.0000
btn,2014,0.0000
bol,1962,0.0000
bol,1967,0.0000
bol,1972,0.0000
bol,1977,0.0000
bol,1982,0.0000
bol,1987,0.0000
bol,1992,0.0000
bol,1997,0.0000
bol,2002,0.0000
bol,2007,0.0000
bol,2012,0.0000
bol,2014,0.0000
bih,1992,0.0000
bih,1997,0.0000
bih,2002,0.0000
bih,2007,0.0000
bih,2012,0.0000
bih,2014,0.0000
bwa,1962,0.0000
bwa,1967,0.0000
bwa,1972,0.0000
bwa,1977,0.0000
bwa,1982,0.0000
bwa,1987,0.0000
bwa,1992,0.0000
bwa,1997,0.0000
bwa,2002,0.0000
bwa,2007,0.0000
bwa,2012,0.0000
bwa,2014,0.0000
bra,1962,0.0000
bra,1967,0.0000
bra,1972,0.0000
bra,1977,0.0000
bra,1982,0.0000
bra,1987,0.0000
bra,1992,0.0000
bra,1997,0.0000
bra,2002,0.0000
bra,2007,0.0000
bra,2012,0.0000
bra,2014,0.0000
brn,1962,0.0000
brn,1967,0.0000
brn,1972,0.0000
brn,1977,0.0000
brn,1982,0.0000
brn,1987,0.0000
brn,1992,0.0000
brn,1997,0.0000
brn,2002,0.0000
brn,2007,0.0000
brn,2012,0.0000
brn,2014,0.0000
bgr,1962,0.0000
bgr,1967,0.0000
bgr,1972,0.0000
bgr,1977,0.0000
bgr,1982,0.0000
bgr,1987,0.0000
bgr,1992,0.0000
bgr,1997,0.0000
bgr,2002,0.0000
bgr,2007,0.0000
bgr,2012,0.0000
bgr,2014,0.0000
bfa,1962,0.0000
bfa,1967,0.0000
bfa,1972,0.0000
bfa,1977,0.0000
bfa,1982,0.0000
bfa,1987,0.0000
bfa,1992,0.0000
bfa,1997,0.0000
bfa,2002,0.0000
bfa,2007,0.0000
bfa,2012,0.0000
bfa,2014,0.0000
bdi,1962,0.0000
bdi,1967,0.0000
bdi,1972,0.0000
bdi,1977,0.0000
bdi,1982,0.0000
bdi,1987,0.0000
bdi,1992,0.0000
bdi,1997,0.0000
bdi,2002,0.0000
bdi,2007,0.0000
bdi,2012,0.0000
bdi,2014,0.0000
cpv,1962,0.0000
cpv,1967,0.0000
cpv,1972,0.0000
cpv,1977,0.0000
cpv,1982,0.0000
cpv,1987,0.0000
cpv,1992,0.0000
cpv,1997,0.0000
cpv,2002,0.0000
cpv,2007,0.0000
cpv,2012,0.0000
cpv,2014,0.0000
khm,1962,0.0000
khm,1967,0.0000
khm,1972,0.0000
khm,1977,0.0000
khm,1982,0.0000
khm,1987,0.0000
khm,1992,0.0000
khm,1997,0.0000
khm,2002,0.0000
khm,2007,0.0000
khm,2012,0.0000
khm,2014,0.0000
cmr,1962,0.0000
cmr,1967,0.0000
cmr,1972,0.0000
cmr,1977,0.0000
cmr,1982,0.0000
cmr,1987,0.0000
cmr,1992,0.0000
cmr,1997,0.0000
cmr,2002,0.0000
cmr,2007,0.0000
cmr,2012,0.0000
cmr,2014,0.0000
can,1962,0.0000
can,1967,0.0000
can,1972,0.0000
can,1977,0.0000
can,1982,0.0000
can,1987,0.0000
can,1992,0.0000
can,1997,0.0000
can,2002,0.0000
can,2007,0.0000
can,2012,0.0000
can,2014,0.0000
caf,1962,0.0000
caf,1967,0.0000
caf,1972,0.0000
caf,1977,0.0000
caf,1982,0.0000
caf,1987,0.0000
caf,1992,0.0000
caf,1997,0.0000
caf,2002,0.0000
caf,2007,0.0000
caf,2012,0.0000
caf,2014,0.0000
tcd,1962,0.0000
tcd,1967,0.0000
tcd,1972,0.0000
tcd,1977,0.0000
tcd,1982,0.0000
tcd,1987,0.0000
tcd,1992,0.0000
tcd,1997,0.0000
tcd,2002,0.0000
tcd,2007,0.0000
tcd,2012,0.0000
tcd,2014,0.0000
chl,1962,0.0000
chl,1967,0.0000
chl,1972,0.0000
chl,1977,0.0000
chl,1982,0.0000
chl,1987,0.0000
chl,1992,0.0000
chl,1997,0.0000
chl,2002,0.0000
chl,2007,0.0000
chl,2012,0.0000
chl,2014,0.0000
chn,1962,0.0000
chn,1967,0.0000
chn,1972,0.0000
chn,1977,0.0000
chn,1982,0.0000
chn,1987,0.0000
chn,1992,0.0000
chn,1997,0.0000
chn,2002,0.0000
chn,2007,0.0000
chn,2012,0.0000
chn,2014,0.0000
col,1962,0.0000
col,1967,0.0000
col,1972,0.0000
col,1977,0.0000
col,1982,0.0000
col,1987,0.0000
col,1992,0.0000
col,1997,0.0000
col,2002,0.0000
col,2007,0.0000
col,2012,0.0000
col,2014,0.0000
com,1962,0.0000
com,1967,0.0000
com,1972,0.0000
com,1977,0.0000
com,1982,0.0000
com,1987,0.0000
com,1992,0.0000
com,1997,0.0000
com,2002,0.0000
com,2007,0.0000
com,2012,0.0000
com,2014,0.0000
cog,1962,0.0000
cog,1967,0.0000
cog,1972,0.0000
cog,1977,0.0000
cog,1982,0.0000
cog,1987,0.0000
cog,1992,0.0000
cog,1997,0.0000
cog,2002,0.0000
cog,2007,0.0000
cog,2012,0.0000
cog,2014,0.0000
cok,1962,0.0000
cok,1967,0.0000
cok,1972,0.0000
cok,1977,0.0000
cok,1982,0.0000
cok,1987,0.0000
cok,1992,0.0000
cok,1997,0.0000
cok,2002,0.0000
cok,2007,0.0000
cok,2012,0.0000
cok,2014,0.0000
cri,1962,0.0000
cri,1967,0.0000
cri,1972,0.0000
cri,1977,0.0000
cri,1982,0.0000
cri,1987,0.0000
cri,1992,0.0000
cri,1997,0.0000
cri,2002,0.0000
cri,2007,0.0000
cri,2012,0.0000
cri,2014,0.0000
civ,1962,0.0000
civ,1967,0.0000
civ,1972,0.0000
civ,1977,0.0000
civ,1982,0.0000
civ,1987,0.0000
civ,1992,0.0000
civ,1997,0.0000
civ,2002,0.0000
civ,2007,0.0000
civ,2012,0.0000
civ,2014,0.0000
hrv,1992,0.0000
hrv,1997,0.0000
hrv,2002,0.0000
hrv,2007,0.0000
hrv,2012,0.0000
hrv,2014,0.0000
cub,1962,0.0000
cub,1967,0.0000
cub,1972,0.0000
cub,1977,0.0000
cub,1982,0.0000
cub,1987,0.0000
cub,1992,0.0000
cub,1997,0.0000
cub,2002,0.0000
cub,2007,0.0000
cub,2012,0.0000
cub,2014,0.0000
cyp,1962,0.0000
cyp,1967,0.0000
cyp,1972,0.0000
cyp,1977,0.0000
cyp,1982,0.0000
cyp,1987,0.0000
cyp,1992,0.0000
cyp,1997,0.0000
cyp,2002,0.0000
cyp,2007,0.0000
cyp,2012,0.0000
cyp,2014,0.0000
cze,1997,0.0000
cze,2002,0.0000
cze,2007,0.0000
cze,2012,0.0000
cze,2014,0.0000
prk,1962,0.0000
prk,1967,0.0000
prk,1972,0.0000
prk,1977,0.0000
prk,1982,0.0000
prk,1987,0.0000
prk,1992,0.0000
prk,1997,0.0000
prk,2002,0.0000
prk,2007,0.0000
prk,2012,0.0000
prk,2014,0.0000
cod,1962,0.0000
cod,1967,0.0000
cod,1972,0.0000
cod,1977,0.0000
cod,1982,0.0000
cod,1987,0.0000
cod,1992,0.0000
cod,1997,0.0000
cod,2002,0.0000
cod,2007,0.0000
cod,2012,0.0000
cod,2014,0.0000
dnk,1962,0.0000
dnk,1967,0.0000
dnk,1972,0.0000
dnk,1977,0.0000
dnk,1982,0.0000
dnk,1987,0.0000
dnk,1992,0.0000
dnk,1997,0.0000
dnk,2002,0.0000
dnk,2007,0.0000
dnk,2012,0.0000
dnk,2014,0.0000
dji,1962,0.0000
dji,1967,0.0000
dji,1972,0.0000
dji,1977,0.0000
dji,1982,0.0000
dji,1987,0.0000
dji,1992,0.0000
dji,1997,0.0000
dji,2002,0.0000
dji,2007,0.0000
dji,2012,0.0000
dji,2014,0.0000
dma,1962,0.0000
dma,1967,0.0000
dma,1972,0.0000
dma,1977,0.0000
dma,1982,0.0000
dma,1987,0.0000
dma,1992,0.0000
dma,1997,0.0000
dma,2002,0.0000
dma,2007,0.0000
dma,2012,0.0000
dma,2014,0.0000
dom,1962,0.0000
dom,1967,0.0000
dom,1972,0.0000
dom,1977,0.0000
dom,1982,0.0000
dom,1987,0.0000
dom,1992,0.0000
dom,1997,0.0000
dom,2002,0.0000
dom,2007,0.0000
dom,2012,0.0000
dom,2014,0.0000
ecu,1962,0.0000
ecu,1967,0.0000
ecu,1972,0.0000
ecu,1977,0.0000
ecu,1982,0.0000
ecu,1987,0.0000
ecu,1992,0.0000
ecu,1997,0.0000
ecu,2002,0.0000
ecu,2007,0.0000
ecu,2012,0.0000
ecu,2014,0.0000
egy,1962,1.0000
egy,1967,1.0000
egy,1972,1.0000
egy,1977,1.0000
egy,1982,1.0000
egy,1987,1.0000
egy,1992,1.0000
egy,1997,1.0000
egy,2002,1.0000
egy,2007,1.0000
egy,2012,1.0000
egy,2014,1.0000
slv,1962,0.0000
slv,1967,0.0000
slv,1972,0.0000
slv,1977,0.0000
slv,1982,0.0000
slv,1987,0.0000
slv,1992,0.0000
slv,1997,0.0000
slv,2002,0.0000
slv,2007,0.0000
slv,2012,0.0000
slv,2014,0.0000
gnq,1962,0.0000
gnq,1967,0.0000
gnq,1972,0.0000
gnq,1977,0.0000
gnq,1982,0.0000
gnq,1987,0.0000
gnq,1992,0.0000
gnq,1997,0.0000
gnq,2002,0.0000
gnq,2007,0.0000
gnq,2012,0.0000
gnq,2014,0.0000
eri,1997,0.0000
eri,2002,0.0000
eri,2007,0.0000
eri,2012,0.0000
eri,2014,0.0000
est,1992,0.0000
est,1997,0.0000
est,2002,0.0000
est,2007,0.0000
est,2012,0.0000
est,2014,0.0000
eth,1997,0.0000
eth,2002,0.0000
eth,2007,0.0000
eth,2012,0.0000
eth,2014,0.0000
fro,1962,0.0000
fro,1967,0.0000
fro,1972,0.0000
fro,1977,0.0000
fro,1982,0.0000
fro,1987,0.0000
fro,1992,0.0000
fro,1997,0.0000
fro,2002,0.0000
fro,2007,0.0000
fro,2012,0.0000
fro,2014,0.0000
fji,1962,0.0000
fji,1967,0.0000
fji,1972,0.0000
fji,1977,0.0000
fji,1982,0.0000
fji,1987,0.0000
fji,1992,0.0000
fji,1997,0.0000
fji,2002,0.0000
fji,2007,0.0000
fji,2012,0.0000
fji,2014,0.0000
fin,1962,0.0000
fin,1967,0.0000
fin,1972,0.0000
fin,1977,0.0000
fin,1982,0.0000
fin,1987,0.0000
fin,1992,0.0000
fin,1997,0.0000
fin,2002,0.0000
fin,2007,0.0000
fin,2012,0.0000
fin,2014,0.0000
fra,1962,0.0000
fra,1967,0.0000
fra,1972,0.0000
fra,1977,0.0000
fra,1982,0.0000
fra,1987,0.0000
fra,1992,0.0000
fra,1997,0.0000
fra,2002,0.0000
fra,2007,0.0000
fra,2012,0.0000
fra,2014,0.0000
gab,1962,0.0000
gab,1967,0.0000
gab,1972,0.0000
gab,1977,0.0000
gab,1982,0.0000
gab,1987,0.0000
gab,1992,0.0000
gab,1997,0.0000
gab,2002,0.0000
gab,2007,0.0000
gab,2012,0.0000
gab,2014,0.0000
gmb,1962,0.0000
gmb,1967,0.0000
gmb,1972,0.0000
gmb,1977,0.0000
gmb,1982,0.0000
gmb,1987,0.0000
gmb,1992,0.0000
gmb,1997,0.0000
gmb,2002,0.0000
gmb,2007,0.0000
gmb,2012,0.0000
gmb,2014,0.0000
geo,1992,0.0000
geo,1997,0.0000
geo,2002,0.0000
geo,2007,0.0000
geo,2012,0.0000
geo,2014,0.0000
deu,1962,0.0000
deu,1967,0.0000
deu,1972,0.0000
deu,1977,0.0000
deu,1982,0.0000
deu,1987,0.0000
deu,1992,0.0000
deu,1997,0.0000
deu,2002,0.0000
deu,2007,0.0000
deu,2012,0.0000
deu,2014,0.0000
gha,1962,0.0000
gha,1967,0.0000
gha,1972,0.0000
gha,1977,0.0000
gha,1982,0.0000
gha,1987,0.0000
gha,1992,0.0000
gha,1997,0.0000
gha,2002,0.0000
gha,2007,0.0000
gha,2012,0.0000
gha,2014,0.0000
grc,1962,0.0000
grc,1967,0.0000
grc,1972,0.0000
grc,1977,0.0000
grc,1982,0.0000
grc,1987,0.0000
grc,1992,0.0000
grc,1997,0.0000
grc,2002,0.0000
grc,2007,0.0000
grc,2012,0.0000
grc,2014,0.0000
grd,1962,0.0000
grd,1967,0.0000
grd,1972,0.0000
grd,1977,0.0000
grd,1982,0.0000
grd,1987,0.0000
grd,1992,0.0000
grd,1997,0.0000
grd,2002,0.0000
grd,2007,0.0000
grd,2012,0.0000
grd,2014,0.0000
gtm,1962,0.0000
gtm,1967,0.0000
gtm,1972,0.0000
gtm,1977,0.0000
gtm,1982,0.0000
gtm,1987,0.0000
gtm,1992,0.0000
gtm,1997,0.0000
gtm,2002,0.0000
gtm,2007,0.0000
gtm,2012,0.0000
gtm,2014,0.0000
gin,1962,0.0000
gin,1967,0.0000
gin,1972,0.0000
gin,1977,0.0000
gin,1982,0.0000
gin,1987,0.0000
gin,1992,0.0000
gin,1997,0.0000
gin,2002,0.0000
gin,2007,0.0000
gin,2012,0.0000
gin,2014,0.0000
gnb,1962,0.0000
gnb,1967,0.0000
gnb,1972,0.0000
gnb,1977,0.0000
gnb,1982,0.0000
gnb,1987,0.0000
gnb,1992,0.0000
gnb,1997,0.0000
gnb,2002,0.0000
gnb,2007,0.0000
gnb,2012,0.0000
gnb,2014,0.0000
guy,1962,0.0000
guy,1967,0.0000
guy,1972,0.0000
guy,1977,0.0000
guy,1982,0.0000
guy,1987,0.0000
guy,1992,0.0000
guy,1997,0.0000
guy,2002,0.0000
guy,2007,0.0000
guy,2012,0.0000
guy,2014,0.0000
hti,1962,0.0000
hti,1967,0.0000
hti,1972,0.0000
hti,1977,0.0000
hti,1982,0.0000
hti,1987,0.0000
hti,1992,0.0000
hti,1997,0.0000
hti,2002,0.0000
hti,2007,0.0000
hti,2012,0.0000
hti,2014,0.0000
hnd,1962,0.0000
hnd,1967,0.0000
hnd,1972,0.0000
hnd,1977,0.0000
hnd,1982,0.0000
hnd,1987,0.0000
hnd,1992,0.0000
hnd,1997,0.0000
hnd,2002,0.0000
hnd,2007,0.0000
hnd,2012,0.0000
hnd,2014,0.0000
hun,1962,0.0000
hun,1967,0.0000
hun,1972,0.0000
hun,1977,0.0000
hun,1982,0.0000
hun,1987,0.0000
hun,1992,0.0000
hun,1997,0.0000
hun,2002,0.0000
hun,2007,0.0000
hun,2012,0.0000
hun,2014,0.0000
isl,1962,0.0000
isl,1967,0.0000
isl,1972,0.0000
isl,1977,0.0000
isl,1982,0.0000
isl,1987,0.0000
isl,1992,0.0000
isl,1997,0.0000
isl,2002,0.0000
isl,2007,0.0000
isl,2012,0.0000
isl,2014,0.0000
ind,1962,0.0000
ind,1967,0.0000
ind,1972,0.0000
ind,1977,0.0000
ind,1982,0.0000
ind,1987,0.0000
ind,1992,0.0000
ind,1997,0.0000
ind,2002,0.0000
ind,2007,0.0000
ind,2012,0.0000
ind,2014,0.0000
idn,1962,0.0000
idn,1967,0.0000
idn,1972,0.0000
idn,1977,0.0000
idn,1982,0.0000
idn,1987,0.0000
idn,1992,0.0000
idn,1997,0.0000
idn,2002,0.0000
idn,2007,0.0000
idn,2012,0.0000
idn,2014,0.0000
irn,1962,0.0000
irn,1967,0.0000
irn,1972,0.0000
irn,1977,0.0000
irn,1982,0.0000
irn,1987,0.0000
irn,1992,0.0000
irn,1997,0.0000
irn,2002,0.0000
irn,2007,0.0000
irn,2012,0.0000
irn,2014,0.0000
irq,1962,0.080000
irq,1967,0.080000
irq,1972,0.080000
irq,1977,0.080000
irq,1982,0.080000
irq,1987,0.080000
irq,1992,0.080000
irq,1997,0.080000
irq,2002,0.080000
irq,2007,0.080000
irq,2012,0.080000
irq,2014,0.080000
irl,1962,0.0000
irl,1967,0.0000
irl,1972,0.0000
irl,1977,0.0000
irl,1982,0.0000
irl,1987,0.0000
irl,1992,0.0000
irl,1997,0.0000
irl,2002,0.0000
irl,2007,0.0000
irl,2012,0.0000
irl,2014,0.0000
isr,1962,0.72500
isr,1967,0.72500
isr,1972,0.72500
isr,1977,0.72500
isr,1982,0.72500
isr,1987,0.72500
isr,1992,0.72500
isr,1997,0.72500
isr,2002,0.72500
isr,2007,0.72500
isr,2012,0.72500
isr,2014,0.72500
ita,1962,0.0000
ita,1967,0.0000
ita,1972,0.0000
ita,1977,0.0000
ita,1982,0.0000
ita,1987,0.0000
ita,1992,0.0000
ita,1997,0.0000
ita,2002,0.0000
ita,2007,0.0000
ita,2012,0.0000
ita,2014,0.0000
jam,1962,0.0000
jam,1967,0.0000
jam,1972,0.0000
jam,1977,0.0000
jam,1982,0.0000
jam,1987,0.0000
jam,1992,0.0000
jam,1997,0.0000
jam,2002,0.0000
jam,2007,0.0000
jam,2012,0.0000
jam,2014,0.0000
jpn,1962,0.0000
jpn,1967,0.0000
jpn,1972,0.0000
jpn,1977,0.0000
jpn,1982,0.0000
jpn,1987,0.0000
jpn,1992,0.0000
jpn,1997,0.0000
jpn,2002,0.0000
jpn,2007,0.0000
jpn,2012,0.0000
jpn,2014,0.0000
jor,1962,0.090000
jor,1967,0.090000
jor,1972,0.090000
jor,1977,0.090000
jor,1982,0.090000
jor,1987,0.090000
jor,1992,0.090000
jor,1997,0.090000
jor,2002,0.090000
jor,2007,0.090000
jor,2012,0.090000
jor,2014,0.090000
kaz,1992,0.0000
kaz,1997,0.0000
kaz,2002,0.0000
kaz,2007,0.0000
kaz,2012,0.0000
kaz,2014,0.0000
ken,1962,0.0000
ken,1967,0.0000
ken,1972,0.0000
ken,1977,0.0000
ken,1982,0.0000
ken,1987,0.0000
ken,1992,0.0000
ken,1997,0.0000
ken,2002,0.0000
ken,2007,0.0000
ken,2012,0.0000
ken,2014,0.0000
kir,1962,0.0000
kir,1967,0.0000
kir,1972,0.0000
kir,1977,0.0000
kir,1982,0.0000
kir,1987,0.0000
kir,1992,0.0000
kir,1997,0.0000
kir,2002,0.0000
kir,2007,0.0000
kir,2012,0.0000
kir,2014,0.0000
kwt,1962,0.020000
kwt,1967,0.020000
kwt,1972,0.020000
kwt,1977,0.020000
kwt,1982,0.020000
kwt,1987,0.020000
kwt,1992,0.020000
kwt,1997,0.020000
kwt,2002,0.020000
kwt,2007,0.020000
kwt,2012,0.020000
kwt,2014,0.020000
kgz,1992,0.0000
kgz,1997,0.0000
kgz,2002,0.0000
kgz,2007,0.0000
kgz,2012,0.0000
kgz,2014,0.0000
lao,1962,0.0000
lao,1967,0.0000
lao,1972,0.0000
lao,1977,0.0000
lao,1982,0.0000
lao,1987,0.0000
lao,1992,0.0000
lao,1997,0.0000
lao,2002,0.0000
lao,2007,0.0000
lao,2012,0.0000
lao,2014,0.0000
lva,1992,0.0000
lva,1997,0.0000
lva,2002,0.0000
lva,2007,0.0000
lva,2012,0.0000
lva,2014,0.0000
lbn,1962,0.0000
lbn,1967,0.0000
lbn,1972,0.0000
lbn,1977,0.0000
lbn,1982,0.0000
lbn,1987,0.0000
lbn,1992,0.0000
lbn,1997,0.0000
lbn,2002,0.0000
lbn,2007,0.0000
lbn,2012,0.0000
lbn,2014,0.0000
lso,1962,0.0000
lso,1967,0.0000
lso,1972,0.0000
lso,1977,0.0000
lso,1982,0.0000
lso,1987,0.0000
lso,1992,0.0000
lso,1997,0.0000
lso,2002,0.0000
lso,2007,0.0000
lso,2012,0.0000
lso,2014,0.0000
lbr,1962,0.0000
lbr,1967,0.0000
lbr,1972,0.0000
lbr,1977,0.0000
lbr,1982,0.0000
lbr,1987,0.0000
lbr,1992,0.0000
lbr,1997,0.0000
lbr,2002,0.0000
lbr,2007,0.0000
lbr,2012,0.0000
lbr,2014,0.0000
lby,1962,0.0000
lby,1967,0.0000
lby,1972,0.0000
lby,1977,0.0000
lby,1982,0.0000
lby,1987,0.0000
lby,1992,0.0000
lby,1997,0.0000
lby,2002,0.0000
lby,2007,0.0000
lby,2012,0.0000
lby,2014,0.0000
ltu,1992,0.0000
ltu,1997,0.0000
ltu,2002,0.0000
ltu,2007,0.0000
ltu,2012,0.0000
ltu,2014,0.0000
lux,1962,0.0000
lux,1967,0.0000
lux,1972,0.0000
lux,1977,0.0000
lux,1982,0.0000
lux,1987,0.0000
lux,1992,0.0000
lux,1997,0.0000
lux,2002,0.0000
lux,2007,0.0000
lux,2012,0.0000
lux,2014,0.0000
mdg,1962,0.0000
mdg,1967,0.0000
mdg,1972,0.0000
mdg,1977,0.0000
mdg,1982,0.0000
mdg,1987,0.0000
mdg,1992,0.0000
mdg,1997,0.0000
mdg,2002,0.0000
mdg,2007,0.0000
mdg,2012,0.0000
mdg,2014,0.0000
mwi,1962,0.0000
mwi,1967,0.0000
mwi,1972,0.0000
mwi,1977,0.0000
mwi,1982,0.0000
mwi,1987,0.0000
mwi,1992,0.0000
mwi,1997,0.0000
mwi,2002,0.0000
mwi,2007,0.0000
mwi,2012,0.0000
mwi,2014,0.0000
mys,1962,0.0000
mys,1967,0.0000
mys,1972,0.0000
mys,1977,0.0000
mys,1982,0.0000
mys,1987,0.0000
mys,1992,0.0000
mys,1997,0.0000
mys,2002,0.0000
mys,2007,0.0000
mys,2012,0.0000
mys,2014,0.0000
mdv,1962,0.0000
mdv,1967,0.0000
mdv,1972,0.0000
mdv,1977,0.0000
mdv,1982,0.0000
mdv,1987,0.0000
mdv,1992,0.0000
mdv,1997,0.0000
mdv,2002,0.0000
mdv,2007,0.0000
mdv,2012,0.0000
mdv,2014,0.0000
mli,1962,0.0000
mli,1967,0.0000
mli,1972,0.0000
mli,1977,0.0000
mli,1982,0.0000
mli,1987,0.0000
mli,1992,0.0000
mli,1997,0.0000
mli,2002,0.0000
mli,2007,0.0000
mli,2012,0.0000
mli,2014,0.0000
mlt,1962,0.0000
mlt,1967,0.0000
mlt,1972,0.0000
mlt,1977,0.0000
mlt,1982,0.0000
mlt,1987,0.0000
mlt,1992,0.0000
mlt,1997,0.0000
mlt,2002,0.0000
mlt,2007,0.0000
mlt,2012,0.0000
mlt,2014,0.0000
mhl,1962,0.0000
mhl,1967,0.0000
mhl,1972,0.0000
mhl,1977,0.0000
mhl,1982,0.0000
mhl,1987,0.0000
mhl,1992,0.0000
mhl,1997,0.0000
mhl,2002,0.0000
mhl,2007,0.0000
mhl,2012,0.0000
mhl,2014,0.0000
mrt,1962,0.0000
mrt,1967,0.0000
mrt,1972,0.0000
mrt,1977,0.0000
mrt,1982,0.0000
mrt,1987,0.0000
mrt,1992,0.0000
mrt,1997,0.0000
mrt,2002,0.0000
mrt,2007,0.0000
mrt,2012,0.0000
mrt,2014,0.0000
mus,1962,0.0000
mus,1967,0.0000
mus,1972,0.0000
mus,1977,0.0000
mus,1982,0.0000
mus,1987,0.0000
mus,1992,0.0000
mus,1997,0.0000
mus,2002,0.0000
mus,2007,0.0000
mus,2012,0.0000
mus,2014,0.0000
mex,1962,0.0000
mex,1967,0.0000
mex,1972,0.0000
mex,1977,0.0000
mex,1982,0.0000
mex,1987,0.0000
mex,1992,0.0000
mex,1997,0.0000
mex,2002,0.0000
mex,2007,0.0000
mex,2012,0.0000
mex,2014,0.0000
fsm,1962,0.0000
fsm,1967,0.0000
fsm,1972,0.0000
fsm,1977,0.0000
fsm,1982,0.0000
fsm,1987,0.0000
fsm,1992,0.0000
fsm,1997,0.0000
fsm,2002,0.0000
fsm,2007,0.0000
fsm,2012,0.0000
fsm,2014,0.0000
mng,1962,0.0000
mng,1967,0.0000
mng,1972,0.0000
mng,1977,0.0000
mng,1982,0.0000
mng,1987,0.0000
mng,1992,0.0000
mng,1997,0.0000
mng,2002,0.0000
mng,2007,0.0000
mng,2012,0.0000
mng,2014,0.0000
mar,1962,0.0000
mar,1967,0.0000
mar,1972,0.0000
mar,1977,0.0000
mar,1982,0.0000
mar,1987,0.0000
mar,1992,0.0000
mar,1997,0.0000
mar,2002,0.0000
mar,2007,0.0000
mar,2012,0.0000
mar,2014,0.0000
moz,1962,0.0000
moz,1967,0.0000
moz,1972,0.0000
moz,1977,0.0000
moz,1982,0.0000
moz,1987,0.0000
moz,1992,0.0000
moz,1997,0.0000
moz,2002,0.0000
moz,2007,0.0000
moz,2012,0.0000
moz,2014,0.0000
mmr,1962,0.0000
mmr,1967,0.0000
mmr,1972,0.0000
mmr,1977,0.0000
mmr,1982,0.0000
mmr,1987,0.0000
mmr,1992,0.0000
mmr,1997,0.0000
mmr,2002,0.0000
mmr,2007,0.0000
mmr,2012,0.0000
mmr,2014,0.0000
nam,1962,0.0000
nam,1967,0.0000
nam,1972,0.0000
nam,1977,0.0000
nam,1982,0.0000
nam,1987,0.0000
nam,1992,0.0000
nam,1997,0.0000
nam,2002,0.0000
nam,2007,0.0000
nam,2012,0.0000
nam,2014,0.0000
nru,1962,0.0000
nru,1967,0.0000
nru,1972,0.0000
nru,1977,0.0000
nru,1982,0.0000
nru,1987,0.0000
nru,1992,0.0000
nru,1997,0.0000
nru,2002,0.0000
nru,2007,0.0000
nru,2012,0.0000
nru,2014,0.0000
npl,1962,0.0000
npl,1967,0.0000
npl,1972,0.0000
npl,1977,0.0000
npl,1982,0.0000
npl,1987,0.0000
npl,1992,0.0000
npl,1997,0.0000
npl,2002,0.0000
npl,2007,0.0000
npl,2012,0.0000
npl,2014,0.0000
nld,1962,0.0000
nld,1967,0.0000
nld,1972,0.0000
nld,1977,0.0000
nld,1982,0.0000
nld,1987,0.0000
nld,1992,0.0000
nld,1997,0.0000
nld,2002,0.0000
nld,2007,0.0000
nld,2012,0.0000
nld,2014,0.0000
nzl,1962,0.0000
nzl,1967,0.0000
nzl,1972,0.0000
nzl,1977,0.0000
nzl,1982,0.0000
nzl,1987,0.0000
nzl,1992,0.0000
nzl,1997,0.0000
nzl,2002,0.0000
nzl,2007,0.0000
nzl,2012,0.0000
nzl,2014,0.0000
nic,1962,0.0000
nic,1967,0.0000
nic,1972,0.0000
nic,1977,0.0000
nic,1982,0.0000
nic,1987,0.0000
nic,1992,0.0000
nic,1997,0.0000
nic,2002,0.0000
nic,2007,0.0000
nic,2012,0.0000
nic,2014,0.0000
ner,1962,0.0000
ner,1967,0.0000
ner,1972,0.0000
ner,1977,0.0000
ner,1982,0.0000
ner,1987,0.0000
ner,1992,0.0000
ner,1997,0.0000
ner,2002,0.0000
ner,2007,0.0000
ner,2012,0.0000
ner,2014,0.0000
nga,1962,0.0000
nga,1967,0.0000
nga,1972,0.0000
nga,1977,0.0000
nga,1982,0.0000
nga,1987,0.0000
nga,1992,0.0000
nga,1997,0.0000
nga,2002,0.0000
nga,2007,0.0000
nga,2012,0.0000
nga,2014,0.0000
niu,1962,0.0000
niu,1967,0.0000
niu,1972,0.0000
niu,1977,0.0000
niu,1982,0.0000
niu,1987,0.0000
niu,1992,0.0000
niu,1997,0.0000
niu,2002,0.0000
niu,2007,0.0000
niu,2012,0.0000
niu,2014,0.0000
nor,1962,0.0000
nor,1967,0.0000
nor,1972,0.0000
nor,1977,0.0000
nor,1982,0.0000
nor,1987,0.0000
nor,1992,0.0000
nor,1997,0.0000
nor,2002,0.0000
nor,2007,0.0000
nor,2012,0.0000
nor,2014,0.0000
pse,1962,0.010000
pse,1967,0.010000
pse,1972,0.010000
pse,1977,0.010000
pse,1982,0.010000
pse,1987,0.010000
pse,1992,0.010000
pse,1997,0.010000
pse,2002,0.010000
pse,2007,0.010000
pse,2012,0.010000
pse,2014,0.010000
omn,1962,0.0000
omn,1967,0.0000
omn,1972,0.0000
omn,1977,0.0000
omn,1982,0.0000
omn,1987,0.0000
omn,1992,0.0000
omn,1997,0.0000
omn,2002,0.0000
omn,2007,0.0000
omn,2012,0.0000
omn,2014,0.0000
pak,1962,0.0000
pak,1967,0.0000
pak,1972,0.0000
pak,1977,0.0000
pak,1982,0.0000
pak,1987,0.0000
pak,1992,0.0000
pak,1997,0.0000
pak,2002,0.0000
pak,2007,0.0000
pak,2012,0.0000
pak,2014,0.0000
plw,1962,0.0000
plw,1967,0.0000
plw,1972,0.0000
plw,1977,0.0000
plw,1982,0.0000
plw,1987,0.0000
plw,1992,0.0000
plw,1997,0.0000
plw,2002,0.0000
plw,2007,0.0000
plw,2012,0.0000
plw,2014,0.0000
pan,1962,0.0000
pan,1967,0.0000
pan,1972,0.0000
pan,1977,0.0000
pan,1982,0.0000
pan,1987,0.0000
pan,1992,0.0000
pan,1997,0.0000
pan,2002,0.0000
pan,2007,0.0000
pan,2012,0.0000
pan,2014,0.0000
png,1962,0.0000
png,1967,0.0000
png,1972,0.0000
png,1977,0.0000
png,1982,0.0000
png,1987,0.0000
png,1992,0.0000
png,1997,0.0000
png,2002,0.0000
png,2007,0.0000
png,2012,0.0000
png,2014,0.0000
pry,1962,0.0000
pry,1967,0.0000
pry,1972,0.0000
pry,1977,0.0000
pry,1982,0.0000
pry,1987,0.0000
pry,1992,0.0000
pry,1997,0.0000
pry,2002,0.0000
pry,2007,0.0000
pry,2012,0.0000
pry,2014,0.0000
per,1962,0.0000
per,1967,0.0000
per,1972,0.0000
per,1977,0.0000
per,1982,0.0000
per,1987,0.0000
per,1992,0.0000
per,1997,0.0000
per,2002,0.0000
per,2007,0.0000
per,2012,0.0000
per,2014,0.0000
phl,1962,0.0000
phl,1967,0.0000
phl,1972,0.0000
phl,1977,0.0000
phl,1982,0.0000
phl,1987,0.0000
phl,1992,0.0000
phl,1997,0.0000
phl,2002,0.0000
phl,2007,0.0000
phl,2012,0.0000
phl,2014,0.0000
pol,1962,0.0000
pol,1967,0.0000
pol,1972,0.0000
pol,1977,0.0000
pol,1982,0.0000
pol,1987,0.0000
pol,1992,0.0000
pol,1997,0.0000
pol,2002,0.0000
pol,2007,0.0000
pol,2012,0.0000
pol,2014,0.0000
prt,1962,0.0000
prt,1967,0.0000
prt,1972,0.0000
prt,1977,0.0000
prt,1982,0.0000
prt,1987,0.0000
prt,1992,0.0000
prt,1997,0.0000
prt,2002,0.0000
prt,2007,0.0000
prt,2012,0.0000
prt,2014,0.0000
pri,1962,0.0000
pri,1967,0.0000
pri,1972,0.0000
pri,1977,0.0000
pri,1982,0.0000
pri,1987,0.0000
pri,1992,0.0000
pri,1997,0.0000
pri,2002,0.0000
pri,2007,0.0000
pri,2012,0.0000
pri,2014,0.0000
qat,1962,0.0020000
qat,1967,0.0020000
qat,1972,0.0020000
qat,1977,0.0020000
qat,1982,0.0020000
qat,1987,0.0020000
qat,1992,0.0020000
qat,1997,0.0020000
qat,2002,0.0020000
qat,2007,0.0020000
qat,2012,0.0020000
qat,2014,0.0020000
kor,1962,0.0000
kor,1967,0.0000
kor,1972,0.0000
kor,1977,0.0000
kor,1982,0.0000
kor,1987,0.0000
kor,1992,0.0000
kor,1997,0.0000
kor,2002,0.0000
kor,2007,0.0000
kor,2012,0.0000
kor,2014,0.0000
mda,1992,0.0000
mda,1997,0.0000
mda,2002,0.0000
mda,2007,0.0000
mda,2012,0.0000
mda,2014,0.0000
rou,1962,0.080000
rou,1967,0.080000
rou,1972,0.080000
rou,1977,0.080000
rou,1982,0.080000
rou,1987,0.080000
rou,1992,0.080000
rou,1997,0.080000
rou,2002,0.080000
rou,2007,0.080000
rou,2012,0.080000
rou,2014,0.080000
rus,1992,0.0000
rus,1997,0.0000
rus,2002,0.0000
rus,2007,0.0000
rus,2012,0.0000
rus,2014,0.0000
rwa,1962,0.0000
rwa,1967,0.0000
rwa,1972,0.0000
rwa,1977,0.0000
rwa,1982,0.0000
rwa,1987,0.0000
rwa,1992,0.0000
rwa,1997,0.0000
rwa,2002,0.0000
rwa,2007,0.0000
rwa,2012,0.0000
rwa,2014,0.0000
kna,1962,0.0000
kna,1967,0.0000
kna,1972,0.0000
kna,1977,0.0000
kna,1982,0.0000
kna,1987,0.0000
kna,1992,0.0000
kna,1997,0.0000
kna,2002,0.0000
kna,2007,0.0000
kna,2012,0.0000
kna,2014,0.0000
lca,1962,0.0000
lca,1967,0.0000
lca,1972,0.0000
lca,1977,0.0000
lca,1982,0.0000
lca,1987,0.0000
lca,1992,0.0000
lca,1997,0.0000
lca,2002,0.0000
lca,2007,0.0000
lca,2012,0.0000
lca,2014,0.0000
vct,1962,0.0000
vct,1967,0.0000
vct,1972,0.0000
vct,1977,0.0000
vct,1982,0.0000
vct,1987,0.0000
vct,1992,0.0000
vct,1997,0.0000
vct,2002,0.0000
vct,2007,0.0000
vct,2012,0.0000
vct,2014,0.0000
wsm,1962,0.0000
wsm,1967,0.0000
wsm,1972,0.0000
wsm,1977,0.0000
wsm,1982,0.0000
wsm,1987,0.0000
wsm,1992,0.0000
wsm,1997,0.0000
wsm,2002,0.0000
wsm,2007,0.0000
wsm,2012,0.0000
wsm,2014,0.0000
stp,1962,0.0000
stp,1967,0.0000
stp,1972,0.0000
stp,1977,0.0000
stp,1982,0.0000
stp,1987,0.0000
stp,1992,0.0000
stp,1997,0.0000
stp,2002,0.0000
stp,2007,0.0000
stp,2012,0.0000
stp,2014,0.0000
sau,1962,0.0000
sau,1967,0.0000
sau,1972,0.0000
sau,1977,0.0000
sau,1982,0.0000
sau,1987,0.0000
sau,1992,0.0000
sau,1997,0.0000
sau,2002,0.0000
sau,2007,0.0000
sau,2012,0.0000
sau,2014,0.0000
sen,1962,0.0000
sen,1967,0.0000
sen,1972,0.0000
sen,1977,0.0000
sen,1982,0.0000
sen,1987,0.0000
sen,1992,0.0000
sen,1997,0.0000
sen,2002,0.0000
sen,2007,0.0000
sen,2012,0.0000
sen,2014,0.0000
syc,1962,0.0000
syc,1967,0.0000
syc,1972,0.0000
syc,1977,0.0000
syc,1982,0.0000
syc,1987,0.0000
syc,1992,0.0000
syc,1997,0.0000
syc,2002,0.0000
syc,2007,0.0000
syc,2012,0.0000
syc,2014,0.0000
sle,1962,0.0000
sle,1967,0.0000
sle,1972,0.0000
sle,1977,0.0000
sle,1982,0.0000
sle,1987,0.0000
sle,1992,0.0000
sle,1997,0.0000
sle,2002,0.0000
sle,2007,0.0000
sle,2012,0.0000
sle,2014,0.0000
sgp,1962,0.0000
sgp,1967,0.0000
sgp,1972,0.0000
sgp,1977,0.0000
sgp,1982,0.0000
sgp,1987,0.0000
sgp,1992,0.0000
sgp,1997,0.0000
sgp,2002,0.0000
sgp,2007,0.0000
sgp,2012,0.0000
sgp,2014,0.0000
svk,1997,0.0000
svk,2002,0.0000
svk,2007,0.0000
svk,2012,0.0000
svk,2014,0.0000
svn,1992,0.0000
svn,1997,0.0000
svn,2002,0.0000
svn,2007,0.0000
svn,2012,0.0000
svn,2014,0.0000
slb,1962,0.0000
slb,1967,0.0000
slb,1972,0.0000
slb,1977,0.0000
slb,1982,0.0000
slb,1987,0.0000
slb,1992,0.0000
slb,1997,0.0000
slb,2002,0.0000
slb,2007,0.0000
slb,2012,0.0000
slb,2014,0.0000
som,1962,0.0000
som,1967,0.0000
som,1972,0.0000
som,1977,0.0000
som,1982,0.0000
som,1987,0.0000
som,1992,0.0000
som,1997,0.0000
som,2002,0.0000
som,2007,0.0000
som,2012,0.0000
som,2014,0.0000
zaf,1962,0.0000
zaf,1967,0.0000
zaf,1972,0.0000
zaf,1977,0.0000
zaf,1982,0.0000
zaf,1987,0.0000
zaf,1992,0.0000
zaf,1997,0.0000
zaf,2002,0.0000
zaf,2007,0.0000
zaf,2012,0.0000
zaf,2014,0.0000
ssd,2012,0.0000
ssd,2014,0.0000
esp,1962,0.0000
esp,1967,0.0000
esp,1972,0.0000
esp,1977,0.0000
esp,1982,0.0000
esp,1987,0.0000
esp,1992,0.0000
esp,1997,0.0000
esp,2002,0.0000
esp,2007,0.0000
esp,2012,0.0000
esp,2014,0.0000
lka,1962,0.0000
lka,1967,0.0000
lka,1972,0.0000
lka,1977,0.0000
lka,1982,0.0000
lka,1987,0.0000
lka,1992,0.0000
lka,1997,0.0000
lka,2002,0.0000
lka,2007,0.0000
lka,2012,0.0000
lka,2014,0.0000
sdn,2012,0.0000
sdn,2014,0.0000
sur,1962,0.0000
sur,1967,0.0000
sur,1972,0.0000
sur,1977,0.0000
sur,1982,0.0000
sur,1987,0.0000
sur,1992,0.0000
sur,1997,0.0000
sur,2002,0.0000
sur,2007,0.0000
sur,2012,0.0000
sur,2014,0.0000
swz,1962,0.0000
swz,1967,0.0000
swz,1972,0.0000
swz,1977,0.0000
swz,1982,0.0000
swz,1987,0.0000
swz,1992,0.0000
swz,1997,0.0000
swz,2002,0.0000
swz,2007,0.0000
swz,2012,0.0000
swz,2014,0.0000
swe,1962,0.0000
swe,1967,0.0000
swe,1972,0.0000
swe,1977,0.0000
swe,1982,0.0000
swe,1987,0.0000
swe,1992,0.0000
swe,1997,0.0000
swe,2002,0.0000
swe,2007,0.0000
swe,2012,0.0000
swe,2014,0.0000
che,1962,0.0000
che,1967,0.0000
che,1972,0.0000
che,1977,0.0000
che,1982,0.0000
che,1987,0.0000
che,1992,0.0000
che,1997,0.0000
che,2002,0.0000
che,2007,0.0000
che,2012,0.0000
che,2014,0.0000
syr,1962,1.3300
syr,1967,1.3300
syr,1972,1.3300
syr,1977,1.3300
syr,1982,1.3300
syr,1987,1.3300
syr,1992,1.3300
syr,1997,1.3300
syr,2002,1.3300
syr,2007,1.3300
syr,2012,1.3300
syr,2014,1.3300
tjk,1992,0.0000
tjk,1997,0.0000
tjk,2002,0.0000
tjk,2007,0.0000
tjk,2012,0.0000
tjk,2014,0.0000
tha,1962,0.0000
tha,1967,0.0000
tha,1972,0.0000
tha,1977,0.0000
tha,1982,0.0000
tha,1987,0.0000
tha,1992,0.0000
tha,1997,0.0000
tha,2002,0.0000
tha,2007,0.0000
tha,2012,0.0000
tha,2014,0.0000
mkd,1992,0.0000
mkd,1997,0.0000
mkd,2002,0.0000
mkd,2007,0.0000
mkd,2012,0.0000
mkd,2014,0.0000
tls,1962,0.0000
tls,1967,0.0000
tls,1972,0.0000
tls,1977,0.0000
tls,1982,0.0000
tls,1987,0.0000
tls,1992,0.0000
tls,1997,0.0000
tls,2002,0.0000
tls,2007,0.0000
tls,2012,0.0000
tls,2014,0.0000
tgo,1962,0.0000
tgo,1967,0.0000
tgo,1972,0.0000
tgo,1977,0.0000
tgo,1982,0.0000
tgo,1987,0.0000
tgo,1992,0.0000
tgo,1997,0.0000
tgo,2002,0.0000
tgo,2007,0.0000
tgo,2012,0.0000
tgo,2014,0.0000
tkl,1962,0.0000
tkl,1967,0.0000
tkl,1972,0.0000
tkl,1977,0.0000
tkl,1982,0.0000
tkl,1987,0.0000
tkl,1992,0.0000
tkl,1997,0.0000
tkl,2002,0.0000
tkl,2007,0.0000
tkl,2012,0.0000
tkl,2014,0.0000
ton,1962,0.0000
ton,1967,0.0000
ton,1972,0.0000
ton,1977,0.0000
ton,1982,0.0000
ton,1987,0.0000
ton,1992,0.0000
ton,1997,0.0000
ton,2002,0.0000
ton,2007,0.0000
ton,2012,0.0000
ton,2014,0.0000
tto,1962,0.0000
tto,1967,0.0000
tto,1972,0.0000
tto,1977,0.0000
tto,1982,0.0000
tto,1987,0.0000
tto,1992,0.0000
tto,1997,0.0000
tto,2002,0.0000
tto,2007,0.0000
tto,2012,0.0000
tto,2014,0.0000
tun,1962,0.10000
tun,1967,0.10000
tun,1972,0.10000
tun,1977,0.10000
tun,1982,0.10000
tun,1987,0.10000
tun,1992,0.10000
tun,1997,0.10000
tun,2002,0.10000
tun,2007,0.10000
tun,2012,0.10000
tun,2014,0.10000
tur,1962,-1.2000
tur,1967,-1.2000
tur,1972,-1.2000
tur,1977,-1.2000
tur,1982,-1.2000
tur,1987,-1.2000
tur,1992,-1.2000
tur,1997,-1.2000
tur,2002,-1.2000
tur,2007,-1.2000
tur,2012,-1.2000
tur,2014,-1.2000
tkm,1992,0.0000
tkm,1997,0.0000
tkm,2002,0.0000
tkm,2007,0.0000
tkm,2012,0.0000
tkm,2014,0.0000
tuv,1962,0.0000
tuv,1967,0.0000
tuv,1972,0.0000
tuv,1977,0.0000
tuv,1982,0.0000
tuv,1987,0.0000
tuv,1992,0.0000
tuv,1997,0.0000
tuv,2002,0.0000
tuv,2007,0.0000
tuv,2012,0.0000
tuv,2014,0.0000
uga,1962,0.0000
uga,1967,0.0000
uga,1972,0.0000
uga,1977,0.0000
uga,1982,0.0000
uga,1987,0.0000
uga,1992,0.0000
uga,1997,0.0000
uga,2002,0.0000
uga,2007,0.0000
uga,2012,0.0000
uga,2014,0.0000
ukr,1992,0.0000
ukr,1997,0.0000
ukr,2002,0.0000
ukr,2007,0.0000
ukr,2012,0.0000
ukr,2014,0.0000
are,1962,0.0000
are,1967,0.0000
are,1972,0.0000
are,1977,0.0000
are,1982,0.0000
are,1987,0.0000
are,1992,0.0000
are,1997,0.0000
are,2002,0.0000
are,2007,0.0000
are,2012,0.0000
are,2014,0.0000
gbr,1962,0.0000
gbr,1967,0.0000
gbr,1972,0.0000
gbr,1977,0.0000
gbr,1982,0.0000
gbr,1987,0.0000
gbr,1992,0.0000
gbr,1997,0.0000
gbr,2002,0.0000
gbr,2007,0.0000
gbr,2012,0.0000
gbr,2014,0.0000
tza,1962,0.0000
tza,1967,0.0000
tza,1972,0.0000
tza,1977,0.0000
tza,1982,0.0000
tza,1987,0.0000
tza,1992,0.0000
tza,1997,0.0000
tza,2002,0.0000
tza,2007,0.0000
tza,2012,0.0000
tza,2014,0.0000
usa,1962,0.0000
usa,1967,0.0000
usa,1972,0.0000
usa,1977,0.0000
usa,1982,0.0000
usa,1987,0.0000
usa,1992,0.0000
usa,1997,0.0000
usa,2002,0.0000
usa,2007,0.0000
usa,2012,0.0000
usa,2014,0.0000
ury,1962,0.0000
ury,1967,0.0000
ury,1972,0.0000
ury,1977,0.0000
ury,1982,0.0000
ury,1987,0.0000
ury,1992,0.0000
ury,1997,0.0000
ury,2002,0.0000
ury,2007,0.0000
ury,2012,0.0000
ury,2014,0.0000
uzb,1992,0.0000
uzb,1997,0.0000
uzb,2002,0.0000
uzb,2007,0.0000
uzb,2012,0.0000
uzb,2014,0.0000
vut,1962,0.0000
vut,1967,0.0000
vut,1972,0.0000
vut,1977,0.0000
vut,1982,0.0000
vut,1987,0.0000
vut,1992,0.0000
vut,1997,0.0000
vut,2002,0.0000
vut,2007,0.0000
vut,2012,0.0000
vut,2014,0.0000
ven,1962,0.0000
ven,1967,0.0000
ven,1972,0.0000
ven,1977,0.0000
ven,1982,0.0000
ven,1987,0.0000
ven,1992,0.0000
ven,1997,0.0000
ven,2002,0.0000
ven,2007,0.0000
ven,2012,0.0000
ven,2014,0.0000
vnm,1962,0.0000
vnm,1967,0.0000
vnm,1972,0.0000
vnm,1977,0.0000
vnm,1982,0.0000
vnm,1987,0.0000
vnm,1992,0.0000
vnm,1997,0.0000
vnm,2002,0.0000
vnm,2007,0.0000
vnm,2012,0.0000
vnm,2014,0.0000
yem,1962,0.0000
yem,1967,0.0000
yem,1972,0.0000
yem,1977,0.0000
yem,1982,0.0000
yem,1987,0.0000
yem,1992,0.0000
yem,1997,0.0000
yem,2002,0.0000
yem,2007,0.0000
yem,2012,0.0000
yem,2014,0.0000
zmb,1962,0.0000
zmb,1967,0.0000
zmb,1972,0.0000
zmb,1977,0.0000
zmb,1982,0.0000
zmb,1987,0.0000
zmb,1992,0.0000
zmb,1997,0.0000
zmb,2002,0.0000
zmb,2007,0.0000
zmb,2012,0.0000
zmb,2014,0.0000
zwe,1962,0.0000
zwe,1967,0.0000
zwe,1972,0.0000
zwe,1977,0.0000
zwe,1982,0.0000
zwe,1987,0.0000
zwe,1992,0.0000
zwe,1997,0.0000
zwe,2002,0.0000
zwe,2007,0.0000
zwe,2012,0.0000
zwe,2014,0.0000
