area,year,harvested_irrigated_temporary_crop_area_total
afghanistan,2011,1978.0
afghanistan,2012,1978.0
afghanistan,2013,1978.0
afghanistan,2014,1978.0
afghanistan,2015,1978.0
afghanistan,2016,1978.0
afghanistan,2017,1978.0
afghanistan,2018,1978.0
afghanistan,2019,1978.0
afghanistan,2020,1978.0
afghanistan,2021,1978.0
afghanistan,2022,1978.0
albania,2006,94.400
albania,2007,94.400
albania,2008,94.400
albania,2009,94.400
albania,2010,94.400
albania,2011,94.400
albania,2012,94.400
albania,2013,94.400
albania,2014,94.400
albania,2015,94.400
albania,2016,94.400
albania,2017,94.400
albania,2018,94.400
albania,2019,94.400
albania,2020,94.400
albania,2021,94.400
albania,2022,94.400
algeria,2001,272.30
algeria,2002,287.76
algeria,2003,303.21
algeria,2004,318.67
algeria,2005,334.13
algeria,2006,349.59
algeria,2007,365.04
algeria,2008,380.50
algeria,2009,380.50
algeria,2010,380.50
algeria,2011,380.50
algeria,2012,380.50
algeria,2013,380.50
algeria,2014,380.50
algeria,2015,380.50
algeria,2016,380.50
algeria,2017,380.50
algeria,2018,380.50
algeria,2019,380.50
algeria,2020,380.50
algeria,2021,380.50
algeria,2022,380.50
angola,2005,11.500
angola,2006,11.500
angola,2007,11.500
angola,2008,11.500
angola,2009,11.500
angola,2010,11.500
angola,2011,11.500
angola,2012,11.500
angola,2013,11.500
angola,2014,11.500
angola,2015,11.500
angola,2016,11.500
angola,2017,11.500
angola,2018,11.500
angola,2019,11.500
angola,2020,11.500
angola,2021,11.500
angola,2022,11.500
antigua_and_barbuda,1997,0.13000
antigua_and_barbuda,1998,0.13902
antigua_and_barbuda,1999,0.14804
antigua_and_barbuda,2000,0.15705
antigua_and_barbuda,2001,0.16607
antigua_and_barbuda,2002,0.17509
antigua_and_barbuda,2003,0.18411
antigua_and_barbuda,2004,0.19312
antigua_and_barbuda,2005,0.20214
antigua_and_barbuda,2006,0.21116
antigua_and_barbuda,2007,0.22018
antigua_and_barbuda,2008,0.22919
antigua_and_barbuda,2009,0.23821
antigua_and_barbuda,2010,0.24723
antigua_and_barbuda,2011,0.25625
antigua_and_barbuda,2012,0.26526
antigua_and_barbuda,2013,0.27428
antigua_and_barbuda,2014,0.28330
antigua_and_barbuda,2015,0.28330
antigua_and_barbuda,2016,0.28330
antigua_and_barbuda,2017,0.28330
antigua_and_barbuda,2018,0.28330
antigua_and_barbuda,2019,0.28330
antigua_and_barbuda,2020,0.28330
antigua_and_barbuda,2021,0.28330
antigua_and_barbuda,2022,0.28330
argentina,1997,1057.0
argentina,1998,1119.2
argentina,1999,1181.4
argentina,2000,1243.5
argentina,2001,1305.7
argentina,2002,1367.9
argentina,2003,1430.1
argentina,2004,1492.3
argentina,2005,1554.5
argentina,2006,1616.6
argentina,2007,1678.8
argentina,2008,1741.0
argentina,2009,1741.0
argentina,2010,1741.0
argentina,2011,1741.0
argentina,2012,1741.0
argentina,2013,1741.0
argentina,2014,1741.0
argentina,2015,1741.0
argentina,2016,1741.0
argentina,2017,1741.0
argentina,2018,1741.0
argentina,2019,1741.0
argentina,2020,1741.0
argentina,2021,1741.0
argentina,2022,1741.0
armenia,1995,117.60
armenia,1996,118.28
armenia,1997,118.96
armenia,1998,119.65
armenia,1999,120.33
armenia,2000,121.01
armenia,2001,121.69
armenia,2002,122.37
armenia,2003,123.05
armenia,2004,123.74
armenia,2005,124.42
armenia,2006,125.10
armenia,2007,125.10
armenia,2008,125.10
armenia,2009,125.10
armenia,2010,125.10
armenia,2011,125.10
armenia,2012,125.10
armenia,2013,125.10
armenia,2014,125.10
armenia,2015,125.10
armenia,2016,125.10
armenia,2017,125.10
armenia,2018,125.10
armenia,2019,125.10
armenia,2020,125.10
armenia,2021,125.10
armenia,2022,125.10
australia,2010,1002.0
australia,2011,1114.7
australia,2012,1227.3
australia,2013,1340.0
australia,2014,1340.0
australia,2015,1340.0
australia,2016,1340.0
australia,2017,1340.0
australia,2018,1340.0
australia,2019,1340.0
australia,2020,1340.0
australia,2021,1340.0
australia,2022,1340.0
austria,2008,38.700
austria,2009,38.700
austria,2010,38.700
austria,2011,38.700
austria,2012,38.700
austria,2013,38.700
austria,2014,38.700
austria,2015,38.700
austria,2016,38.700
austria,2017,38.700
austria,2018,38.700
austria,2019,38.700
austria,2020,38.700
austria,2021,38.700
austria,2022,38.700
azerbaijan,1995,650.20
azerbaijan,1996,721.29
azerbaijan,1997,792.38
azerbaijan,1998,863.47
azerbaijan,1999,934.56
azerbaijan,2000,1005.6
azerbaijan,2001,1076.7
azerbaijan,2002,1147.8
azerbaijan,2003,1218.9
azerbaijan,2004,1290.0
azerbaijan,2005,1290.0
azerbaijan,2006,1290.0
azerbaijan,2007,1290.0
azerbaijan,2008,1290.0
azerbaijan,2009,1290.0
azerbaijan,2010,1290.0
azerbaijan,2011,1290.0
azerbaijan,2012,1290.0
azerbaijan,2013,1290.0
azerbaijan,2014,1290.0
azerbaijan,2015,1290.0
azerbaijan,2016,1290.0
azerbaijan,2017,1290.0
azerbaijan,2018,1290.0
azerbaijan,2019,1290.0
azerbaijan,2020,1290.0
azerbaijan,2021,1290.0
azerbaijan,2022,1290.0
bahrain,1994,1.4830
bahrain,1995,1.5367
bahrain,1996,1.5903
bahrain,1997,1.6440
bahrain,1998,1.6977
bahrain,1999,1.7513
bahrain,2000,1.8050
bahrain,2001,1.8050
bahrain,2002,1.8050
bahrain,2003,1.8050
bahrain,2004,1.8050
bahrain,2005,1.8050
bahrain,2006,1.8050
bahrain,2007,1.8050
bahrain,2008,1.8050
bahrain,2009,1.8050
bahrain,2010,1.8050
bahrain,2011,1.8050
bahrain,2012,1.8050
bahrain,2013,1.8050
bahrain,2014,1.8050
bahrain,2015,1.8050
bahrain,2016,1.8050
bahrain,2017,1.8050
bahrain,2018,1.8050
bahrain,2019,1.8050
bahrain,2020,1.8050
bahrain,2021,1.8050
bahrain,2022,1.8050
bangladesh,1982,1709.0
bangladesh,1983,1802.6
bangladesh,1984,1896.2
bangladesh,1985,1989.8
bangladesh,1986,2083.4
bangladesh,1987,2177.0
bangladesh,1988,2382.0
bangladesh,1989,2587.0
bangladesh,1990,2792.0
bangladesh,1991,2997.0
bangladesh,1992,3052.7
bangladesh,1993,3108.3
bangladesh,1994,3164.0
bangladesh,1995,3362.1
bangladesh,1996,3560.1
bangladesh,1997,3758.2
bangladesh,1998,3956.3
bangladesh,1999,4154.4
bangladesh,2000,4352.4
bangladesh,2001,4550.5
bangladesh,2002,4748.6
bangladesh,2003,4946.6
bangladesh,2004,5144.7
bangladesh,2005,5342.8
bangladesh,2006,5540.9
bangladesh,2007,5738.9
bangladesh,2008,5937.0
bangladesh,2009,5937.0
bangladesh,2010,5937.0
bangladesh,2011,5937.0
bangladesh,2012,5937.0
bangladesh,2013,5937.0
bangladesh,2014,5937.0
bangladesh,2015,5937.0
bangladesh,2016,5937.0
bangladesh,2017,5937.0
bangladesh,2018,5937.0
bangladesh,2019,5937.0
bangladesh,2020,5937.0
bangladesh,2021,5937.0
bangladesh,2022,5937.0
belarus,2011,8.2000
belarus,2012,8.2000
belarus,2013,8.2000
belarus,2014,8.2000
belarus,2015,8.2000
belarus,2016,8.2000
belarus,2017,8.2000
belarus,2018,8.2000
belarus,2019,8.2000
belarus,2020,8.2000
belarus,2021,8.2000
belarus,2022,8.2000
belgium,2008,4.4500
belgium,2009,4.4500
belgium,2010,4.4500
belgium,2011,4.4500
belgium,2012,4.4500
belgium,2013,4.4500
belgium,2014,4.4500
belgium,2015,4.4500
belgium,2016,4.4500
belgium,2017,4.4500
belgium,2018,4.4500
belgium,2019,4.4500
belgium,2020,4.4500
belgium,2021,4.4500
belgium,2022,4.4500
belize,1997,1.3630
belize,1998,1.3941
belize,1999,1.4252
belize,2000,1.4564
belize,2001,1.4875
belize,2002,1.5186
belize,2003,1.5497
belize,2004,1.5809
belize,2005,1.6120
belize,2006,1.6120
belize,2007,1.6120
belize,2008,1.6120
belize,2009,1.6120
belize,2010,1.6120
belize,2011,1.6120
belize,2012,1.6120
belize,2013,1.6120
belize,2014,1.6120
belize,2015,1.6120
belize,2016,1.6120
belize,2017,1.6120
belize,2018,1.6120
belize,2019,1.6120
belize,2020,1.6120
belize,2021,1.6120
belize,2022,1.6120
benin,1993,8.3740
benin,1994,9.2691
benin,1995,10.164
benin,1996,11.059
benin,1997,11.954
benin,1998,12.849
benin,1999,13.744
benin,2000,14.639
benin,2001,15.535
benin,2002,16.430
benin,2003,17.325
benin,2004,18.220
benin,2005,19.115
benin,2006,20.010
benin,2007,20.905
benin,2008,21.800
benin,2009,21.800
benin,2010,21.800
benin,2011,21.800
benin,2012,21.800
benin,2013,21.800
benin,2014,21.800
benin,2015,21.800
benin,2016,21.800
benin,2017,21.800
benin,2018,21.800
benin,2019,21.800
benin,2020,21.800
benin,2021,21.800
benin,2022,21.800
bhutan,1994,27.900
bhutan,1995,28.131
bhutan,1996,28.362
bhutan,1997,28.592
bhutan,1998,28.823
bhutan,1999,29.054
bhutan,2000,29.285
bhutan,2001,29.515
bhutan,2002,29.746
bhutan,2003,29.977
bhutan,2004,30.208
bhutan,2005,30.438
bhutan,2006,30.669
bhutan,2007,30.900
bhutan,2008,30.900
bhutan,2009,30.900
bhutan,2010,30.900
bhutan,2011,30.900
bhutan,2012,30.900
bhutan,2013,30.900
bhutan,2014,30.900
bhutan,2015,30.900
bhutan,2016,30.900
bhutan,2017,30.900
bhutan,2018,30.900
bhutan,2019,30.900
bhutan,2020,30.900
bhutan,2021,30.900
bhutan,2022,30.900
bolivia_plurinational_state_of,2008,244.30
bolivia_plurinational_state_of,2009,244.30
bolivia_plurinational_state_of,2010,244.30
bolivia_plurinational_state_of,2011,244.30
bolivia_plurinational_state_of,2012,244.30
bolivia_plurinational_state_of,2013,244.30
bolivia_plurinational_state_of,2014,244.30
bolivia_plurinational_state_of,2015,244.30
bolivia_plurinational_state_of,2016,244.30
bolivia_plurinational_state_of,2017,244.30
bolivia_plurinational_state_of,2018,244.30
bolivia_plurinational_state_of,2019,244.30
bolivia_plurinational_state_of,2020,244.30
bolivia_plurinational_state_of,2021,244.30
bolivia_plurinational_state_of,2022,244.30
botswana,1991,1.1010
botswana,1992,1.0890
botswana,1993,1.0770
botswana,1994,1.0650
botswana,1995,1.0530
botswana,1996,1.0410
botswana,1997,1.0290
botswana,1998,1.0170
botswana,1999,1.0050
botswana,2000,0.99300
botswana,2001,0.98100
botswana,2002,0.96900
botswana,2003,0.96900
botswana,2004,0.96900
botswana,2005,0.96900
botswana,2006,0.96900
botswana,2007,0.96900
botswana,2008,0.96900
botswana,2009,0.96900
botswana,2010,0.96900
botswana,2011,0.96900
botswana,2012,0.96900
botswana,2013,0.96900
botswana,2014,0.96900
botswana,2015,0.96900
botswana,2016,0.96900
botswana,2017,0.96900
botswana,2018,0.96900
botswana,2019,0.96900
botswana,2020,0.96900
botswana,2021,0.96900
botswana,2022,0.96900
brazil,2006,4798.0
brazil,2007,4798.0
brazil,2008,4798.0
brazil,2009,4798.0
brazil,2010,4798.0
brazil,2011,4798.0
brazil,2012,4798.0
brazil,2013,4798.0
brazil,2014,4798.0
brazil,2015,4798.0
brazil,2016,4798.0
brazil,2017,4798.0
brazil,2018,4798.0
brazil,2019,4798.0
brazil,2020,4798.0
brazil,2021,4798.0
brazil,2022,4798.0
brunei_darussalam,1995,0.85000
brunei_darussalam,1996,0.85000
brunei_darussalam,1997,0.85000
brunei_darussalam,1998,0.85000
brunei_darussalam,1999,0.85000
brunei_darussalam,2000,0.85000
brunei_darussalam,2001,0.85000
brunei_darussalam,2002,0.85000
brunei_darussalam,2003,0.85000
brunei_darussalam,2004,0.85000
brunei_darussalam,2005,0.85000
brunei_darussalam,2006,0.85000
brunei_darussalam,2007,0.85000
brunei_darussalam,2008,0.85000
brunei_darussalam,2009,0.85000
brunei_darussalam,2010,0.85000
brunei_darussalam,2011,0.85000
brunei_darussalam,2012,0.85000
brunei_darussalam,2013,0.85000
brunei_darussalam,2014,0.85000
brunei_darussalam,2015,0.85000
brunei_darussalam,2016,0.85000
brunei_darussalam,2017,0.85000
brunei_darussalam,2018,0.85000
brunei_darussalam,2019,0.85000
brunei_darussalam,2020,0.85000
brunei_darussalam,2021,0.85000
brunei_darussalam,2022,0.85000
bulgaria,2008,67.640
bulgaria,2009,67.640
bulgaria,2010,67.640
bulgaria,2011,67.640
bulgaria,2012,67.640
bulgaria,2013,67.640
bulgaria,2014,67.640
bulgaria,2015,67.640
bulgaria,2016,67.640
bulgaria,2017,67.640
bulgaria,2018,67.640
bulgaria,2019,67.640
bulgaria,2020,67.640
bulgaria,2021,67.640
bulgaria,2022,67.640
burkina_faso,1992,44.280
burkina_faso,1993,41.386
burkina_faso,1994,38.491
burkina_faso,1995,35.597
burkina_faso,1996,32.702
burkina_faso,1997,29.808
burkina_faso,1998,26.913
burkina_faso,1999,24.019
burkina_faso,2000,21.124
burkina_faso,2001,18.230
burkina_faso,2002,20.172
burkina_faso,2003,22.114
burkina_faso,2004,24.056
burkina_faso,2005,25.998
burkina_faso,2006,27.940
burkina_faso,2007,29.882
burkina_faso,2008,31.824
burkina_faso,2009,33.766
burkina_faso,2010,35.708
burkina_faso,2011,37.650
burkina_faso,2012,37.650
burkina_faso,2013,37.650
burkina_faso,2014,37.650
burkina_faso,2015,37.650
burkina_faso,2016,37.650
burkina_faso,2017,37.650
burkina_faso,2018,37.650
burkina_faso,2019,37.650
burkina_faso,2020,37.650
burkina_faso,2021,37.650
burkina_faso,2022,37.650
burundi,2000,6.9000
burundi,2001,6.9000
burundi,2002,6.9000
burundi,2003,6.9000
burundi,2004,6.9000
burundi,2005,6.9000
burundi,2006,6.9000
burundi,2007,6.9000
burundi,2008,6.9000
burundi,2009,6.9000
burundi,2010,6.9000
burundi,2011,6.9000
burundi,2012,6.9000
burundi,2013,6.9000
burundi,2014,6.9000
burundi,2015,6.9000
burundi,2016,6.9000
burundi,2017,6.9000
burundi,2018,6.9000
burundi,2019,6.9000
burundi,2020,6.9000
burundi,2021,6.9000
burundi,2022,6.9000
cabo_verde,1985,2.0600
cabo_verde,1986,2.0613
cabo_verde,1987,2.0626
cabo_verde,1988,2.0639
cabo_verde,1989,2.0653
cabo_verde,1990,2.0666
cabo_verde,1991,2.0679
cabo_verde,1992,2.0692
cabo_verde,1993,2.0705
cabo_verde,1994,2.0718
cabo_verde,1995,2.0732
cabo_verde,1996,2.0745
cabo_verde,1997,2.0758
cabo_verde,1998,2.0771
cabo_verde,1999,2.0784
cabo_verde,2000,2.0797
cabo_verde,2001,2.0811
cabo_verde,2002,2.0824
cabo_verde,2003,2.0837
cabo_verde,2004,2.0850
cabo_verde,2005,2.0850
cabo_verde,2006,2.0850
cabo_verde,2007,2.0850
cabo_verde,2008,2.0850
cabo_verde,2009,2.0850
cabo_verde,2010,2.0850
cabo_verde,2011,2.0850
cabo_verde,2012,2.0850
cabo_verde,2013,2.0850
cabo_verde,2014,2.0850
cabo_verde,2015,2.0850
cabo_verde,2016,2.0850
cabo_verde,2017,2.0850
cabo_verde,2018,2.0850
cabo_verde,2019,2.0850
cabo_verde,2020,2.0850
cabo_verde,2021,2.0850
cabo_verde,2022,2.0850
cambodia,2006,383.30
cambodia,2007,383.30
cambodia,2008,383.30
cambodia,2009,383.30
cambodia,2010,383.30
cambodia,2011,383.30
cambodia,2012,383.30
cambodia,2013,383.30
cambodia,2014,383.30
cambodia,2015,383.30
cambodia,2016,383.30
cambodia,2017,383.30
cambodia,2018,383.30
cambodia,2019,383.30
cambodia,2020,383.30
cambodia,2021,383.30
cambodia,2022,383.30
cameroon,2000,28.700
cameroon,2001,28.700
cameroon,2002,28.700
cameroon,2003,28.700
cameroon,2004,28.700
cameroon,2005,28.700
cameroon,2006,28.700
cameroon,2007,28.700
cameroon,2008,28.700
cameroon,2009,28.700
cameroon,2010,28.700
cameroon,2011,28.700
cameroon,2012,28.700
cameroon,2013,28.700
cameroon,2014,28.700
cameroon,2015,28.700
cameroon,2016,28.700
cameroon,2017,28.700
cameroon,2018,28.700
cameroon,2019,28.700
cameroon,2020,28.700
cameroon,2021,28.700
cameroon,2022,28.700
canada,2010,738.10
canada,2011,738.10
canada,2012,738.10
canada,2013,738.10
canada,2014,738.10
canada,2015,738.10
canada,2016,738.10
canada,2017,738.10
canada,2018,738.10
canada,2019,738.10
canada,2020,738.10
canada,2021,738.10
canada,2022,738.10
central_african_republic,1987,0.090000
central_african_republic,1988,0.090000
central_african_republic,1989,0.090000
central_african_republic,1990,0.090000
central_african_republic,1991,0.090000
central_african_republic,1992,0.090000
central_african_republic,1993,0.090000
central_african_republic,1994,0.090000
central_african_republic,1995,0.090000
central_african_republic,1996,0.090000
central_african_republic,1997,0.090000
central_african_republic,1998,0.090000
central_african_republic,1999,0.090000
central_african_republic,2000,0.090000
central_african_republic,2001,0.090000
central_african_republic,2002,0.090000
central_african_republic,2003,0.090000
central_african_republic,2004,0.090000
central_african_republic,2005,0.090000
central_african_republic,2006,0.090000
central_african_republic,2007,0.090000
central_african_republic,2008,0.090000
central_african_republic,2009,0.090000
central_african_republic,2010,0.090000
central_african_republic,2011,0.090000
central_african_republic,2012,0.090000
central_african_republic,2013,0.090000
central_african_republic,2014,0.090000
central_african_republic,2015,0.090000
central_african_republic,2016,0.090000
central_african_republic,2017,0.090000
central_african_republic,2018,0.090000
central_african_republic,2019,0.090000
central_african_republic,2020,0.090000
central_african_republic,2021,0.090000
central_african_republic,2022,0.090000
chad,2002,26.800
chad,2003,26.800
chad,2004,26.800
chad,2005,26.800
chad,2006,26.800
chad,2007,26.800
chad,2008,26.800
chad,2009,26.800
chad,2010,26.800
chad,2011,26.800
chad,2012,26.800
chad,2013,26.800
chad,2014,26.800
chad,2015,26.800
chad,2016,26.800
chad,2017,26.800
chad,2018,26.800
chad,2019,26.800
chad,2020,26.800
chad,2021,26.800
chad,2022,26.800
chile,2007,626.80
chile,2008,626.80
chile,2009,626.80
chile,2010,626.80
chile,2011,626.80
chile,2012,626.80
chile,2013,626.80
chile,2014,626.80
chile,2015,626.80
chile,2016,626.80
chile,2017,626.80
chile,2018,626.80
chile,2019,626.80
chile,2020,626.80
chile,2021,626.80
chile,2022,626.80
china,2006,90.830
china,2007,90.830
china,2008,90.830
china,2009,90.830
china,2010,90.830
china,2011,90.830
china,2012,90.830
china,2013,90.830
china,2014,90.830
china,2015,90.830
china,2016,90.830
china,2017,90.830
china,2018,90.830
china,2019,90.830
china,2020,90.830
china,2021,90.830
china,2022,90.830
colombia,1994,109.50
colombia,1995,131.71
colombia,1996,153.91
colombia,1997,176.12
colombia,1998,198.32
colombia,1999,220.53
colombia,2000,242.74
colombia,2001,264.94
colombia,2002,287.15
colombia,2003,309.35
colombia,2004,331.56
colombia,2005,353.76
colombia,2006,375.97
colombia,2007,398.18
colombia,2008,420.38
colombia,2009,442.59
colombia,2010,464.79
colombia,2011,487.00
colombia,2012,487.00
colombia,2013,487.00
colombia,2014,487.00
colombia,2015,487.00
colombia,2016,487.00
colombia,2017,487.00
colombia,2018,487.00
colombia,2019,487.00
colombia,2020,487.00
colombia,2021,487.00
colombia,2022,487.00
congo,1993,0.43400
congo,1994,0.43400
congo,1995,0.43400
congo,1996,0.43400
congo,1997,0.43400
congo,1998,0.43400
congo,1999,0.43400
congo,2000,0.43400
congo,2001,0.43400
congo,2002,0.43400
congo,2003,0.43400
congo,2004,0.43400
congo,2005,0.43400
congo,2006,0.43400
congo,2007,0.43400
congo,2008,0.43400
congo,2009,0.43400
congo,2010,0.43400
congo,2011,0.43400
congo,2012,0.43400
congo,2013,0.43400
congo,2014,0.43400
congo,2015,0.43400
congo,2016,0.43400
congo,2017,0.43400
congo,2018,0.43400
congo,2019,0.43400
congo,2020,0.43400
congo,2021,0.43400
congo,2022,0.43400
costa_rica,2013,84.060
costa_rica,2014,84.060
costa_rica,2015,84.060
costa_rica,2016,84.060
costa_rica,2017,84.060
costa_rica,2018,84.060
costa_rica,2019,84.060
costa_rica,2020,84.060
costa_rica,2021,84.060
costa_rica,2022,84.060
cote_d_ivoire,1994,25.720
cote_d_ivoire,1995,25.254
cote_d_ivoire,1996,24.789
cote_d_ivoire,1997,24.323
cote_d_ivoire,1998,23.857
cote_d_ivoire,1999,23.391
cote_d_ivoire,2000,22.926
cote_d_ivoire,2001,22.460
cote_d_ivoire,2002,21.994
cote_d_ivoire,2003,21.529
cote_d_ivoire,2004,21.063
cote_d_ivoire,2005,20.597
cote_d_ivoire,2006,20.131
cote_d_ivoire,2007,19.666
cote_d_ivoire,2008,19.200
cote_d_ivoire,2009,19.200
cote_d_ivoire,2010,19.200
cote_d_ivoire,2011,19.200
cote_d_ivoire,2012,19.200
cote_d_ivoire,2013,19.200
cote_d_ivoire,2014,19.200
cote_d_ivoire,2015,19.200
cote_d_ivoire,2016,19.200
cote_d_ivoire,2017,19.200
cote_d_ivoire,2018,19.200
cote_d_ivoire,2019,19.200
cote_d_ivoire,2020,19.200
cote_d_ivoire,2021,19.200
cote_d_ivoire,2022,19.200
cuba,1997,656.00
cuba,1998,605.71
cuba,1999,555.42
cuba,2000,505.13
cuba,2001,454.84
cuba,2002,404.55
cuba,2003,354.26
cuba,2004,303.97
cuba,2005,253.68
cuba,2006,203.39
cuba,2007,153.10
cuba,2008,207.22
cuba,2009,261.34
cuba,2010,315.46
cuba,2011,369.58
cuba,2012,423.70
cuba,2013,423.70
cuba,2014,423.70
cuba,2015,423.70
cuba,2016,423.70
cuba,2017,423.70
cuba,2018,423.70
cuba,2019,423.70
cuba,2020,423.70
cuba,2021,423.70
cuba,2022,423.70
cyprus,1994,17.400
cyprus,1995,17.343
cyprus,1996,17.286
cyprus,1997,17.229
cyprus,1998,17.171
cyprus,1999,17.114
cyprus,2000,17.057
cyprus,2001,17.000
cyprus,2002,16.943
cyprus,2003,16.886
cyprus,2004,16.829
cyprus,2005,16.771
cyprus,2006,16.714
cyprus,2007,16.657
cyprus,2008,16.600
cyprus,2009,16.600
cyprus,2010,16.600
cyprus,2011,16.600
cyprus,2012,16.600
cyprus,2013,16.600
cyprus,2014,16.600
cyprus,2015,16.600
cyprus,2016,16.600
cyprus,2017,16.600
cyprus,2018,16.600
cyprus,2019,16.600
cyprus,2020,16.600
cyprus,2021,16.600
cyprus,2022,16.600
czechia,2007,10.610
czechia,2008,10.610
czechia,2009,10.610
czechia,2010,10.610
czechia,2011,10.610
czechia,2012,10.610
czechia,2013,10.610
czechia,2014,10.610
czechia,2015,10.610
czechia,2016,10.610
czechia,2017,10.610
czechia,2018,10.610
czechia,2019,10.610
czechia,2020,10.610
czechia,2021,10.610
czechia,2022,10.610
democratic_people_s_republic_of_korea,1995,1312.0
democratic_people_s_republic_of_korea,1996,1312.0
democratic_people_s_republic_of_korea,1997,1312.0
democratic_people_s_republic_of_korea,1998,1312.0
democratic_people_s_republic_of_korea,1999,1312.0
democratic_people_s_republic_of_korea,2000,1312.0
democratic_people_s_republic_of_korea,2001,1312.0
democratic_people_s_republic_of_korea,2002,1312.0
democratic_people_s_republic_of_korea,2003,1312.0
democratic_people_s_republic_of_korea,2004,1312.0
democratic_people_s_republic_of_korea,2005,1312.0
democratic_people_s_republic_of_korea,2006,1312.0
democratic_people_s_republic_of_korea,2007,1312.0
democratic_people_s_republic_of_korea,2008,1312.0
democratic_people_s_republic_of_korea,2009,1312.0
democratic_people_s_republic_of_korea,2010,1312.0
democratic_people_s_republic_of_korea,2011,1312.0
democratic_people_s_republic_of_korea,2012,1312.0
democratic_people_s_republic_of_korea,2013,1312.0
democratic_people_s_republic_of_korea,2014,1312.0
democratic_people_s_republic_of_korea,2015,1312.0
democratic_people_s_republic_of_korea,2016,1312.0
democratic_people_s_republic_of_korea,2017,1312.0
democratic_people_s_republic_of_korea,2018,1312.0
democratic_people_s_republic_of_korea,2019,1312.0
democratic_people_s_republic_of_korea,2020,1312.0
democratic_people_s_republic_of_korea,2021,1312.0
democratic_people_s_republic_of_korea,2022,1312.0
democratic_republic_of_the_congo,1995,13.500
democratic_republic_of_the_congo,1996,13.025
democratic_republic_of_the_congo,1997,12.550
democratic_republic_of_the_congo,1998,12.075
democratic_republic_of_the_congo,1999,11.600
democratic_republic_of_the_congo,2000,11.125
democratic_republic_of_the_congo,2001,10.650
democratic_republic_of_the_congo,2002,10.175
democratic_republic_of_the_congo,2003,9.7000
democratic_republic_of_the_congo,2004,9.2250
democratic_republic_of_the_congo,2005,8.7500
democratic_republic_of_the_congo,2006,8.2750
democratic_republic_of_the_congo,2007,7.8000
democratic_republic_of_the_congo,2008,7.8000
democratic_republic_of_the_congo,2009,7.8000
democratic_republic_of_the_congo,2010,7.8000
democratic_republic_of_the_congo,2011,7.8000
democratic_republic_of_the_congo,2012,7.8000
democratic_republic_of_the_congo,2013,7.8000
democratic_republic_of_the_congo,2014,7.8000
democratic_republic_of_the_congo,2015,7.8000
democratic_republic_of_the_congo,2016,7.8000
democratic_republic_of_the_congo,2017,7.8000
democratic_republic_of_the_congo,2018,7.8000
democratic_republic_of_the_congo,2019,7.8000
democratic_republic_of_the_congo,2020,7.8000
democratic_republic_of_the_congo,2021,7.8000
democratic_republic_of_the_congo,2022,7.8000
denmark,2008,254.10
denmark,2009,254.10
denmark,2010,254.10
denmark,2011,254.10
denmark,2012,254.10
denmark,2013,254.10
denmark,2014,254.10
denmark,2015,254.10
denmark,2016,254.10
denmark,2017,254.10
denmark,2018,254.10
denmark,2019,254.10
denmark,2020,254.10
denmark,2021,254.10
denmark,2022,254.10
djibouti,1999,0.53200
djibouti,2000,0.53200
djibouti,2001,0.53200
djibouti,2002,0.53200
djibouti,2003,0.53200
djibouti,2004,0.53200
djibouti,2005,0.53200
djibouti,2006,0.53200
djibouti,2007,0.53200
djibouti,2008,0.53200
djibouti,2009,0.53200
djibouti,2010,0.53200
djibouti,2011,0.53200
djibouti,2012,0.53200
djibouti,2013,0.53200
djibouti,2014,0.53200
djibouti,2015,0.53200
djibouti,2016,0.53200
djibouti,2017,0.53200
djibouti,2018,0.53200
djibouti,2019,0.53200
djibouti,2020,0.53200
djibouti,2021,0.53200
djibouti,2022,0.53200
dominican_republic,2004,256.20
dominican_republic,2005,256.20
dominican_republic,2006,256.20
dominican_republic,2007,256.20
dominican_republic,2008,256.20
dominican_republic,2009,256.20
dominican_republic,2010,256.20
dominican_republic,2011,256.20
dominican_republic,2012,256.20
dominican_republic,2013,256.20
dominican_republic,2014,256.20
dominican_republic,2015,256.20
dominican_republic,2016,256.20
dominican_republic,2017,256.20
dominican_republic,2018,256.20
dominican_republic,2019,256.20
dominican_republic,2020,256.20
dominican_republic,2021,256.20
dominican_republic,2022,256.20
ecuador,2000,409.40
ecuador,2001,409.40
ecuador,2002,409.40
ecuador,2003,409.40
ecuador,2004,409.40
ecuador,2005,409.40
ecuador,2006,409.40
ecuador,2007,409.40
ecuador,2008,409.40
ecuador,2009,409.40
ecuador,2010,409.40
ecuador,2011,409.40
ecuador,2012,409.40
ecuador,2013,409.40
ecuador,2014,409.40
ecuador,2015,409.40
ecuador,2016,409.40
ecuador,2017,409.40
ecuador,2018,409.40
ecuador,2019,409.40
ecuador,2020,409.40
ecuador,2021,409.40
ecuador,2022,409.40
egypt,1993,4996.0
egypt,1994,5056.3
egypt,1995,5116.7
egypt,1996,5177.0
egypt,1997,5237.3
egypt,1998,5297.7
egypt,1999,5358.0
egypt,2000,5418.3
egypt,2001,5478.7
egypt,2002,5539.0
egypt,2003,5538.5
egypt,2004,5538.0
egypt,2005,5537.5
egypt,2006,5537.0
egypt,2007,5536.5
egypt,2008,5536.0
egypt,2009,5535.5
egypt,2010,5535.0
egypt,2011,5535.0
egypt,2012,5535.0
egypt,2013,5535.0
egypt,2014,5535.0
egypt,2015,5535.0
egypt,2016,5535.0
egypt,2017,5535.0
egypt,2018,5535.0
egypt,2019,5535.0
egypt,2020,5535.0
egypt,2021,5535.0
egypt,2022,5535.0
el_salvador,1988,12.020
el_salvador,1989,12.385
el_salvador,1990,12.749
el_salvador,1991,13.114
el_salvador,1992,13.479
el_salvador,1993,13.844
el_salvador,1994,14.208
el_salvador,1995,14.573
el_salvador,1996,14.938
el_salvador,1997,15.303
el_salvador,1998,15.667
el_salvador,1999,16.032
el_salvador,2000,16.397
el_salvador,2001,16.762
el_salvador,2002,17.126
el_salvador,2003,17.491
el_salvador,2004,17.856
el_salvador,2005,18.221
el_salvador,2006,18.585
el_salvador,2007,18.950
el_salvador,2008,19.212
el_salvador,2009,19.474
el_salvador,2010,19.736
el_salvador,2011,19.998
el_salvador,2012,20.260
el_salvador,2013,20.260
el_salvador,2014,20.260
el_salvador,2015,20.260
el_salvador,2016,20.260
el_salvador,2017,20.260
el_salvador,2018,20.260
el_salvador,2019,20.260
el_salvador,2020,20.260
el_salvador,2021,20.260
el_salvador,2022,20.260
eritrea,1993,5.3890
eritrea,1994,5.3890
eritrea,1995,5.3890
eritrea,1996,5.3890
eritrea,1997,5.3890
eritrea,1998,5.3890
eritrea,1999,5.3890
eritrea,2000,5.3890
eritrea,2001,5.3890
eritrea,2002,5.3890
eritrea,2003,5.3890
eritrea,2004,5.3890
eritrea,2005,5.3890
eritrea,2006,5.3890
eritrea,2007,5.3890
eritrea,2008,5.3890
eritrea,2009,5.3890
eritrea,2010,5.3890
eritrea,2011,5.3890
eritrea,2012,5.3890
eritrea,2013,5.3890
eritrea,2014,5.3890
eritrea,2015,5.3890
eritrea,2016,5.3890
eritrea,2017,5.3890
eritrea,2018,5.3890
eritrea,2019,5.3890
eritrea,2020,5.3890
eritrea,2021,5.3890
eritrea,2022,5.3890
estonia,2010,0.25400
estonia,2011,0.25400
estonia,2012,0.25400
estonia,2013,0.25400
estonia,2014,0.25400
estonia,2015,0.25400
estonia,2016,0.25400
estonia,2017,0.25400
estonia,2018,0.25400
estonia,2019,0.25400
estonia,2020,0.25400
estonia,2021,0.25400
estonia,2022,0.25400
eswatini,2002,42.920
eswatini,2003,42.920
eswatini,2004,42.920
eswatini,2005,42.920
eswatini,2006,42.920
eswatini,2007,42.920
eswatini,2008,42.920
eswatini,2009,42.920
eswatini,2010,42.920
eswatini,2011,42.920
eswatini,2012,42.920
eswatini,2013,42.920
eswatini,2014,42.920
eswatini,2015,42.920
eswatini,2016,42.920
eswatini,2017,42.920
eswatini,2018,42.920
eswatini,2019,42.920
eswatini,2020,42.920
eswatini,2021,42.920
eswatini,2022,42.920
ethiopia,2002,395.00
ethiopia,2003,395.00
ethiopia,2004,395.00
ethiopia,2005,395.00
ethiopia,2006,395.00
ethiopia,2007,395.00
ethiopia,2008,395.00
ethiopia,2009,395.00
ethiopia,2010,395.00
ethiopia,2011,395.00
ethiopia,2012,395.00
ethiopia,2013,395.00
ethiopia,2014,395.00
ethiopia,2015,395.00
ethiopia,2016,395.00
ethiopia,2017,395.00
ethiopia,2018,395.00
ethiopia,2019,395.00
ethiopia,2020,395.00
ethiopia,2021,395.00
ethiopia,2022,395.00
finland,2010,11.800
finland,2011,11.800
finland,2012,11.800
finland,2013,11.800
finland,2014,11.800
finland,2015,11.800
finland,2016,11.800
finland,2017,11.800
finland,2018,11.800
finland,2019,11.800
finland,2020,11.800
finland,2021,11.800
finland,2022,11.800
france,2008,1346.0
france,2009,1346.0
france,2010,1346.0
france,2011,1346.0
france,2012,1346.0
france,2013,1346.0
france,2014,1346.0
france,2015,1346.0
france,2016,1346.0
france,2017,1346.0
france,2018,1346.0
france,2019,1346.0
france,2020,1346.0
france,2021,1346.0
france,2022,1346.0
gabon,1987,4.4500
gabon,1988,4.4500
gabon,1989,4.4500
gabon,1990,4.4500
gabon,1991,4.4500
gabon,1992,4.4500
gabon,1993,4.4500
gabon,1994,4.4500
gabon,1995,4.4500
gabon,1996,4.4500
gabon,1997,4.4500
gabon,1998,4.4500
gabon,1999,4.4500
gabon,2000,4.4500
gabon,2001,4.4500
gabon,2002,4.4500
gabon,2003,4.4500
gabon,2004,4.4500
gabon,2005,4.4500
gabon,2006,4.4500
gabon,2007,4.4500
gabon,2008,4.4500
gabon,2009,4.4500
gabon,2010,4.4500
gabon,2011,4.4500
gabon,2012,4.4500
gabon,2013,4.4500
gabon,2014,4.4500
gabon,2015,4.4500
gabon,2016,4.4500
gabon,2017,4.4500
gabon,2018,4.4500
gabon,2019,4.4500
gabon,2020,4.4500
gabon,2021,4.4500
gabon,2022,4.4500
gambia,1999,2.0000
gambia,2000,2.0000
gambia,2001,2.0000
gambia,2002,2.0000
gambia,2003,2.0000
gambia,2004,2.0000
gambia,2005,2.0000
gambia,2006,2.0000
gambia,2007,2.0000
gambia,2008,2.0000
gambia,2009,2.0000
gambia,2010,2.0000
gambia,2011,2.0000
gambia,2012,2.0000
gambia,2013,2.0000
gambia,2014,2.0000
gambia,2015,2.0000
gambia,2016,2.0000
gambia,2017,2.0000
gambia,2018,2.0000
gambia,2019,2.0000
gambia,2020,2.0000
gambia,2021,2.0000
gambia,2022,2.0000
georgia,2006,88.500
georgia,2007,88.500
georgia,2008,88.500
georgia,2009,88.500
georgia,2010,88.500
georgia,2011,88.500
georgia,2012,88.500
georgia,2013,88.500
georgia,2014,88.500
georgia,2015,88.500
georgia,2016,88.500
georgia,2017,88.500
georgia,2018,88.500
georgia,2019,88.500
georgia,2020,88.500
georgia,2021,88.500
georgia,2022,88.500
germany,2006,188.20
germany,2007,188.20
germany,2008,188.20
germany,2009,188.20
germany,2010,188.20
germany,2011,188.20
germany,2012,188.20
germany,2013,188.20
germany,2014,188.20
germany,2015,188.20
germany,2016,188.20
germany,2017,188.20
germany,2018,188.20
germany,2019,188.20
germany,2020,188.20
germany,2021,188.20
germany,2022,188.20
ghana,2010,60.500
ghana,2011,60.500
ghana,2012,60.500
ghana,2013,60.500
ghana,2014,60.500
ghana,2015,60.500
ghana,2016,60.500
ghana,2017,60.500
ghana,2018,60.500
ghana,2019,60.500
ghana,2020,60.500
ghana,2021,60.500
ghana,2022,60.500
greece,2008,662.00
greece,2009,662.00
greece,2010,662.00
greece,2011,662.00
greece,2012,662.00
greece,2013,662.00
greece,2014,662.00
greece,2015,662.00
greece,2016,662.00
greece,2017,662.00
greece,2018,662.00
greece,2019,662.00
greece,2020,662.00
greece,2021,662.00
greece,2022,662.00
grenada,2008,0.36500
grenada,2009,0.36500
grenada,2010,0.36500
grenada,2011,0.36500
grenada,2012,0.36500
grenada,2013,0.36500
grenada,2014,0.36500
grenada,2015,0.36500
grenada,2016,0.36500
grenada,2017,0.36500
grenada,2018,0.36500
grenada,2019,0.36500
grenada,2020,0.36500
grenada,2021,0.36500
grenada,2022,0.36500
guatemala,2007,249.20
guatemala,2008,249.20
guatemala,2009,249.20
guatemala,2010,249.20
guatemala,2011,249.20
guatemala,2012,249.20
guatemala,2013,249.20
guatemala,2014,249.20
guatemala,2015,249.20
guatemala,2016,249.20
guatemala,2017,249.20
guatemala,2018,249.20
guatemala,2019,249.20
guatemala,2020,249.20
guatemala,2021,249.20
guatemala,2022,249.20
guinea,2001,17.430
guinea,2002,17.430
guinea,2003,17.430
guinea,2004,17.430
guinea,2005,17.430
guinea,2006,17.430
guinea,2007,17.430
guinea,2008,17.430
guinea,2009,17.430
guinea,2010,17.430
guinea,2011,17.430
guinea,2012,17.430
guinea,2013,17.430
guinea,2014,17.430
guinea,2015,17.430
guinea,2016,17.430
guinea,2017,17.430
guinea,2018,17.430
guinea,2019,17.430
guinea,2020,17.430
guinea,2021,17.430
guinea,2022,17.430
guinea_bissau,1996,1.1910
guinea_bissau,1997,1.1910
guinea_bissau,1998,1.1910
guinea_bissau,1999,1.1910
guinea_bissau,2000,1.1910
guinea_bissau,2001,1.1910
guinea_bissau,2002,1.1910
guinea_bissau,2003,1.1910
guinea_bissau,2004,1.1910
guinea_bissau,2005,1.1910
guinea_bissau,2006,1.1910
guinea_bissau,2007,1.1910
guinea_bissau,2008,1.1910
guinea_bissau,2009,1.1910
guinea_bissau,2010,1.1910
guinea_bissau,2011,1.1910
guinea_bissau,2012,1.1910
guinea_bissau,2013,1.1910
guinea_bissau,2014,1.1910
guinea_bissau,2015,1.1910
guinea_bissau,2016,1.1910
guinea_bissau,2017,1.1910
guinea_bissau,2018,1.1910
guinea_bissau,2019,1.1910
guinea_bissau,2020,1.1910
guinea_bissau,2021,1.1910
guinea_bissau,2022,1.1910
guyana,2010,177.00
guyana,2011,177.00
guyana,2012,177.00
guyana,2013,177.00
guyana,2014,177.00
guyana,2015,177.00
guyana,2016,177.00
guyana,2017,177.00
guyana,2018,177.00
guyana,2019,177.00
guyana,2020,177.00
guyana,2021,177.00
guyana,2022,177.00
haiti,2009,100.50
haiti,2010,100.50
haiti,2011,100.50
haiti,2012,100.50
haiti,2013,100.50
haiti,2014,100.50
haiti,2015,100.50
haiti,2016,100.50
haiti,2017,100.50
haiti,2018,100.50
haiti,2019,100.50
haiti,2020,100.50
haiti,2021,100.50
haiti,2022,100.50
honduras,2006,52.000
honduras,2007,55.665
honduras,2008,59.330
honduras,2009,59.330
honduras,2010,59.330
honduras,2011,59.330
honduras,2012,59.330
honduras,2013,59.330
honduras,2014,59.330
honduras,2015,59.330
honduras,2016,59.330
honduras,2017,59.330
honduras,2018,59.330
honduras,2019,59.330
honduras,2020,59.330
honduras,2021,59.330
honduras,2022,59.330
hungary,2008,65.000
hungary,2009,65.000
hungary,2010,65.000
hungary,2011,65.000
hungary,2012,65.000
hungary,2013,65.000
hungary,2014,65.000
hungary,2015,65.000
hungary,2016,65.000
hungary,2017,65.000
hungary,2018,65.000
hungary,2019,65.000
hungary,2020,65.000
hungary,2021,65.000
hungary,2022,65.000
india,1961,22048
india,1962,22508
india,1963,22968
india,1964,23429
india,1965,23889
india,1966,24349
india,1967,25498
india,1968,26647
india,1969,27796
india,1970,28945
india,1971,30094
india,1972,30880
india,1973,31667
india,1974,32453
india,1975,33240
india,1976,34026
india,1977,35081
india,1978,36136
india,1979,37192
india,1980,38247
india,1981,39302
india,1982,40059
india,1983,40815
india,1984,41572
india,1985,42328
india,1986,43085
india,1987,43841
india,1988,45187
india,1989,46534
india,1990,47880
india,1991,49226
india,1992,50674
india,1993,52121
india,1994,53110
india,1995,54100
india,1996,55089
india,1997,56078
india,1998,57067
india,1999,58057
india,2000,59046
india,2001,60035
india,2002,60202
india,2003,60369
india,2004,60536
india,2005,62593
india,2006,64649
india,2007,66706
india,2008,68762
india,2009,69221
india,2010,69680
india,2011,70138
india,2012,70597
india,2013,71056
india,2014,71056
india,2015,71056
india,2016,71056
india,2017,71056
india,2018,71056
india,2019,71056
india,2020,71056
india,2021,71056
india,2022,71056
indonesia,2005,13388
indonesia,2006,13388
indonesia,2007,13388
indonesia,2008,13388
indonesia,2009,13388
indonesia,2010,13388
indonesia,2011,13388
indonesia,2012,13388
indonesia,2013,13388
indonesia,2014,13388
indonesia,2015,13388
indonesia,2016,13388
indonesia,2017,13388
indonesia,2018,13388
indonesia,2019,13388
indonesia,2020,13388
indonesia,2021,13388
indonesia,2022,13388
iran_islamic_republic_of,1985,5163.0
iran_islamic_republic_of,1986,5230.0
iran_islamic_republic_of,1987,5297.0
iran_islamic_republic_of,1988,5364.0
iran_islamic_republic_of,1989,5431.0
iran_islamic_republic_of,1990,5498.0
iran_islamic_republic_of,1991,5565.0
iran_islamic_republic_of,1992,5632.0
iran_islamic_republic_of,1993,5699.0
iran_islamic_republic_of,1994,5855.0
iran_islamic_republic_of,1995,6011.0
iran_islamic_republic_of,1996,6167.0
iran_islamic_republic_of,1997,6323.0
iran_islamic_republic_of,1998,6479.0
iran_islamic_republic_of,1999,6635.0
iran_islamic_republic_of,2000,6791.0
iran_islamic_republic_of,2001,6947.0
iran_islamic_republic_of,2002,7103.0
iran_islamic_republic_of,2003,7259.0
iran_islamic_republic_of,2004,7259.0
iran_islamic_republic_of,2005,7259.0
iran_islamic_republic_of,2006,7259.0
iran_islamic_republic_of,2007,7259.0
iran_islamic_republic_of,2008,7259.0
iran_islamic_republic_of,2009,7259.0
iran_islamic_republic_of,2010,7259.0
iran_islamic_republic_of,2011,7259.0
iran_islamic_republic_of,2012,7259.0
iran_islamic_republic_of,2013,7259.0
iran_islamic_republic_of,2014,7259.0
iran_islamic_republic_of,2015,7259.0
iran_islamic_republic_of,2016,7259.0
iran_islamic_republic_of,2017,7259.0
iran_islamic_republic_of,2018,7259.0
iran_islamic_republic_of,2019,7259.0
iran_islamic_republic_of,2020,7259.0
iran_islamic_republic_of,2021,7259.0
iran_islamic_republic_of,2022,7259.0
iraq,2010,1828.0
iraq,2011,1828.0
iraq,2012,1828.0
iraq,2013,1828.0
iraq,2014,1828.0
iraq,2015,1828.0
iraq,2016,1828.0
iraq,2017,1828.0
iraq,2018,1828.0
iraq,2019,1828.0
iraq,2020,1828.0
iraq,2021,1828.0
iraq,2022,1828.0
ireland,1998,1.0000
ireland,1999,1.0000
ireland,2000,1.0000
ireland,2001,1.0000
ireland,2002,1.0000
ireland,2003,1.0000
ireland,2004,1.0000
ireland,2005,1.0000
ireland,2006,1.0000
ireland,2007,1.0000
ireland,2008,1.0000
ireland,2009,1.0000
ireland,2010,1.0000
ireland,2011,1.0000
ireland,2012,1.0000
ireland,2013,1.0000
ireland,2014,1.0000
ireland,2015,1.0000
ireland,2016,1.0000
ireland,2017,1.0000
ireland,2018,1.0000
ireland,2019,1.0000
ireland,2020,1.0000
ireland,2021,1.0000
ireland,2022,1.0000
israel,2000,117.20
israel,2001,115.63
israel,2002,114.07
israel,2003,112.50
israel,2004,112.93
israel,2005,113.37
israel,2006,113.80
israel,2007,113.80
israel,2008,113.80
israel,2009,113.80
israel,2010,113.80
israel,2011,113.80
israel,2012,113.80
israel,2013,113.80
israel,2014,113.80
israel,2015,113.80
israel,2016,113.80
israel,2017,113.80
israel,2018,113.80
israel,2019,113.80
israel,2020,113.80
israel,2021,113.80
israel,2022,113.80
italy,2008,1653.0
italy,2009,1653.0
italy,2010,1653.0
italy,2011,1653.0
italy,2012,1653.0
italy,2013,1653.0
italy,2014,1653.0
italy,2015,1653.0
italy,2016,1653.0
italy,2017,1653.0
italy,2018,1653.0
italy,2019,1653.0
italy,2020,1653.0
italy,2021,1653.0
italy,2022,1653.0
jamaica,1997,22.250
jamaica,1998,22.129
jamaica,1999,22.008
jamaica,2000,21.888
jamaica,2001,21.767
jamaica,2002,21.646
jamaica,2003,21.525
jamaica,2004,21.405
jamaica,2005,21.284
jamaica,2006,21.163
jamaica,2007,21.042
jamaica,2008,20.922
jamaica,2009,20.801
jamaica,2010,20.680
jamaica,2011,20.680
jamaica,2012,20.680
jamaica,2013,20.680
jamaica,2014,20.680
jamaica,2015,20.680
jamaica,2016,20.680
jamaica,2017,20.680
jamaica,2018,20.680
jamaica,2019,20.680
jamaica,2020,20.680
jamaica,2021,20.680
jamaica,2022,20.680
japan,2006,2625.0
japan,2007,2625.0
japan,2008,2625.0
japan,2009,2625.0
japan,2010,2625.0
japan,2011,2625.0
japan,2012,2625.0
japan,2013,2625.0
japan,2014,2625.0
japan,2015,2625.0
japan,2016,2625.0
japan,2017,2625.0
japan,2018,2625.0
japan,2019,2625.0
japan,2020,2625.0
japan,2021,2625.0
japan,2022,2625.0
jordan,1991,41.690
jordan,1992,42.523
jordan,1993,43.357
jordan,1994,44.190
jordan,1995,43.840
jordan,1996,43.490
jordan,1997,43.140
jordan,1998,42.790
jordan,1999,42.440
jordan,2000,42.090
jordan,2001,42.545
jordan,2002,43.000
jordan,2003,43.455
jordan,2004,43.910
jordan,2005,46.590
jordan,2006,42.180
jordan,2007,37.770
jordan,2008,44.430
jordan,2009,51.090
jordan,2010,57.750
jordan,2011,49.470
jordan,2012,48.410
jordan,2013,58.350
jordan,2014,59.280
jordan,2015,55.830
jordan,2016,55.830
jordan,2017,55.830
jordan,2018,55.830
jordan,2019,55.830
jordan,2020,55.830
jordan,2021,55.830
jordan,2022,55.830
kazakhstan,1993,2233.0
kazakhstan,1994,2155.9
kazakhstan,1995,2078.7
kazakhstan,1996,2001.6
kazakhstan,1997,1924.4
kazakhstan,1998,1847.3
kazakhstan,1999,1770.2
kazakhstan,2000,1693.0
kazakhstan,2001,1615.9
kazakhstan,2002,1538.7
kazakhstan,2003,1461.6
kazakhstan,2004,1384.4
kazakhstan,2005,1307.3
kazakhstan,2006,1230.2
kazakhstan,2007,1153.0
kazakhstan,2008,1075.9
kazakhstan,2009,998.74
kazakhstan,2010,921.60
kazakhstan,2011,921.60
kazakhstan,2012,921.60
kazakhstan,2013,921.60
kazakhstan,2014,921.60
kazakhstan,2015,921.60
kazakhstan,2016,921.60
kazakhstan,2017,921.60
kazakhstan,2018,921.60
kazakhstan,2019,921.60
kazakhstan,2020,921.60
kazakhstan,2021,921.60
kazakhstan,2022,921.60
kenya,1990,49.410
kenya,1991,50.686
kenya,1992,51.962
kenya,1993,53.238
kenya,1994,54.515
kenya,1995,55.791
kenya,1996,57.067
kenya,1997,58.343
kenya,1998,59.619
kenya,1999,60.895
kenya,2000,62.172
kenya,2001,63.448
kenya,2002,64.724
kenya,2003,66.000
kenya,2004,74.171
kenya,2005,82.343
kenya,2006,90.514
kenya,2007,98.686
kenya,2008,106.86
kenya,2009,115.03
kenya,2010,123.20
kenya,2011,123.20
kenya,2012,123.20
kenya,2013,123.20
kenya,2014,123.20
kenya,2015,123.20
kenya,2016,123.20
kenya,2017,123.20
kenya,2018,123.20
kenya,2019,123.20
kenya,2020,123.20
kenya,2021,123.20
kenya,2022,123.20
kuwait,1994,4.3200
kuwait,1995,4.4902
kuwait,1996,4.6605
kuwait,1997,4.8308
kuwait,1998,5.0010
kuwait,1999,5.1712
kuwait,2000,5.3415
kuwait,2001,5.5118
kuwait,2002,5.6820
kuwait,2003,5.8522
kuwait,2004,6.0225
kuwait,2005,6.1928
kuwait,2006,6.3630
kuwait,2007,6.3630
kuwait,2008,6.3630
kuwait,2009,6.3630
kuwait,2010,6.3630
kuwait,2011,6.3630
kuwait,2012,6.3630
kuwait,2013,6.3630
kuwait,2014,6.3630
kuwait,2015,6.3630
kuwait,2016,6.3630
kuwait,2017,6.3630
kuwait,2018,6.3630
kuwait,2019,6.3630
kuwait,2020,6.3630
kuwait,2021,6.3630
kuwait,2022,6.3630
kyrgyzstan,1994,533.40
kyrgyzstan,1995,561.37
kyrgyzstan,1996,589.35
kyrgyzstan,1997,617.32
kyrgyzstan,1998,645.29
kyrgyzstan,1999,673.26
kyrgyzstan,2000,701.24
kyrgyzstan,2001,729.21
kyrgyzstan,2002,757.18
kyrgyzstan,2003,785.15
kyrgyzstan,2004,813.13
kyrgyzstan,2005,841.10
kyrgyzstan,2006,841.10
kyrgyzstan,2007,841.10
kyrgyzstan,2008,841.10
kyrgyzstan,2009,841.10
kyrgyzstan,2010,841.10
kyrgyzstan,2011,841.10
kyrgyzstan,2012,841.10
kyrgyzstan,2013,841.10
kyrgyzstan,2014,841.10
kyrgyzstan,2015,841.10
kyrgyzstan,2016,841.10
kyrgyzstan,2017,841.10
kyrgyzstan,2018,841.10
kyrgyzstan,2019,841.10
kyrgyzstan,2020,841.10
kyrgyzstan,2021,841.10
kyrgyzstan,2022,841.10
lao_people_s_democratic_republic,1994,162.70
lao_people_s_democratic_republic,1995,180.34
lao_people_s_democratic_republic,1996,197.97
lao_people_s_democratic_republic,1997,215.61
lao_people_s_democratic_republic,1998,233.25
lao_people_s_democratic_republic,1999,250.88
lao_people_s_democratic_republic,2000,268.52
lao_people_s_democratic_republic,2001,286.15
lao_people_s_democratic_republic,2002,303.79
lao_people_s_democratic_republic,2003,321.43
lao_people_s_democratic_republic,2004,339.06
lao_people_s_democratic_republic,2005,356.70
lao_people_s_democratic_republic,2006,356.70
lao_people_s_democratic_republic,2007,356.70
lao_people_s_democratic_republic,2008,356.70
lao_people_s_democratic_republic,2009,356.70
lao_people_s_democratic_republic,2010,356.70
lao_people_s_democratic_republic,2011,356.70
lao_people_s_democratic_republic,2012,356.70
lao_people_s_democratic_republic,2013,356.70
lao_people_s_democratic_republic,2014,356.70
lao_people_s_democratic_republic,2015,356.70
lao_people_s_democratic_republic,2016,356.70
lao_people_s_democratic_republic,2017,356.70
lao_people_s_democratic_republic,2018,356.70
lao_people_s_democratic_republic,2019,356.70
lao_people_s_democratic_republic,2020,356.70
lao_people_s_democratic_republic,2021,356.70
lao_people_s_democratic_republic,2022,356.70
latvia,2007,0.62000
latvia,2008,0.62000
latvia,2009,0.62000
latvia,2010,0.62000
latvia,2011,0.62000
latvia,2012,0.62000
latvia,2013,0.62000
latvia,2014,0.62000
latvia,2015,0.62000
latvia,2016,0.62000
latvia,2017,0.62000
latvia,2018,0.62000
latvia,2019,0.62000
latvia,2020,0.62000
latvia,2021,0.62000
latvia,2022,0.62000
lebanon,1994,57.670
lebanon,1995,61.587
lebanon,1996,65.503
lebanon,1997,69.420
lebanon,1998,73.337
lebanon,1999,77.253
lebanon,2000,81.170
lebanon,2001,81.183
lebanon,2002,81.197
lebanon,2003,81.210
lebanon,2004,78.708
lebanon,2005,76.206
lebanon,2006,73.704
lebanon,2007,71.202
lebanon,2008,68.700
lebanon,2009,70.200
lebanon,2010,70.200
lebanon,2011,70.200
lebanon,2012,70.200
lebanon,2013,70.200
lebanon,2014,70.200
lebanon,2015,70.200
lebanon,2016,70.200
lebanon,2017,70.200
lebanon,2018,70.200
lebanon,2019,70.200
lebanon,2020,70.200
lebanon,2021,70.200
lebanon,2022,70.200
lesotho,1995,0.20300
lesotho,1996,0.16900
lesotho,1997,0.13500
lesotho,1998,0.10100
lesotho,1999,0.067000
lesotho,2000,0.067000
lesotho,2001,0.067000
lesotho,2002,0.067000
lesotho,2003,0.067000
lesotho,2004,0.067000
lesotho,2005,0.067000
lesotho,2006,0.067000
lesotho,2007,0.067000
lesotho,2008,0.067000
lesotho,2009,0.067000
lesotho,2010,0.067000
lesotho,2011,0.067000
lesotho,2012,0.067000
lesotho,2013,0.067000
lesotho,2014,0.067000
lesotho,2015,0.067000
lesotho,2016,0.067000
lesotho,2017,0.067000
lesotho,2018,0.067000
lesotho,2019,0.067000
lesotho,2020,0.067000
lesotho,2021,0.067000
lesotho,2022,0.067000
liberia,1987,0.10000
liberia,1988,0.10000
liberia,1989,0.10000
liberia,1990,0.10000
liberia,1991,0.10000
liberia,1992,0.10000
liberia,1993,0.10000
liberia,1994,0.10000
liberia,1995,0.10000
liberia,1996,0.10000
liberia,1997,0.10000
liberia,1998,0.10000
liberia,1999,0.10000
liberia,2000,0.10000
liberia,2001,0.10000
liberia,2002,0.10000
liberia,2003,0.10000
liberia,2004,0.10000
liberia,2005,0.10000
liberia,2006,0.10000
liberia,2007,0.10000
liberia,2008,0.10000
liberia,2009,0.10000
liberia,2010,0.10000
liberia,2011,0.10000
liberia,2012,0.10000
liberia,2013,0.10000
liberia,2014,0.10000
liberia,2015,0.10000
liberia,2016,0.10000
liberia,2017,0.10000
liberia,2018,0.10000
liberia,2019,0.10000
liberia,2020,0.10000
liberia,2021,0.10000
liberia,2022,0.10000
libya,2000,281.00
libya,2001,281.00
libya,2002,281.00
libya,2003,281.00
libya,2004,281.00
libya,2005,281.00
libya,2006,281.00
libya,2007,281.00
libya,2008,281.00
libya,2009,281.00
libya,2010,281.00
libya,2011,281.00
libya,2012,281.00
libya,2013,281.00
libya,2014,281.00
libya,2015,281.00
libya,2016,281.00
libya,2017,281.00
libya,2018,281.00
libya,2019,281.00
libya,2020,281.00
libya,2021,281.00
libya,2022,281.00
lithuania,2007,0.80000
lithuania,2008,0.98600
lithuania,2009,1.1720
lithuania,2010,1.3580
lithuania,2011,1.3580
lithuania,2012,1.3580
lithuania,2013,1.3580
lithuania,2014,1.3580
lithuania,2015,1.3580
lithuania,2016,1.3580
lithuania,2017,1.3580
lithuania,2018,1.3580
lithuania,2019,1.3580
lithuania,2020,1.3580
lithuania,2021,1.3580
lithuania,2022,1.3580
madagascar,1990,894.50
madagascar,1991,887.69
madagascar,1992,880.88
madagascar,1993,874.07
madagascar,1994,867.26
madagascar,1995,860.45
madagascar,1996,853.64
madagascar,1997,846.83
madagascar,1998,840.02
madagascar,1999,833.21
madagascar,2000,826.40
madagascar,2001,855.73
madagascar,2002,885.05
madagascar,2003,914.38
madagascar,2004,943.70
madagascar,2005,973.02
madagascar,2006,1002.4
madagascar,2007,1031.7
madagascar,2008,1061.0
madagascar,2009,1061.0
madagascar,2010,1061.0
madagascar,2011,1061.0
madagascar,2012,1061.0
madagascar,2013,1061.0
madagascar,2014,1061.0
madagascar,2015,1061.0
madagascar,2016,1061.0
madagascar,2017,1061.0
madagascar,2018,1061.0
madagascar,2019,1061.0
madagascar,2020,1061.0
madagascar,2021,1061.0
madagascar,2022,1061.0
malawi,1992,29.850
malawi,1993,30.071
malawi,1994,30.292
malawi,1995,30.513
malawi,1996,30.734
malawi,1997,30.955
malawi,1998,31.176
malawi,1999,31.397
malawi,2000,31.618
malawi,2001,31.839
malawi,2002,32.060
malawi,2003,32.060
malawi,2004,32.060
malawi,2005,32.060
malawi,2006,32.060
malawi,2007,32.060
malawi,2008,32.060
malawi,2009,32.060
malawi,2010,32.060
malawi,2011,32.060
malawi,2012,32.060
malawi,2013,32.060
malawi,2014,32.060
malawi,2015,32.060
malawi,2016,32.060
malawi,2017,32.060
malawi,2018,32.060
malawi,2019,32.060
malawi,2020,32.060
malawi,2021,32.060
malawi,2022,32.060
malaysia,1996,477.60
malaysia,1997,477.60
malaysia,1998,477.60
malaysia,1999,477.60
malaysia,2000,477.60
malaysia,2001,477.60
malaysia,2002,477.60
malaysia,2003,477.60
malaysia,2004,477.60
malaysia,2005,477.60
malaysia,2006,477.60
malaysia,2007,477.60
malaysia,2008,477.60
malaysia,2009,477.60
malaysia,2010,477.60
malaysia,2011,477.60
malaysia,2012,477.60
malaysia,2013,477.60
malaysia,2014,477.60
malaysia,2015,477.60
malaysia,2016,477.60
malaysia,2017,477.60
malaysia,2018,477.60
malaysia,2019,477.60
malaysia,2020,477.60
malaysia,2021,477.60
malaysia,2022,477.60
mali,2000,167.60
mali,2001,171.02
mali,2002,174.44
mali,2003,177.85
mali,2004,181.27
mali,2005,184.69
mali,2006,188.11
mali,2007,191.53
mali,2008,194.95
mali,2009,198.36
mali,2010,201.78
mali,2011,205.20
mali,2012,205.20
mali,2013,205.20
mali,2014,205.20
mali,2015,205.20
mali,2016,205.20
mali,2017,205.20
mali,2018,205.20
mali,2019,205.20
mali,2020,205.20
mali,2021,205.20
mali,2022,205.20
malta,1990,1.8070
malta,1991,1.8405
malta,1992,1.8740
malta,1993,1.9075
malta,1994,1.9410
malta,1995,1.9745
malta,1996,2.0080
malta,1997,2.0415
malta,1998,2.0750
malta,1999,2.1085
malta,2000,2.1420
malta,2001,2.1755
malta,2002,2.2090
malta,2003,2.2425
malta,2004,2.2760
malta,2005,2.3095
malta,2006,2.3430
malta,2007,2.3765
malta,2008,2.4100
malta,2009,2.4100
malta,2010,2.4100
malta,2011,2.4100
malta,2012,2.4100
malta,2013,2.4100
malta,2014,2.4100
malta,2015,2.4100
malta,2016,2.4100
malta,2017,2.4100
malta,2018,2.4100
malta,2019,2.4100
malta,2020,2.4100
malta,2021,2.4100
malta,2022,2.4100
mauritania,2004,35.220
mauritania,2005,35.220
mauritania,2006,35.220
mauritania,2007,35.220
mauritania,2008,35.220
mauritania,2009,35.220
mauritania,2010,35.220
mauritania,2011,35.220
mauritania,2012,35.220
mauritania,2013,35.220
mauritania,2014,35.220
mauritania,2015,35.220
mauritania,2016,35.220
mauritania,2017,35.220
mauritania,2018,35.220
mauritania,2019,35.220
mauritania,2020,35.220
mauritania,2021,35.220
mauritania,2022,35.220
mauritius,2002,20.880
mauritius,2003,20.880
mauritius,2004,20.880
mauritius,2005,20.880
mauritius,2006,20.880
mauritius,2007,20.880
mauritius,2008,20.880
mauritius,2009,20.880
mauritius,2010,20.880
mauritius,2011,20.880
mauritius,2012,20.880
mauritius,2013,20.880
mauritius,2014,20.880
mauritius,2015,20.880
mauritius,2016,20.880
mauritius,2017,20.880
mauritius,2018,20.880
mauritius,2019,20.880
mauritius,2020,20.880
mauritius,2021,20.880
mauritius,2022,20.880
mexico,1997,4102.0
mexico,1998,4081.7
mexico,1999,4061.3
mexico,2000,4041.0
mexico,2001,4020.7
mexico,2002,4000.3
mexico,2003,3980.0
mexico,2004,3959.7
mexico,2005,3939.3
mexico,2006,3919.0
mexico,2007,4041.0
mexico,2008,4163.0
mexico,2009,4285.0
mexico,2010,4285.0
mexico,2011,4285.0
mexico,2012,4285.0
mexico,2013,4285.0
mexico,2014,4285.0
mexico,2015,4285.0
mexico,2016,4285.0
mexico,2017,4285.0
mexico,2018,4285.0
mexico,2019,4285.0
mexico,2020,4285.0
mexico,2021,4285.0
mexico,2022,4285.0
mongolia,1993,34.000
mongolia,1994,34.000
mongolia,1995,34.000
mongolia,1996,34.000
mongolia,1997,34.000
mongolia,1998,34.000
mongolia,1999,34.000
mongolia,2000,34.000
mongolia,2001,34.000
mongolia,2002,34.000
mongolia,2003,34.000
mongolia,2004,34.000
mongolia,2005,34.000
mongolia,2006,34.000
mongolia,2007,34.000
mongolia,2008,34.000
mongolia,2009,34.000
mongolia,2010,34.000
mongolia,2011,34.000
mongolia,2012,34.000
mongolia,2013,34.000
mongolia,2014,34.000
mongolia,2015,34.000
mongolia,2016,34.000
mongolia,2017,34.000
mongolia,2018,34.000
mongolia,2019,34.000
mongolia,2020,34.000
mongolia,2021,34.000
mongolia,2022,34.000
montenegro,2010,0.0090000
montenegro,2011,0.0090000
montenegro,2012,0.0090000
montenegro,2013,0.0090000
montenegro,2014,0.0090000
montenegro,2015,0.0090000
montenegro,2016,0.0090000
montenegro,2017,0.0090000
montenegro,2018,0.0090000
montenegro,2019,0.0090000
montenegro,2020,0.0090000
montenegro,2021,0.0090000
montenegro,2022,0.0090000
morocco,1990,887.00
morocco,1991,908.90
morocco,1992,930.80
morocco,1993,952.70
morocco,1994,974.60
morocco,1995,996.50
morocco,1996,1018.4
morocco,1997,1040.3
morocco,1998,1062.2
morocco,1999,1084.1
morocco,2000,1106.0
morocco,2001,1092.5
morocco,2002,1079.0
morocco,2003,1065.5
morocco,2004,1052.0
morocco,2005,1050.6
morocco,2006,1049.1
morocco,2007,1047.7
morocco,2008,1046.3
morocco,2009,1044.9
morocco,2010,1043.4
morocco,2011,1042.0
morocco,2012,1042.0
morocco,2013,1042.0
morocco,2014,1042.0
morocco,2015,1042.0
morocco,2016,1042.0
morocco,2017,1042.0
morocco,2018,1042.0
morocco,2019,1042.0
morocco,2020,1042.0
morocco,2021,1042.0
morocco,2022,1042.0
mozambique,2001,40.440
mozambique,2002,40.440
mozambique,2003,40.440
mozambique,2004,40.440
mozambique,2005,40.440
mozambique,2006,40.440
mozambique,2007,40.440
mozambique,2008,40.440
mozambique,2009,40.440
mozambique,2010,40.440
mozambique,2011,40.440
mozambique,2012,40.440
mozambique,2013,40.440
mozambique,2014,40.440
mozambique,2015,40.440
mozambique,2016,40.440
mozambique,2017,40.440
mozambique,2018,40.440
mozambique,2019,40.440
mozambique,2020,40.440
mozambique,2021,40.440
mozambique,2022,40.440
myanmar,1995,1865.0
myanmar,1996,1944.9
myanmar,1997,2024.8
myanmar,1998,2104.7
myanmar,1999,2184.6
myanmar,2000,2264.5
myanmar,2001,2344.5
myanmar,2002,2424.4
myanmar,2003,2504.3
myanmar,2004,2584.2
myanmar,2005,2664.1
myanmar,2006,2744.0
myanmar,2007,2744.0
myanmar,2008,2744.0
myanmar,2009,2744.0
myanmar,2010,2744.0
myanmar,2011,2744.0
myanmar,2012,2744.0
myanmar,2013,2744.0
myanmar,2014,2744.0
myanmar,2015,2744.0
myanmar,2016,2744.0
myanmar,2017,2744.0
myanmar,2018,2744.0
myanmar,2019,2744.0
myanmar,2020,2744.0
myanmar,2021,2744.0
myanmar,2022,2744.0
namibia,1991,5.5100
namibia,1992,5.6612
namibia,1993,5.8124
namibia,1994,5.9635
namibia,1995,6.1147
namibia,1996,6.2659
namibia,1997,6.4171
namibia,1998,6.5683
namibia,1999,6.7195
namibia,2000,6.8706
namibia,2001,7.0218
namibia,2002,7.1730
namibia,2003,7.1730
namibia,2004,7.1730
namibia,2005,7.1730
namibia,2006,7.1730
namibia,2007,7.1730
namibia,2008,7.1730
namibia,2009,7.1730
namibia,2010,7.1730
namibia,2011,7.1730
namibia,2012,7.1730
namibia,2013,7.1730
namibia,2014,7.1730
namibia,2015,7.1730
namibia,2016,7.1730
namibia,2017,7.1730
namibia,2018,7.1730
namibia,2019,7.1730
namibia,2020,7.1730
namibia,2021,7.1730
namibia,2022,7.1730
nepal,2006,1909.0
nepal,2007,1909.0
nepal,2008,1909.0
nepal,2009,1909.0
nepal,2010,1909.0
nepal,2011,1909.0
nepal,2012,1909.0
nepal,2013,1909.0
nepal,2014,1909.0
nepal,2015,1909.0
nepal,2016,1909.0
nepal,2017,1909.0
nepal,2018,1909.0
nepal,2019,1909.0
nepal,2020,1909.0
nepal,2021,1909.0
nepal,2022,1909.0
netherlands_kingdom_of_the,2008,142.90
netherlands_kingdom_of_the,2009,142.90
netherlands_kingdom_of_the,2010,142.90
netherlands_kingdom_of_the,2011,142.90
netherlands_kingdom_of_the,2012,142.90
netherlands_kingdom_of_the,2013,142.90
netherlands_kingdom_of_the,2014,142.90
netherlands_kingdom_of_the,2015,142.90
netherlands_kingdom_of_the,2016,142.90
netherlands_kingdom_of_the,2017,142.90
netherlands_kingdom_of_the,2018,142.90
netherlands_kingdom_of_the,2019,142.90
netherlands_kingdom_of_the,2020,142.90
netherlands_kingdom_of_the,2021,142.90
netherlands_kingdom_of_the,2022,142.90
new_zealand,2007,154.60
new_zealand,2008,154.60
new_zealand,2009,154.60
new_zealand,2010,154.60
new_zealand,2011,154.60
new_zealand,2012,154.60
new_zealand,2013,154.60
new_zealand,2014,154.60
new_zealand,2015,154.60
new_zealand,2016,154.60
new_zealand,2017,154.60
new_zealand,2018,154.60
new_zealand,2019,154.60
new_zealand,2020,154.60
new_zealand,2021,154.60
new_zealand,2022,154.60
nicaragua,2011,110.30
nicaragua,2012,110.30
nicaragua,2013,110.30
nicaragua,2014,110.30
nicaragua,2015,110.30
nicaragua,2016,110.30
nicaragua,2017,110.30
nicaragua,2018,110.30
nicaragua,2019,110.30
nicaragua,2020,110.30
nicaragua,2021,110.30
nicaragua,2022,110.30
niger,1997,19.280
niger,1998,19.171
niger,1999,19.061
niger,2000,18.952
niger,2001,18.843
niger,2002,18.734
niger,2003,18.624
niger,2004,18.515
niger,2005,18.406
niger,2006,18.296
niger,2007,18.187
niger,2008,18.078
niger,2009,17.969
niger,2010,17.859
niger,2011,17.750
niger,2012,17.750
niger,2013,17.750
niger,2014,17.750
niger,2015,17.750
niger,2016,17.750
niger,2017,17.750
niger,2018,17.750
niger,2019,17.750
niger,2020,17.750
niger,2021,17.750
niger,2022,17.750
nigeria,2004,225.80
nigeria,2005,225.80
nigeria,2006,225.80
nigeria,2007,225.80
nigeria,2008,225.80
nigeria,2009,225.80
nigeria,2010,225.80
nigeria,2011,225.80
nigeria,2012,225.80
nigeria,2013,225.80
nigeria,2014,225.80
nigeria,2015,225.80
nigeria,2016,225.80
nigeria,2017,225.80
nigeria,2018,225.80
nigeria,2019,225.80
nigeria,2020,225.80
nigeria,2021,225.80
nigeria,2022,225.80
north_macedonia,2007,56.700
north_macedonia,2008,56.700
north_macedonia,2009,56.700
north_macedonia,2010,56.700
north_macedonia,2011,56.700
north_macedonia,2012,56.700
north_macedonia,2013,56.700
north_macedonia,2014,56.700
north_macedonia,2015,56.700
north_macedonia,2016,56.700
north_macedonia,2017,56.700
north_macedonia,2018,56.700
north_macedonia,2019,56.700
north_macedonia,2020,56.700
north_macedonia,2021,56.700
north_macedonia,2022,56.700
norway,2007,53.200
norway,2008,53.200
norway,2009,53.200
norway,2010,53.200
norway,2011,53.200
norway,2012,53.200
norway,2013,53.200
norway,2014,53.200
norway,2015,53.200
norway,2016,53.200
norway,2017,53.200
norway,2018,53.200
norway,2019,53.200
norway,2020,53.200
norway,2021,53.200
norway,2022,53.200
oman,1993,27.930
oman,1994,26.839
oman,1995,25.749
oman,1996,24.658
oman,1997,23.567
oman,1998,22.476
oman,1999,21.386
oman,2000,20.295
oman,2001,19.204
oman,2002,18.114
oman,2003,17.023
oman,2004,15.932
oman,2005,14.841
oman,2006,13.751
oman,2007,12.660
oman,2008,12.660
oman,2009,12.660
oman,2010,12.660
oman,2011,12.660
oman,2012,12.660
oman,2013,12.660
oman,2014,12.660
oman,2015,12.660
oman,2016,12.660
oman,2017,12.660
oman,2018,12.660
oman,2019,12.660
oman,2020,12.660
oman,2021,12.660
oman,2022,12.660
pakistan,2001,21060
pakistan,2002,21002
pakistan,2003,20945
pakistan,2004,20887
pakistan,2005,20830
pakistan,2006,20772
pakistan,2007,20715
pakistan,2008,20657
pakistan,2009,20657
pakistan,2010,20657
pakistan,2011,20657
pakistan,2012,20657
pakistan,2013,20657
pakistan,2014,20657
pakistan,2015,20657
pakistan,2016,20657
pakistan,2017,20657
pakistan,2018,20657
pakistan,2019,20657
pakistan,2020,20657
pakistan,2021,20657
pakistan,2022,20657
palestine,1997,15.600
palestine,1998,15.600
palestine,1999,15.600
palestine,2000,15.600
palestine,2001,15.600
palestine,2002,15.600
palestine,2003,15.600
palestine,2004,15.600
palestine,2005,15.600
palestine,2006,15.600
palestine,2007,15.600
palestine,2008,15.600
palestine,2009,15.600
palestine,2010,15.600
palestine,2011,15.600
palestine,2012,15.600
palestine,2013,15.600
palestine,2014,15.600
palestine,2015,15.600
palestine,2016,15.600
palestine,2017,15.600
palestine,2018,15.600
palestine,2019,15.600
palestine,2020,15.600
palestine,2021,15.600
palestine,2022,15.600
panama,1997,21.610
panama,1998,28.800
panama,1999,35.990
panama,2000,43.180
panama,2001,43.104
panama,2002,43.029
panama,2003,42.953
panama,2004,42.878
panama,2005,42.802
panama,2006,42.727
panama,2007,42.651
panama,2008,42.576
panama,2009,42.500
panama,2010,42.500
panama,2011,42.500
panama,2012,42.500
panama,2013,42.500
panama,2014,42.500
panama,2015,42.500
panama,2016,42.500
panama,2017,42.500
panama,2018,42.500
panama,2019,42.500
panama,2020,42.500
panama,2021,42.500
panama,2022,42.500
paraguay,2012,135.40
paraguay,2013,135.40
paraguay,2014,135.40
paraguay,2015,135.40
paraguay,2016,135.40
paraguay,2017,135.40
paraguay,2018,135.40
paraguay,2019,135.40
paraguay,2020,135.40
paraguay,2021,135.40
paraguay,2022,135.40
peru,1994,975.10
peru,1995,975.10
peru,1996,975.10
peru,1997,975.10
peru,1998,975.10
peru,1999,975.10
peru,2000,975.10
peru,2001,975.10
peru,2002,975.10
peru,2003,975.10
peru,2004,975.10
peru,2005,975.10
peru,2006,975.10
peru,2007,975.10
peru,2008,975.10
peru,2009,975.10
peru,2010,975.10
peru,2011,975.10
peru,2012,975.10
peru,2013,975.10
peru,2014,975.10
peru,2015,975.10
peru,2016,975.10
peru,2017,975.10
peru,2018,975.10
peru,2019,975.10
peru,2020,975.10
peru,2021,975.10
peru,2022,975.10
philippines,2006,2658.0
philippines,2007,2658.0
philippines,2008,2658.0
philippines,2009,2658.0
philippines,2010,2658.0
philippines,2011,2658.0
philippines,2012,2658.0
philippines,2013,2658.0
philippines,2014,2658.0
philippines,2015,2658.0
philippines,2016,2658.0
philippines,2017,2658.0
philippines,2018,2658.0
philippines,2019,2658.0
philippines,2020,2658.0
philippines,2021,2658.0
philippines,2022,2658.0
poland,2007,28.260
poland,2008,28.260
poland,2009,28.260
poland,2010,28.260
poland,2011,28.260
poland,2012,28.260
poland,2013,28.260
poland,2014,28.260
poland,2015,28.260
poland,2016,28.260
poland,2017,28.260
poland,2018,28.260
poland,2019,28.260
poland,2020,28.260
poland,2021,28.260
poland,2022,28.260
portugal,2008,289.80
portugal,2009,289.80
portugal,2010,289.80
portugal,2011,289.80
portugal,2012,289.80
portugal,2013,289.80
portugal,2014,289.80
portugal,2015,289.80
portugal,2016,289.80
portugal,2017,289.80
portugal,2018,289.80
portugal,2019,289.80
portugal,2020,289.80
portugal,2021,289.80
portugal,2022,289.80
puerto_rico,2007,13.460
puerto_rico,2008,13.460
puerto_rico,2009,13.460
puerto_rico,2010,13.460
puerto_rico,2011,13.460
puerto_rico,2012,13.460
puerto_rico,2013,13.460
puerto_rico,2014,13.460
puerto_rico,2015,13.460
puerto_rico,2016,13.460
puerto_rico,2017,13.460
puerto_rico,2018,13.460
puerto_rico,2019,13.460
puerto_rico,2020,13.460
puerto_rico,2021,13.460
puerto_rico,2022,13.460
qatar,1975,1.4080
qatar,1976,1.6213
qatar,1977,1.8347
qatar,1978,2.0480
qatar,1979,2.2613
qatar,1980,2.4747
qatar,1981,2.6880
qatar,1982,2.9013
qatar,1983,3.1147
qatar,1984,3.3280
qatar,1985,3.5413
qatar,1986,3.7547
qatar,1987,3.9680
qatar,1988,4.1813
qatar,1989,4.3947
qatar,1990,4.6080
qatar,1991,4.6860
qatar,1992,4.7640
qatar,1993,4.8420
qatar,1994,4.7423
qatar,1995,4.6425
qatar,1996,4.5428
qatar,1997,4.4431
qatar,1998,4.3434
qatar,1999,4.2436
qatar,2000,4.1439
qatar,2001,4.0442
qatar,2002,3.9445
qatar,2003,3.8447
qatar,2004,3.7450
qatar,2005,3.7450
qatar,2006,3.7450
qatar,2007,3.7450
qatar,2008,3.7450
qatar,2009,3.7450
qatar,2010,3.7450
qatar,2011,3.7450
qatar,2012,3.7450
qatar,2013,3.7450
qatar,2014,3.7450
qatar,2015,3.7450
qatar,2016,3.7450
qatar,2017,3.7450
qatar,2018,3.7450
qatar,2019,3.7450
qatar,2020,3.7450
qatar,2021,3.7450
qatar,2022,3.7450
republic_of_korea,1996,888.80
republic_of_korea,1997,929.32
republic_of_korea,1998,969.84
republic_of_korea,1999,1010.4
republic_of_korea,2000,1050.9
republic_of_korea,2001,1091.4
republic_of_korea,2002,1131.9
republic_of_korea,2003,1172.4
republic_of_korea,2004,1213.0
republic_of_korea,2005,1253.5
republic_of_korea,2006,1294.0
republic_of_korea,2007,1294.0
republic_of_korea,2008,1294.0
republic_of_korea,2009,1294.0
republic_of_korea,2010,1294.0
republic_of_korea,2011,1294.0
republic_of_korea,2012,1294.0
republic_of_korea,2013,1294.0
republic_of_korea,2014,1294.0
republic_of_korea,2015,1294.0
republic_of_korea,2016,1294.0
republic_of_korea,2017,1294.0
republic_of_korea,2018,1294.0
republic_of_korea,2019,1294.0
republic_of_korea,2020,1294.0
republic_of_korea,2021,1294.0
republic_of_korea,2022,1294.0
republic_of_moldova,2007,16.200
republic_of_moldova,2008,16.200
republic_of_moldova,2009,16.200
republic_of_moldova,2010,16.200
republic_of_moldova,2011,16.200
republic_of_moldova,2012,16.200
republic_of_moldova,2013,16.200
republic_of_moldova,2014,16.200
republic_of_moldova,2015,16.200
republic_of_moldova,2016,16.200
republic_of_moldova,2017,16.200
republic_of_moldova,2018,16.200
republic_of_moldova,2019,16.200
republic_of_moldova,2020,16.200
republic_of_moldova,2021,16.200
republic_of_moldova,2022,16.200
romania,2008,132.60
romania,2009,132.60
romania,2010,132.60
romania,2011,132.60
romania,2012,132.60
romania,2013,132.60
romania,2014,132.60
romania,2015,132.60
romania,2016,132.60
romania,2017,132.60
romania,2018,132.60
romania,2019,132.60
romania,2020,132.60
romania,2021,132.60
romania,2022,132.60
russian_federation,1994,3201.0
russian_federation,1995,2992.2
russian_federation,1996,2783.3
russian_federation,1997,2574.5
russian_federation,1998,2365.6
russian_federation,1999,2156.8
russian_federation,2000,1948.0
russian_federation,2001,1739.1
russian_federation,2002,1530.3
russian_federation,2003,1321.4
russian_federation,2004,1112.6
russian_federation,2005,903.74
russian_federation,2006,694.90
russian_federation,2007,694.90
russian_federation,2008,694.90
russian_federation,2009,694.90
russian_federation,2010,694.90
russian_federation,2011,694.90
russian_federation,2012,694.90
russian_federation,2013,694.90
russian_federation,2014,694.90
russian_federation,2015,694.90
russian_federation,2016,694.90
russian_federation,2017,694.90
russian_federation,2018,694.90
russian_federation,2019,694.90
russian_federation,2020,694.90
russian_federation,2021,694.90
russian_federation,2022,694.90
rwanda,2007,4.0000
rwanda,2008,4.0000
rwanda,2009,4.0000
rwanda,2010,4.0000
rwanda,2011,4.0000
rwanda,2012,4.0000
rwanda,2013,4.0000
rwanda,2014,4.0000
rwanda,2015,4.0000
rwanda,2016,4.0000
rwanda,2017,4.0000
rwanda,2018,4.0000
rwanda,2019,4.0000
rwanda,2020,4.0000
rwanda,2021,4.0000
rwanda,2022,4.0000
saint_kitts_and_nevis,2012,0.025000
saint_kitts_and_nevis,2013,0.025000
saint_kitts_and_nevis,2014,0.025000
saint_kitts_and_nevis,2015,0.025000
saint_kitts_and_nevis,2016,0.025000
saint_kitts_and_nevis,2017,0.025000
saint_kitts_and_nevis,2018,0.025000
saint_kitts_and_nevis,2019,0.025000
saint_kitts_and_nevis,2020,0.025000
saint_kitts_and_nevis,2021,0.025000
saint_kitts_and_nevis,2022,0.025000
sao_tome_and_principe,1991,0.20000
sao_tome_and_principe,1992,0.20000
sao_tome_and_principe,1993,0.20000
sao_tome_and_principe,1994,0.20000
sao_tome_and_principe,1995,0.20000
sao_tome_and_principe,1996,0.20000
sao_tome_and_principe,1997,0.20000
sao_tome_and_principe,1998,0.20000
sao_tome_and_principe,1999,0.20000
sao_tome_and_principe,2000,0.20000
sao_tome_and_principe,2001,0.20000
sao_tome_and_principe,2002,0.20000
sao_tome_and_principe,2003,0.20000
sao_tome_and_principe,2004,0.20000
sao_tome_and_principe,2005,0.20000
sao_tome_and_principe,2006,0.20000
sao_tome_and_principe,2007,0.20000
sao_tome_and_principe,2008,0.20000
sao_tome_and_principe,2009,0.20000
sao_tome_and_principe,2010,0.20000
sao_tome_and_principe,2011,0.20000
sao_tome_and_principe,2012,0.20000
sao_tome_and_principe,2013,0.20000
sao_tome_and_principe,2014,0.20000
sao_tome_and_principe,2015,0.20000
sao_tome_and_principe,2016,0.20000
sao_tome_and_principe,2017,0.20000
sao_tome_and_principe,2018,0.20000
sao_tome_and_principe,2019,0.20000
sao_tome_and_principe,2020,0.20000
sao_tome_and_principe,2021,0.20000
sao_tome_and_principe,2022,0.20000
saudi_arabia,1975,463.00
saudi_arabia,1976,462.60
saudi_arabia,1977,462.20
saudi_arabia,1978,461.80
saudi_arabia,1979,461.40
saudi_arabia,1980,461.00
saudi_arabia,1981,517.80
saudi_arabia,1982,574.60
saudi_arabia,1983,631.40
saudi_arabia,1984,688.20
saudi_arabia,1985,745.00
saudi_arabia,1986,854.29
saudi_arabia,1987,963.57
saudi_arabia,1988,1072.9
saudi_arabia,1989,1182.1
saudi_arabia,1990,1291.4
saudi_arabia,1991,1400.7
saudi_arabia,1992,1510.0
saudi_arabia,1993,1440.1
saudi_arabia,1994,1370.3
saudi_arabia,1995,1300.4
saudi_arabia,1996,1230.6
saudi_arabia,1997,1160.7
saudi_arabia,1998,1090.9
saudi_arabia,1999,1021.0
saudi_arabia,2000,1019.7
saudi_arabia,2001,1018.4
saudi_arabia,2002,1017.1
saudi_arabia,2003,1015.9
saudi_arabia,2004,1014.6
saudi_arabia,2005,1013.3
saudi_arabia,2006,1012.0
saudi_arabia,2007,1012.0
saudi_arabia,2008,1012.0
saudi_arabia,2009,1012.0
saudi_arabia,2010,1012.0
saudi_arabia,2011,1012.0
saudi_arabia,2012,1012.0
saudi_arabia,2013,1012.0
saudi_arabia,2014,1012.0
saudi_arabia,2015,1012.0
saudi_arabia,2016,1012.0
saudi_arabia,2017,1012.0
saudi_arabia,2018,1012.0
saudi_arabia,2019,1012.0
saudi_arabia,2020,1012.0
saudi_arabia,2021,1012.0
saudi_arabia,2022,1012.0
senegal,1997,74.240
senegal,1998,80.632
senegal,1999,87.024
senegal,2000,93.416
senegal,2001,99.808
senegal,2002,106.20
senegal,2003,106.20
senegal,2004,106.20
senegal,2005,106.20
senegal,2006,106.20
senegal,2007,106.20
senegal,2008,106.20
senegal,2009,106.20
senegal,2010,106.20
senegal,2011,106.20
senegal,2012,106.20
senegal,2013,106.20
senegal,2014,106.20
senegal,2015,106.20
senegal,2016,106.20
senegal,2017,106.20
senegal,2018,106.20
senegal,2019,106.20
senegal,2020,106.20
senegal,2021,106.20
senegal,2022,106.20
serbia,2011,30.970
serbia,2012,30.970
serbia,2013,30.970
serbia,2014,30.970
serbia,2015,30.970
serbia,2016,30.970
serbia,2017,30.970
serbia,2018,30.970
serbia,2019,30.970
serbia,2020,30.970
serbia,2021,30.970
serbia,2022,30.970
seychelles,2003,0.22400
seychelles,2004,0.22400
seychelles,2005,0.22400
seychelles,2006,0.22400
seychelles,2007,0.22400
seychelles,2008,0.22400
seychelles,2009,0.22400
seychelles,2010,0.22400
seychelles,2011,0.22400
seychelles,2012,0.22400
seychelles,2013,0.22400
seychelles,2014,0.22400
seychelles,2015,0.22400
seychelles,2016,0.22400
seychelles,2017,0.22400
seychelles,2018,0.22400
seychelles,2019,0.22400
seychelles,2020,0.22400
seychelles,2021,0.22400
seychelles,2022,0.22400
sierra_leone,1992,1.0000
sierra_leone,1993,1.0000
sierra_leone,1994,1.0000
sierra_leone,1995,1.0000
sierra_leone,1996,1.0000
sierra_leone,1997,1.0000
sierra_leone,1998,1.0000
sierra_leone,1999,1.0000
sierra_leone,2000,1.0000
sierra_leone,2001,1.0000
sierra_leone,2002,1.0000
sierra_leone,2003,1.0000
sierra_leone,2004,1.0000
sierra_leone,2005,1.0000
sierra_leone,2006,1.0000
sierra_leone,2007,1.0000
sierra_leone,2008,1.0000
sierra_leone,2009,1.0000
sierra_leone,2010,1.0000
sierra_leone,2011,1.0000
sierra_leone,2012,1.0000
sierra_leone,2013,1.0000
sierra_leone,2014,1.0000
sierra_leone,2015,1.0000
sierra_leone,2016,1.0000
sierra_leone,2017,1.0000
sierra_leone,2018,1.0000
sierra_leone,2019,1.0000
sierra_leone,2020,1.0000
sierra_leone,2021,1.0000
sierra_leone,2022,1.0000
slovakia,2008,37.800
slovakia,2009,37.800
slovakia,2010,37.800
slovakia,2011,37.800
slovakia,2012,37.800
slovakia,2013,37.800
slovakia,2014,37.800
slovakia,2015,37.800
slovakia,2016,37.800
slovakia,2017,37.800
slovakia,2018,37.800
slovakia,2019,37.800
slovakia,2020,37.800
slovakia,2021,37.800
slovakia,2022,37.800
slovenia,2010,1.7290
slovenia,2011,1.7290
slovenia,2012,1.7290
slovenia,2013,1.7290
slovenia,2014,1.7290
slovenia,2015,1.7290
slovenia,2016,1.7290
slovenia,2017,1.7290
slovenia,2018,1.7290
slovenia,2019,1.7290
slovenia,2020,1.7290
slovenia,2021,1.7290
slovenia,2022,1.7290
somalia,1984,161.10
somalia,1985,154.88
somalia,1986,148.67
somalia,1987,142.45
somalia,1988,136.24
somalia,1989,130.02
somalia,1990,123.81
somalia,1991,117.59
somalia,1992,111.37
somalia,1993,105.16
somalia,1994,98.942
somalia,1995,92.726
somalia,1996,86.511
somalia,1997,80.295
somalia,1998,74.079
somalia,1999,67.863
somalia,2000,61.647
somalia,2001,55.432
somalia,2002,49.216
somalia,2003,43.000
somalia,2004,43.000
somalia,2005,43.000
somalia,2006,43.000
somalia,2007,43.000
somalia,2008,43.000
somalia,2009,43.000
somalia,2010,43.000
somalia,2011,43.000
somalia,2012,43.000
somalia,2013,43.000
somalia,2014,43.000
somalia,2015,43.000
somalia,2016,43.000
somalia,2017,43.000
somalia,2018,43.000
somalia,2019,43.000
somalia,2020,43.000
somalia,2021,43.000
somalia,2022,43.000
south_africa,2000,1346.0
south_africa,2001,1316.4
south_africa,2002,1286.8
south_africa,2003,1257.1
south_africa,2004,1227.5
south_africa,2005,1197.9
south_africa,2006,1168.3
south_africa,2007,1138.6
south_africa,2008,1109.0
south_africa,2009,1109.0
south_africa,2010,1109.0
south_africa,2011,1109.0
south_africa,2012,1109.0
south_africa,2013,1109.0
south_africa,2014,1109.0
south_africa,2015,1109.0
south_africa,2016,1109.0
south_africa,2017,1109.0
south_africa,2018,1109.0
south_africa,2019,1109.0
south_africa,2020,1109.0
south_africa,2021,1109.0
south_africa,2022,1109.0
south_sudan,2012,29.070
south_sudan,2013,29.070
south_sudan,2014,29.070
south_sudan,2015,29.070
south_sudan,2016,29.070
south_sudan,2017,29.070
south_sudan,2018,29.070
south_sudan,2019,29.070
south_sudan,2020,29.070
south_sudan,2021,29.070
south_sudan,2022,29.070
spain,2009,1657.0
spain,2010,1657.0
spain,2011,1657.0
spain,2012,1657.0
spain,2013,1657.0
spain,2014,1657.0
spain,2015,1657.0
spain,2016,1657.0
spain,2017,1657.0
spain,2018,1657.0
spain,2019,1657.0
spain,2020,1657.0
spain,2021,1657.0
spain,2022,1657.0
sri_lanka,2006,736.60
sri_lanka,2007,736.60
sri_lanka,2008,736.60
sri_lanka,2009,736.60
sri_lanka,2010,736.60
sri_lanka,2011,736.60
sri_lanka,2012,736.60
sri_lanka,2013,736.60
sri_lanka,2014,736.60
sri_lanka,2015,736.60
sri_lanka,2016,736.60
sri_lanka,2017,736.60
sri_lanka,2018,736.60
sri_lanka,2019,736.60
sri_lanka,2020,736.60
sri_lanka,2021,736.60
sri_lanka,2022,736.60
sudan,2012,1563.0
sudan,2013,1563.0
sudan,2014,1563.0
sudan,2015,1563.0
sudan,2016,1563.0
sudan,2017,1563.0
sudan,2018,1563.0
sudan,2019,1563.0
sudan,2020,1563.0
sudan,2021,1563.0
sudan,2022,1563.0
suriname,2006,49.120
suriname,2007,50.296
suriname,2008,51.472
suriname,2009,52.648
suriname,2010,53.824
suriname,2011,55.000
suriname,2012,55.000
suriname,2013,55.000
suriname,2014,55.000
suriname,2015,55.000
suriname,2016,55.000
suriname,2017,55.000
suriname,2018,55.000
suriname,2019,55.000
suriname,2020,55.000
suriname,2021,55.000
suriname,2022,55.000
sweden,2007,33.870
sweden,2008,33.870
sweden,2009,33.870
sweden,2010,33.870
sweden,2011,33.870
sweden,2012,33.870
sweden,2013,33.870
sweden,2014,33.870
sweden,2015,33.870
sweden,2016,33.870
sweden,2017,33.870
sweden,2018,33.870
sweden,2019,33.870
sweden,2020,33.870
sweden,2021,33.870
sweden,2022,33.870
switzerland,2010,16.550
switzerland,2011,16.550
switzerland,2012,16.550
switzerland,2013,16.550
switzerland,2014,16.550
switzerland,2015,16.550
switzerland,2016,16.550
switzerland,2017,16.550
switzerland,2018,16.550
switzerland,2019,16.550
switzerland,2020,16.550
switzerland,2021,16.550
switzerland,2022,16.550
syrian_arab_republic,1990,711.70
syrian_arab_republic,1991,798.36
syrian_arab_republic,1992,885.02
syrian_arab_republic,1993,971.68
syrian_arab_republic,1994,1058.3
syrian_arab_republic,1995,1145.0
syrian_arab_republic,1996,1158.8
syrian_arab_republic,1997,1172.6
syrian_arab_republic,1998,1186.4
syrian_arab_republic,1999,1200.2
syrian_arab_republic,2000,1214.0
syrian_arab_republic,2001,1214.0
syrian_arab_republic,2002,1214.0
syrian_arab_republic,2003,1214.0
syrian_arab_republic,2004,1214.0
syrian_arab_republic,2005,1214.0
syrian_arab_republic,2006,1214.0
syrian_arab_republic,2007,1214.0
syrian_arab_republic,2008,1214.0
syrian_arab_republic,2009,1214.0
syrian_arab_republic,2010,1214.0
syrian_arab_republic,2011,1214.0
syrian_arab_republic,2012,1214.0
syrian_arab_republic,2013,1214.0
syrian_arab_republic,2014,1214.0
syrian_arab_republic,2015,1214.0
syrian_arab_republic,2016,1214.0
syrian_arab_republic,2017,1214.0
syrian_arab_republic,2018,1214.0
syrian_arab_republic,2019,1214.0
syrian_arab_republic,2020,1214.0
syrian_arab_republic,2021,1214.0
syrian_arab_republic,2022,1214.0
tajikistan,2002,569.50
tajikistan,2003,567.49
tajikistan,2004,565.47
tajikistan,2005,563.46
tajikistan,2006,561.44
tajikistan,2007,559.43
tajikistan,2008,557.41
tajikistan,2009,555.40
tajikistan,2010,555.40
tajikistan,2011,555.40
tajikistan,2012,555.40
tajikistan,2013,555.40
tajikistan,2014,555.40
tajikistan,2015,555.40
tajikistan,2016,555.40
tajikistan,2017,555.40
tajikistan,2018,555.40
tajikistan,2019,555.40
tajikistan,2020,555.40
tajikistan,2021,555.40
tajikistan,2022,555.40
thailand,1972,1769.0
thailand,1973,1854.8
thailand,1974,1940.6
thailand,1975,2026.4
thailand,1976,2112.2
thailand,1977,2198.0
thailand,1978,2273.2
thailand,1979,2348.4
thailand,1980,2423.6
thailand,1981,2498.8
thailand,1982,2574.0
thailand,1983,2736.8
thailand,1984,2899.7
thailand,1985,3062.5
thailand,1986,3225.4
thailand,1987,3388.2
thailand,1988,3551.0
thailand,1989,3713.9
thailand,1990,3876.7
thailand,1991,4039.6
thailand,1992,4202.4
thailand,1993,4365.2
thailand,1994,4528.1
thailand,1995,4690.9
thailand,1996,4853.8
thailand,1997,5016.6
thailand,1998,5179.4
thailand,1999,5342.3
thailand,2000,5505.1
thailand,2001,5668.0
thailand,2002,5830.8
thailand,2003,5993.6
thailand,2004,6156.5
thailand,2005,6319.3
thailand,2006,6482.2
thailand,2007,6645.0
thailand,2008,6645.0
thailand,2009,6645.0
thailand,2010,6645.0
thailand,2011,6645.0
thailand,2012,6645.0
thailand,2013,6645.0
thailand,2014,6645.0
thailand,2015,6645.0
thailand,2016,6645.0
thailand,2017,6645.0
thailand,2018,6645.0
thailand,2019,6645.0
thailand,2020,6645.0
thailand,2021,6645.0
thailand,2022,6645.0
timor_leste,2002,34.000
timor_leste,2003,34.000
timor_leste,2004,34.000
timor_leste,2005,34.000
timor_leste,2006,34.000
timor_leste,2007,34.000
timor_leste,2008,34.000
timor_leste,2009,34.000
timor_leste,2010,34.000
timor_leste,2011,34.000
timor_leste,2012,34.000
timor_leste,2013,34.000
timor_leste,2014,34.000
timor_leste,2015,34.000
timor_leste,2016,34.000
timor_leste,2017,34.000
timor_leste,2018,34.000
timor_leste,2019,34.000
timor_leste,2020,34.000
timor_leste,2021,34.000
timor_leste,2022,34.000
togo,1990,0.98500
togo,1991,1.0287
togo,1992,1.0723
togo,1993,1.1160
togo,1994,1.1597
togo,1995,1.2033
togo,1996,1.2470
togo,1997,1.2470
togo,1998,1.2470
togo,1999,1.2470
togo,2000,1.2470
togo,2001,1.2470
togo,2002,1.2470
togo,2003,1.2470
togo,2004,1.2470
togo,2005,1.2470
togo,2006,1.2470
togo,2007,1.2470
togo,2008,1.2470
togo,2009,1.2470
togo,2010,1.2470
togo,2011,1.2470
togo,2012,1.2470
togo,2013,1.2470
togo,2014,1.2470
togo,2015,1.2470
togo,2016,1.2470
togo,2017,1.2470
togo,2018,1.2470
togo,2019,1.2470
togo,2020,1.2470
togo,2021,1.2470
togo,2022,1.2470
tunisia,1992,178.00
tunisia,1993,180.19
tunisia,1994,182.38
tunisia,1995,184.56
tunisia,1996,186.75
tunisia,1997,188.94
tunisia,1998,191.13
tunisia,1999,193.31
tunisia,2000,195.50
tunisia,2001,201.21
tunisia,2002,206.92
tunisia,2003,212.63
tunisia,2004,218.34
tunisia,2005,224.05
tunisia,2006,229.75
tunisia,2007,235.46
tunisia,2008,241.17
tunisia,2009,246.88
tunisia,2010,252.59
tunisia,2011,258.30
tunisia,2012,258.30
tunisia,2013,258.30
tunisia,2014,258.30
tunisia,2015,258.30
tunisia,2016,258.30
tunisia,2017,258.30
tunisia,2018,258.30
tunisia,2019,258.30
tunisia,2020,258.30
tunisia,2021,258.30
tunisia,2022,258.30
turkiye,2004,3392.0
turkiye,2005,3392.0
turkiye,2006,3392.0
turkiye,2007,3392.0
turkiye,2008,3392.0
turkiye,2009,3392.0
turkiye,2010,3392.0
turkiye,2011,3392.0
turkiye,2012,3392.0
turkiye,2013,3392.0
turkiye,2014,3392.0
turkiye,2015,3392.0
turkiye,2016,3392.0
turkiye,2017,3392.0
turkiye,2018,3392.0
turkiye,2019,3392.0
turkiye,2020,3392.0
turkiye,2021,3392.0
turkiye,2022,3392.0
turkmenistan,1994,1418.0
turkmenistan,1995,1451.8
turkmenistan,1996,1485.5
turkmenistan,1997,1519.3
turkmenistan,1998,1553.0
turkmenistan,1999,1586.8
turkmenistan,2000,1620.5
turkmenistan,2001,1654.3
turkmenistan,2002,1688.0
turkmenistan,2003,1721.8
turkmenistan,2004,1755.5
turkmenistan,2005,1789.3
turkmenistan,2006,1823.0
turkmenistan,2007,1823.0
turkmenistan,2008,1823.0
turkmenistan,2009,1823.0
turkmenistan,2010,1823.0
turkmenistan,2011,1823.0
turkmenistan,2012,1823.0
turkmenistan,2013,1823.0
turkmenistan,2014,1823.0
turkmenistan,2015,1823.0
turkmenistan,2016,1823.0
turkmenistan,2017,1823.0
turkmenistan,2018,1823.0
turkmenistan,2019,1823.0
turkmenistan,2020,1823.0
turkmenistan,2021,1823.0
turkmenistan,2022,1823.0
uganda,2012,15.150
uganda,2013,15.150
uganda,2014,15.150
uganda,2015,15.150
uganda,2016,15.150
uganda,2017,15.150
uganda,2018,15.150
uganda,2019,15.150
uganda,2020,15.150
uganda,2021,15.150
uganda,2022,15.150
ukraine,2003,475.00
ukraine,2004,475.00
ukraine,2005,475.00
ukraine,2006,475.00
ukraine,2007,475.00
ukraine,2008,475.00
ukraine,2009,475.00
ukraine,2010,475.00
ukraine,2011,475.00
ukraine,2012,475.00
ukraine,2013,475.00
ukraine,2014,475.00
ukraine,2015,475.00
ukraine,2016,475.00
ukraine,2017,475.00
ukraine,2018,475.00
ukraine,2019,475.00
ukraine,2020,475.00
ukraine,2021,475.00
ukraine,2022,475.00
united_arab_emirates,1993,21.680
united_arab_emirates,1994,23.343
united_arab_emirates,1995,25.006
united_arab_emirates,1996,26.669
united_arab_emirates,1997,28.332
united_arab_emirates,1998,29.995
united_arab_emirates,1999,31.658
united_arab_emirates,2000,33.321
united_arab_emirates,2001,34.984
united_arab_emirates,2002,36.647
united_arab_emirates,2003,38.310
united_arab_emirates,2004,38.310
united_arab_emirates,2005,38.310
united_arab_emirates,2006,38.310
united_arab_emirates,2007,38.310
united_arab_emirates,2008,38.310
united_arab_emirates,2009,38.310
united_arab_emirates,2010,38.310
united_arab_emirates,2011,38.310
united_arab_emirates,2012,38.310
united_arab_emirates,2013,38.310
united_arab_emirates,2014,38.310
united_arab_emirates,2015,38.310
united_arab_emirates,2016,38.310
united_arab_emirates,2017,38.310
united_arab_emirates,2018,38.310
united_arab_emirates,2019,38.310
united_arab_emirates,2020,38.310
united_arab_emirates,2021,38.310
united_arab_emirates,2022,38.310
united_kingdom_of_great_britain_and_northern_ireland,2007,122.60
united_kingdom_of_great_britain_and_northern_ireland,2008,122.60
united_kingdom_of_great_britain_and_northern_ireland,2009,122.60
united_kingdom_of_great_britain_and_northern_ireland,2010,122.60
united_kingdom_of_great_britain_and_northern_ireland,2011,122.60
united_kingdom_of_great_britain_and_northern_ireland,2012,122.60
united_kingdom_of_great_britain_and_northern_ireland,2013,122.60
united_kingdom_of_great_britain_and_northern_ireland,2014,122.60
united_kingdom_of_great_britain_and_northern_ireland,2015,122.60
united_kingdom_of_great_britain_and_northern_ireland,2016,122.60
united_kingdom_of_great_britain_and_northern_ireland,2017,122.60
united_kingdom_of_great_britain_and_northern_ireland,2018,122.60
united_kingdom_of_great_britain_and_northern_ireland,2019,122.60
united_kingdom_of_great_britain_and_northern_ireland,2020,122.60
united_kingdom_of_great_britain_and_northern_ireland,2021,122.60
united_kingdom_of_great_britain_and_northern_ireland,2022,122.60
united_republic_of_tanzania,2002,207.00
united_republic_of_tanzania,2003,217.79
united_republic_of_tanzania,2004,228.58
united_republic_of_tanzania,2005,239.37
united_republic_of_tanzania,2006,250.16
united_republic_of_tanzania,2007,260.95
united_republic_of_tanzania,2008,271.75
united_republic_of_tanzania,2009,282.54
united_republic_of_tanzania,2010,293.33
united_republic_of_tanzania,2011,304.12
united_republic_of_tanzania,2012,314.91
united_republic_of_tanzania,2013,325.70
united_republic_of_tanzania,2014,325.70
united_republic_of_tanzania,2015,325.70
united_republic_of_tanzania,2016,325.70
united_republic_of_tanzania,2017,325.70
united_republic_of_tanzania,2018,325.70
united_republic_of_tanzania,2019,325.70
united_republic_of_tanzania,2020,325.70
united_republic_of_tanzania,2021,325.70
united_republic_of_tanzania,2022,325.70
united_states_of_america,2008,20216
united_states_of_america,2009,20216
united_states_of_america,2010,20216
united_states_of_america,2011,20216
united_states_of_america,2012,20216
united_states_of_america,2013,20216
united_states_of_america,2014,20216
united_states_of_america,2015,20216
united_states_of_america,2016,20216
united_states_of_america,2017,20216
united_states_of_america,2018,20216
united_states_of_america,2019,20216
united_states_of_america,2020,20216
united_states_of_america,2021,20216
united_states_of_america,2022,20216
uruguay,2000,197.50
uruguay,2001,200.24
uruguay,2002,202.97
uruguay,2003,205.71
uruguay,2004,208.45
uruguay,2005,211.18
uruguay,2006,213.92
uruguay,2007,216.65
uruguay,2008,219.39
uruguay,2009,222.13
uruguay,2010,224.86
uruguay,2011,227.60
uruguay,2012,227.60
uruguay,2013,227.60
uruguay,2014,227.60
uruguay,2015,227.60
uruguay,2016,227.60
uruguay,2017,227.60
uruguay,2018,227.60
uruguay,2019,227.60
uruguay,2020,227.60
uruguay,2021,227.60
uruguay,2022,227.60
uzbekistan,1993,3244.0
uzbekistan,1994,3248.7
uzbekistan,1995,3253.3
uzbekistan,1996,3258.0
uzbekistan,1997,3262.7
uzbekistan,1998,3267.3
uzbekistan,1999,3272.0
uzbekistan,2000,3276.7
uzbekistan,2001,3281.3
uzbekistan,2002,3286.0
uzbekistan,2003,3290.7
uzbekistan,2004,3295.3
uzbekistan,2005,3300.0
uzbekistan,2006,3300.0
uzbekistan,2007,3300.0
uzbekistan,2008,3300.0
uzbekistan,2009,3300.0
uzbekistan,2010,3300.0
uzbekistan,2011,3300.0
uzbekistan,2012,3300.0
uzbekistan,2013,3300.0
uzbekistan,2014,3300.0
uzbekistan,2015,3300.0
uzbekistan,2016,3300.0
uzbekistan,2017,3300.0
uzbekistan,2018,3300.0
uzbekistan,2019,3300.0
uzbekistan,2020,3300.0
uzbekistan,2021,3300.0
uzbekistan,2022,3300.0
venezuela_bolivarian_republic_of,2008,426.10
venezuela_bolivarian_republic_of,2009,426.10
venezuela_bolivarian_republic_of,2010,426.10
venezuela_bolivarian_republic_of,2011,426.10
venezuela_bolivarian_republic_of,2012,426.10
venezuela_bolivarian_republic_of,2013,426.10
venezuela_bolivarian_republic_of,2014,426.10
venezuela_bolivarian_republic_of,2015,426.10
venezuela_bolivarian_republic_of,2016,426.10
venezuela_bolivarian_republic_of,2017,426.10
venezuela_bolivarian_republic_of,2018,426.10
venezuela_bolivarian_republic_of,2019,426.10
venezuela_bolivarian_republic_of,2020,426.10
venezuela_bolivarian_republic_of,2021,426.10
venezuela_bolivarian_republic_of,2022,426.10
viet_nam,1997,5800.0
viet_nam,1998,6042.9
viet_nam,1999,6285.8
viet_nam,2000,6528.6
viet_nam,2001,6771.5
viet_nam,2002,7014.4
viet_nam,2003,7257.3
viet_nam,2004,7500.1
viet_nam,2005,7743.0
viet_nam,2006,7743.0
viet_nam,2007,7743.0
viet_nam,2008,7743.0
viet_nam,2009,7743.0
viet_nam,2010,7743.0
viet_nam,2011,7743.0
viet_nam,2012,7743.0
viet_nam,2013,7743.0
viet_nam,2014,7743.0
viet_nam,2015,7743.0
viet_nam,2016,7743.0
viet_nam,2017,7743.0
viet_nam,2018,7743.0
viet_nam,2019,7743.0
viet_nam,2020,7743.0
viet_nam,2021,7743.0
viet_nam,2022,7743.0
yemen,2004,332.80
yemen,2005,332.80
yemen,2006,332.80
yemen,2007,332.80
yemen,2008,332.80
yemen,2009,332.80
yemen,2010,332.80
yemen,2011,332.80
yemen,2012,332.80
yemen,2013,332.80
yemen,2014,332.80
yemen,2015,332.80
yemen,2016,332.80
yemen,2017,332.80
yemen,2018,332.80
yemen,2019,332.80
yemen,2020,332.80
yemen,2021,332.80
yemen,2022,332.80
zambia,1991,46.400
zambia,1992,46.227
zambia,1993,46.055
zambia,1994,45.882
zambia,1995,45.709
zambia,1996,45.536
zambia,1997,45.364
zambia,1998,45.191
zambia,1999,45.018
zambia,2000,44.845
zambia,2001,44.673
zambia,2002,44.500
zambia,2003,44.500
zambia,2004,44.500
zambia,2005,44.500
zambia,2006,44.500
zambia,2007,44.500
zambia,2008,44.500
zambia,2009,44.500
zambia,2010,44.500
zambia,2011,44.500
zambia,2012,44.500
zambia,2013,44.500
zambia,2014,44.500
zambia,2015,44.500
zambia,2016,44.500
zambia,2017,44.500
zambia,2018,44.500
zambia,2019,44.500
zambia,2020,44.500
zambia,2021,44.500
zambia,2022,44.500
zimbabwe,1989,178.50
zimbabwe,1990,179.52
zimbabwe,1991,180.54
zimbabwe,1992,181.56
zimbabwe,1993,182.58
zimbabwe,1994,183.60
zimbabwe,1995,184.62
zimbabwe,1996,185.64
zimbabwe,1997,186.66
zimbabwe,1998,187.68
zimbabwe,1999,188.70
zimbabwe,2000,188.70
zimbabwe,2001,188.70
zimbabwe,2002,188.70
zimbabwe,2003,188.70
zimbabwe,2004,188.70
zimbabwe,2005,188.70
zimbabwe,2006,188.70
zimbabwe,2007,188.70
zimbabwe,2008,188.70
zimbabwe,2009,188.70
zimbabwe,2010,188.70
zimbabwe,2011,188.70
zimbabwe,2012,188.70
zimbabwe,2013,188.70
zimbabwe,2014,188.70
zimbabwe,2015,188.70
zimbabwe,2016,188.70
zimbabwe,2017,188.70
zimbabwe,2018,188.70
zimbabwe,2019,188.70
zimbabwe,2020,188.70
zimbabwe,2021,188.70
zimbabwe,2022,188.70
