area,year,irrigated_cropping_intensity
afghanistan,2011,114.77
afghanistan,2012,106.46
afghanistan,2013,105.02
afghanistan,2014,104.02
afghanistan,2015,99.954
afghanistan,2016,100.51
afghanistan,2017,100.51
afghanistan,2018,100.51
afghanistan,2019,100.51
afghanistan,2020,100.51
afghanistan,2021,100.51
afghanistan,2022,100.51
albania,2006,100.00
albania,2007,96.432
albania,2008,87.108
albania,2009,50.122
albania,2010,50.220
albania,2011,50.245
albania,2012,50.171
albania,2013,50.024
albania,2014,49.045
albania,2015,45.644
albania,2016,44.420
albania,2017,60.058
albania,2018,58.352
albania,2019,57.374
albania,2020,56.429
albania,2021,54.628
albania,2022,53.882
algeria,2001,100.00
algeria,2002,101.40
algeria,2003,102.54
algeria,2004,103.49
algeria,2005,104.30
algeria,2006,104.99
algeria,2007,105.58
algeria,2008,106.10
algeria,2009,105.37
algeria,2010,104.71
algeria,2011,104.13
algeria,2012,103.60
algeria,2013,108.30
algeria,2014,113.00
algeria,2015,117.70
algeria,2016,122.40
algeria,2017,127.10
algeria,2018,131.81
algeria,2019,136.51
algeria,2020,141.21
algeria,2021,140.71
algeria,2022,147.23
angola,2005,100.00
angola,2006,100.00
angola,2007,100.00
angola,2008,100.00
angola,2009,100.00
angola,2010,100.00
angola,2011,100.00
angola,2012,100.00
angola,2013,100.00
angola,2014,100.00
angola,2015,100.00
angola,2016,100.00
angola,2017,100.00
angola,2018,100.00
angola,2019,100.00
angola,2020,100.00
angola,2021,100.00
angola,2022,100.00
antigua_and_barbuda,2014,100.00
antigua_and_barbuda,2015,100.00
antigua_and_barbuda,2016,100.00
antigua_and_barbuda,2017,100.00
antigua_and_barbuda,2018,100.00
antigua_and_barbuda,2019,100.00
antigua_and_barbuda,2020,100.00
antigua_and_barbuda,2021,100.00
antigua_and_barbuda,2022,100.00
argentina,1997,118.26
argentina,1998,122.61
argentina,1999,126.91
argentina,2000,131.14
argentina,2001,135.32
argentina,2002,139.45
argentina,2003,135.53
argentina,2004,132.06
argentina,2005,128.98
argentina,2006,126.22
argentina,2007,123.73
argentina,2008,121.48
argentina,2009,115.99
argentina,2010,110.98
argentina,2011,106.38
argentina,2012,114.45
argentina,2013,123.83
argentina,2014,134.89
argentina,2015,148.12
argentina,2016,164.23
argentina,2017,184.28
argentina,2018,209.89
argentina,2019,209.89
argentina,2020,209.89
argentina,2021,209.89
argentina,2022,209.89
armenia,1995,100.00
armenia,1996,100.00
armenia,1997,100.00
armenia,1998,100.00
armenia,1999,100.00
armenia,2000,100.00
armenia,2001,100.00
armenia,2002,100.00
armenia,2003,100.00
armenia,2004,100.00
armenia,2005,100.00
armenia,2006,100.00
armenia,2007,102.24
armenia,2008,104.68
armenia,2009,107.34
armenia,2010,110.26
armenia,2011,113.47
armenia,2012,117.03
armenia,2013,121.00
armenia,2014,125.44
armenia,2015,130.44
armenia,2016,125.39
armenia,2017,130.77
armenia,2018,99.635
armenia,2019,100.00
armenia,2020,100.00
armenia,2021,100.00
armenia,2022,100.23
australia,2008,100.00
australia,2009,100.00
australia,2010,100.00
australia,2011,100.00
australia,2012,100.00
australia,2013,100.00
australia,2014,100.00
australia,2015,99.985
australia,2016,100.00
australia,2017,100.00
australia,2018,100.00
australia,2019,100.00
australia,2020,100.00
australia,2021,100.00
australia,2022,100.00
austria,2008,114.86
austria,2009,135.06
austria,2010,163.90
austria,2011,124.43
austria,2012,100.28
austria,2013,83.978
austria,2014,91.982
austria,2015,101.67
austria,2016,113.64
austria,2017,113.64
austria,2018,113.64
austria,2019,113.64
austria,2020,113.64
austria,2021,113.64
austria,2022,113.64
azerbaijan,1995,56.756
azerbaijan,1996,62.282
azerbaijan,1997,67.815
azerbaijan,1998,71.986
azerbaijan,1999,76.763
azerbaijan,2000,82.397
azerbaijan,2001,87.966
azerbaijan,2002,92.617
azerbaijan,2003,97.715
azerbaijan,2004,102.65
azerbaijan,2005,101.67
azerbaijan,2006,101.06
azerbaijan,2007,100.45
azerbaijan,2008,99.468
azerbaijan,2009,99.148
azerbaijan,2010,98.389
azerbaijan,2011,97.703
azerbaijan,2012,96.733
azerbaijan,2013,95.628
azerbaijan,2014,94.601
azerbaijan,2015,93.855
azerbaijan,2016,92.839
azerbaijan,2017,91.698
azerbaijan,2018,91.026
azerbaijan,2019,90.354
azerbaijan,2020,89.683
azerbaijan,2021,89.928
azerbaijan,2022,89.834
bahrain,1994,100.00
bahrain,1995,104.48
bahrain,1996,108.95
bahrain,1997,113.43
bahrain,1998,117.90
bahrain,1999,122.38
bahrain,2000,126.86
bahrain,2001,126.86
bahrain,2002,126.86
bahrain,2003,126.86
bahrain,2004,126.86
bahrain,2005,126.86
bahrain,2006,126.86
bahrain,2007,126.86
bahrain,2008,126.86
bahrain,2009,126.86
bahrain,2010,126.86
bahrain,2011,126.86
bahrain,2012,126.86
bahrain,2013,126.86
bahrain,2014,126.86
bahrain,2015,126.86
bahrain,2016,126.86
bahrain,2017,126.86
bahrain,2018,126.86
bahrain,2019,126.86
bahrain,2020,126.86
bahrain,2021,126.86
bahrain,2022,126.86
bangladesh,1989,99.963
bangladesh,1990,107.16
bangladesh,1991,110.56
bangladesh,1992,113.36
bangladesh,1993,116.16
bangladesh,1994,118.96
bangladesh,1995,126.05
bangladesh,1996,133.15
bangladesh,1997,140.24
bangladesh,1998,147.34
bangladesh,1999,154.43
bangladesh,2000,161.53
bangladesh,2001,168.63
bangladesh,2002,175.72
bangladesh,2003,182.82
bangladesh,2004,189.91
bangladesh,2005,197.01
bangladesh,2006,204.11
bangladesh,2007,211.20
bangladesh,2008,218.30
bangladesh,2009,218.30
bangladesh,2010,218.30
bangladesh,2011,218.30
bangladesh,2012,218.30
bangladesh,2013,218.30
bangladesh,2014,218.30
bangladesh,2015,218.30
bangladesh,2016,218.30
bangladesh,2017,218.30
bangladesh,2018,218.30
bangladesh,2019,218.30
bangladesh,2020,218.30
bangladesh,2021,218.30
bangladesh,2022,218.30
belarus,2011,100.00
belarus,2012,100.00
belarus,2013,100.00
belarus,2014,100.00
belarus,2015,100.00
belarus,2016,100.00
belarus,2017,100.00
belarus,2018,138.99
belarus,2019,100.47
belarus,2020,100.00
belarus,2021,100.00
belarus,2022,97.183
belgium,2008,109.48
belgium,2009,120.42
belgium,2010,133.80
belgium,2011,119.92
belgium,2012,108.64
belgium,2013,99.303
belgium,2014,99.303
belgium,2015,99.303
belgium,2016,99.303
belgium,2017,99.303
belgium,2018,99.303
belgium,2019,99.303
belgium,2020,99.303
belgium,2021,99.303
belgium,2022,99.303
belize,1997,100.00
belize,1998,100.00
belize,1999,100.00
belize,2000,100.00
belize,2001,100.00
belize,2002,100.00
belize,2003,100.00
belize,2004,100.00
belize,2005,100.00
belize,2006,100.00
belize,2007,100.00
belize,2008,100.00
belize,2009,100.00
belize,2010,100.00
belize,2011,100.00
belize,2012,100.00
belize,2013,100.00
belize,2014,100.00
belize,2015,100.00
belize,2016,100.00
belize,2017,100.00
belize,2018,100.00
belize,2019,100.00
belize,2020,100.00
belize,2021,100.00
belize,2022,100.00
benin,2002,176.51
benin,2003,163.10
benin,2004,152.63
benin,2005,144.24
benin,2006,137.36
benin,2007,131.61
benin,2008,126.74
benin,2009,126.74
benin,2010,126.74
benin,2011,126.74
benin,2012,126.74
benin,2013,126.74
benin,2014,126.74
benin,2015,126.74
benin,2016,126.74
benin,2017,126.74
benin,2018,126.74
benin,2019,126.74
benin,2020,126.74
benin,2021,126.74
benin,2022,126.74
bhutan,1995,104.11
bhutan,1996,104.75
bhutan,1997,105.39
bhutan,1998,106.03
bhutan,1999,106.66
bhutan,2000,107.29
bhutan,2001,107.92
bhutan,2002,108.54
bhutan,2003,109.17
bhutan,2004,109.79
bhutan,2005,110.40
bhutan,2006,111.02
bhutan,2007,111.63
bhutan,2008,111.63
bhutan,2009,111.63
bhutan,2010,111.63
bhutan,2011,111.63
bhutan,2012,111.63
bhutan,2013,111.63
bhutan,2014,111.63
bhutan,2015,111.63
bhutan,2016,111.63
bhutan,2017,111.63
bhutan,2018,111.63
bhutan,2019,111.63
bhutan,2020,111.63
bhutan,2021,111.63
bhutan,2022,111.63
bolivia_plurinational_state_of,2008,103.70
bolivia_plurinational_state_of,2009,100.55
bolivia_plurinational_state_of,2010,97.587
bolivia_plurinational_state_of,2011,103.70
bolivia_plurinational_state_of,2012,92.621
bolivia_plurinational_state_of,2013,85.482
bolivia_plurinational_state_of,2014,78.188
bolivia_plurinational_state_of,2015,70.917
bolivia_plurinational_state_of,2016,66.683
bolivia_plurinational_state_of,2017,63.000
bolivia_plurinational_state_of,2018,58.798
bolivia_plurinational_state_of,2019,55.338
bolivia_plurinational_state_of,2020,53.550
bolivia_plurinational_state_of,2021,51.389
bolivia_plurinational_state_of,2022,50.920
botswana,1992,105.98
botswana,1993,100.37
botswana,1994,95.203
botswana,1995,90.434
botswana,1996,86.017
botswana,1997,81.916
botswana,1998,78.097
botswana,1999,74.532
botswana,2000,71.198
botswana,2001,68.071
botswana,2002,65.134
botswana,2003,68.978
botswana,2004,72.603
botswana,2005,76.027
botswana,2006,79.266
botswana,2007,82.335
botswana,2008,85.246
botswana,2009,88.012
botswana,2010,90.644
botswana,2011,93.150
botswana,2012,95.539
botswana,2013,97.820
botswana,2014,100.00
botswana,2015,100.00
botswana,2016,100.00
botswana,2017,100.00
botswana,2018,100.66
botswana,2019,101.31
botswana,2020,101.97
botswana,2021,91.836
botswana,2022,100.80
brazil,2006,119.65
brazil,2007,123.58
brazil,2008,127.45
brazil,2009,131.25
brazil,2010,135.00
brazil,2011,138.68
brazil,2012,142.30
brazil,2013,145.87
brazil,2014,149.37
brazil,2015,149.88
brazil,2016,150.36
brazil,2017,139.41
brazil,2018,145.13
brazil,2019,151.11
brazil,2020,157.80
brazil,2021,158.85
brazil,2022,165.05
brunei_darussalam,1995,158.73
brunei_darussalam,1996,158.73
brunei_darussalam,1997,158.73
brunei_darussalam,1998,158.73
brunei_darussalam,1999,158.73
brunei_darussalam,2000,158.73
brunei_darussalam,2001,158.73
brunei_darussalam,2002,158.73
brunei_darussalam,2003,158.73
brunei_darussalam,2004,158.73
brunei_darussalam,2005,158.73
brunei_darussalam,2006,158.73
brunei_darussalam,2007,158.73
brunei_darussalam,2008,158.73
brunei_darussalam,2009,158.73
brunei_darussalam,2010,158.73
brunei_darussalam,2011,158.73
brunei_darussalam,2012,158.73
brunei_darussalam,2013,158.73
brunei_darussalam,2014,158.73
brunei_darussalam,2015,158.73
brunei_darussalam,2016,158.73
brunei_darussalam,2017,158.73
brunei_darussalam,2018,158.73
brunei_darussalam,2019,158.73
brunei_darussalam,2020,158.73
brunei_darussalam,2021,158.73
brunei_darussalam,2022,158.73
bulgaria,2008,111.29
bulgaria,2009,125.46
bulgaria,2010,241.73
bulgaria,2011,179.31
bulgaria,2012,179.31
bulgaria,2013,179.31
bulgaria,2014,179.31
bulgaria,2015,179.31
bulgaria,2016,179.31
bulgaria,2017,179.31
bulgaria,2018,179.31
bulgaria,2019,179.31
bulgaria,2020,179.31
bulgaria,2021,179.31
bulgaria,2022,179.31
burkina_faso,2001,135.04
burkina_faso,2002,137.44
burkina_faso,2003,139.49
burkina_faso,2004,141.25
burkina_faso,2005,142.78
burkina_faso,2006,144.13
burkina_faso,2007,145.33
burkina_faso,2008,146.39
burkina_faso,2009,147.35
burkina_faso,2010,148.21
burkina_faso,2011,148.99
burkina_faso,2012,148.99
burkina_faso,2013,148.99
burkina_faso,2014,148.99
burkina_faso,2015,148.99
burkina_faso,2016,148.99
burkina_faso,2017,148.99
burkina_faso,2018,148.99
burkina_faso,2019,148.99
burkina_faso,2020,148.99
burkina_faso,2021,148.99
burkina_faso,2022,148.99
burundi,2000,156.05
burundi,2001,156.05
burundi,2002,156.05
burundi,2003,156.05
burundi,2004,156.05
burundi,2005,156.05
burundi,2006,156.05
burundi,2007,156.05
burundi,2008,156.05
burundi,2009,156.05
burundi,2010,156.05
burundi,2011,156.05
burundi,2012,156.05
burundi,2013,156.05
burundi,2014,156.05
burundi,2015,156.05
burundi,2016,156.05
burundi,2017,156.05
burundi,2018,156.05
burundi,2019,156.05
burundi,2020,156.05
burundi,2021,156.05
burundi,2022,156.05
cabo_verde,1985,128.17
cabo_verde,1986,127.38
cabo_verde,1987,126.59
cabo_verde,1988,125.80
cabo_verde,1989,125.04
cabo_verde,1990,124.28
cabo_verde,1991,123.52
cabo_verde,1992,122.76
cabo_verde,1993,122.00
cabo_verde,1994,121.25
cabo_verde,1995,120.49
cabo_verde,1996,119.74
cabo_verde,1997,118.99
cabo_verde,1998,123.28
cabo_verde,1999,127.94
cabo_verde,2000,133.03
cabo_verde,2001,138.60
cabo_verde,2002,144.73
cabo_verde,2003,151.50
cabo_verde,2004,159.02
cabo_verde,2005,174.08
cabo_verde,2006,191.02
cabo_verde,2007,210.21
cabo_verde,2008,232.15
cabo_verde,2009,257.46
cabo_verde,2010,286.99
cabo_verde,2011,321.89
cabo_verde,2012,363.77
cabo_verde,2013,414.96
cabo_verde,2014,478.94
cabo_verde,2015,561.20
cabo_verde,2016,670.89
cabo_verde,2017,824.44
cabo_verde,2018,1054.8
cabo_verde,2019,1438.7
cabo_verde,2020,2158.0
cabo_verde,2021,4316.0
cabo_verde,2022,172.64
cambodia,2006,121.22
cambodia,2007,121.22
cambodia,2008,121.22
cambodia,2009,121.22
cambodia,2010,121.22
cambodia,2011,121.22
cambodia,2012,121.22
cambodia,2013,121.22
cambodia,2014,121.22
cambodia,2015,121.22
cambodia,2016,121.22
cambodia,2017,121.22
cambodia,2018,121.22
cambodia,2019,121.22
cambodia,2020,121.22
cambodia,2021,121.22
cambodia,2022,121.22
cameroon,2000,151.45
cameroon,2001,151.45
cameroon,2002,151.45
cameroon,2003,151.45
cameroon,2004,151.45
cameroon,2005,151.45
cameroon,2006,151.45
cameroon,2007,151.45
cameroon,2008,151.45
cameroon,2009,151.45
cameroon,2010,151.45
cameroon,2011,151.45
cameroon,2012,151.45
cameroon,2013,151.45
cameroon,2014,151.45
cameroon,2015,151.45
cameroon,2016,151.45
cameroon,2017,151.45
cameroon,2018,151.45
cameroon,2019,151.45
cameroon,2020,151.45
cameroon,2021,151.45
cameroon,2022,151.45
canada,2010,145.69
canada,2011,129.34
canada,2012,114.71
canada,2013,107.39
canada,2014,100.01
canada,2015,100.00
canada,2016,100.00
canada,2017,99.834
canada,2018,99.666
canada,2019,106.21
canada,2020,113.68
canada,2021,100.97
canada,2022,90.809
central_african_republic,1987,130.43
central_african_republic,1988,130.43
central_african_republic,1989,130.43
central_african_republic,1990,130.43
central_african_republic,1991,130.43
central_african_republic,1992,130.43
central_african_republic,1993,130.43
central_african_republic,1994,130.43
central_african_republic,1995,130.43
central_african_republic,1996,130.43
central_african_republic,1997,130.43
central_african_republic,1998,130.43
central_african_republic,1999,130.43
central_african_republic,2000,130.43
central_african_republic,2001,130.43
central_african_republic,2002,130.43
central_african_republic,2003,130.43
central_african_republic,2004,130.43
central_african_republic,2005,130.43
central_african_republic,2006,130.43
central_african_republic,2007,130.43
central_african_republic,2008,130.43
central_african_republic,2009,130.43
central_african_republic,2010,130.43
central_african_republic,2011,130.43
central_african_republic,2012,130.43
central_african_republic,2013,130.43
central_african_republic,2014,130.43
central_african_republic,2015,130.43
central_african_republic,2016,130.43
central_african_republic,2017,130.43
central_african_republic,2018,130.43
central_african_republic,2019,130.43
central_african_republic,2020,130.43
central_african_republic,2021,130.43
central_african_republic,2022,130.43
chad,2002,102.29
chad,2003,102.29
chad,2004,102.29
chad,2005,102.29
chad,2006,102.29
chad,2007,102.29
chad,2008,102.29
chad,2009,102.29
chad,2010,102.29
chad,2011,102.29
chad,2012,102.29
chad,2013,102.29
chad,2014,102.29
chad,2015,102.29
chad,2016,102.29
chad,2017,102.29
chad,2018,102.29
chad,2019,102.29
chad,2020,102.29
chad,2021,102.29
chad,2022,102.29
chile,2007,100.00
chile,2008,98.768
chile,2009,97.536
chile,2010,96.304
chile,2011,95.072
chile,2012,93.840
chile,2013,92.607
chile,2014,91.375
chile,2015,90.143
chile,2016,90.144
chile,2017,90.144
chile,2018,90.144
chile,2019,90.144
chile,2020,90.144
chile,2021,90.144
chile,2022,90.144
china,2006,176.11
china,2007,174.17
china,2008,172.27
china,2009,170.41
china,2010,168.60
china,2011,166.82
china,2012,165.07
china,2013,163.37
china,2014,153.61
china,2015,144.96
china,2016,142.22
china,2017,140.80
china,2018,139.86
china,2019,139.03
china,2020,138.06
china,2021,138.06
china,2022,138.06
colombia,2011,132.99
colombia,2012,135.48
colombia,2013,138.06
colombia,2014,140.75
colombia,2015,143.54
colombia,2016,146.44
colombia,2017,149.46
colombia,2018,161.30
colombia,2019,161.30
colombia,2020,161.30
colombia,2021,161.30
colombia,2022,161.30
congo,1993,200.00
congo,1994,200.00
congo,1995,200.00
congo,1996,200.00
congo,1997,200.00
congo,1998,200.00
congo,1999,200.00
congo,2000,200.00
congo,2001,200.00
congo,2002,200.00
congo,2003,200.00
congo,2004,200.00
congo,2005,200.00
congo,2006,200.00
congo,2007,200.00
congo,2008,200.00
congo,2009,200.00
congo,2010,200.00
congo,2011,200.00
congo,2012,200.00
congo,2013,200.00
congo,2014,200.00
congo,2015,200.00
congo,2016,200.00
congo,2017,200.00
congo,2018,200.00
congo,2019,200.00
congo,2020,200.00
congo,2021,200.00
congo,2022,200.00
costa_rica,2013,100.00
costa_rica,2014,142.56
costa_rica,2015,142.56
costa_rica,2016,142.56
costa_rica,2017,142.56
costa_rica,2018,142.56
costa_rica,2019,142.56
costa_rica,2020,142.56
costa_rica,2021,142.56
costa_rica,2022,142.56
cote_d_ivoire,2008,100.00
cote_d_ivoire,2009,107.82
cote_d_ivoire,2010,115.64
cote_d_ivoire,2011,123.46
cote_d_ivoire,2012,131.28
cote_d_ivoire,2013,139.10
cote_d_ivoire,2014,146.92
cote_d_ivoire,2015,146.92
cote_d_ivoire,2016,146.92
cote_d_ivoire,2017,146.92
cote_d_ivoire,2018,146.92
cote_d_ivoire,2019,146.92
cote_d_ivoire,2020,146.92
cote_d_ivoire,2021,146.92
cote_d_ivoire,2022,146.92
cuba,2007,43.627
cuba,2008,56.520
cuba,2009,68.519
cuba,2010,79.715
cuba,2011,90.186
cuba,2012,100.00
cuba,2013,100.00
cuba,2014,100.00
cuba,2015,100.00
cuba,2016,100.00
cuba,2017,100.00
cuba,2018,100.00
cuba,2019,100.00
cuba,2020,100.00
cuba,2021,100.00
cuba,2022,100.00
cyprus,2010,114.57
cyprus,2011,113.93
cyprus,2012,110.55
cyprus,2013,115.42
cyprus,2014,112.75
cyprus,2015,100.03
cyprus,2016,106.52
cyprus,2017,106.61
cyprus,2018,113.21
cyprus,2019,108.08
cyprus,2020,109.94
cyprus,2021,112.07
cyprus,2022,113.48
czechia,2007,100.00
czechia,2008,101.20
czechia,2009,102.44
czechia,2010,103.70
czechia,2011,106.21
czechia,2012,108.84
czechia,2013,111.60
czechia,2014,98.434
czechia,2015,88.045
czechia,2016,79.640
czechia,2017,82.086
czechia,2018,84.687
czechia,2019,87.459
czechia,2020,90.418
czechia,2021,90.418
czechia,2022,90.418
democratic_people_s_republic_of_korea,1995,100.00
democratic_people_s_republic_of_korea,1996,100.00
democratic_people_s_republic_of_korea,1997,100.00
democratic_people_s_republic_of_korea,1998,100.00
democratic_people_s_republic_of_korea,1999,100.00
democratic_people_s_republic_of_korea,2000,100.00
democratic_people_s_republic_of_korea,2001,100.00
democratic_people_s_republic_of_korea,2002,100.00
democratic_people_s_republic_of_korea,2003,100.00
democratic_people_s_republic_of_korea,2004,100.00
democratic_people_s_republic_of_korea,2005,100.00
democratic_people_s_republic_of_korea,2006,100.00
democratic_people_s_republic_of_korea,2007,100.00
democratic_people_s_republic_of_korea,2008,100.00
democratic_people_s_republic_of_korea,2009,100.00
democratic_people_s_republic_of_korea,2010,100.00
democratic_people_s_republic_of_korea,2011,100.00
democratic_people_s_republic_of_korea,2012,100.00
democratic_people_s_republic_of_korea,2013,100.00
democratic_people_s_republic_of_korea,2014,100.00
democratic_people_s_republic_of_korea,2015,100.00
democratic_people_s_republic_of_korea,2016,100.00
democratic_people_s_republic_of_korea,2017,100.00
democratic_people_s_republic_of_korea,2018,100.00
democratic_people_s_republic_of_korea,2019,100.00
democratic_people_s_republic_of_korea,2020,100.00
democratic_people_s_republic_of_korea,2021,100.00
democratic_people_s_republic_of_korea,2022,100.00
democratic_republic_of_the_congo,2000,163.60
democratic_republic_of_the_congo,2001,156.62
democratic_republic_of_the_congo,2002,149.63
democratic_republic_of_the_congo,2003,142.65
democratic_republic_of_the_congo,2004,135.66
democratic_republic_of_the_congo,2005,128.68
democratic_republic_of_the_congo,2006,121.69
democratic_republic_of_the_congo,2007,114.71
democratic_republic_of_the_congo,2008,114.71
democratic_republic_of_the_congo,2009,114.71
democratic_republic_of_the_congo,2010,114.71
democratic_republic_of_the_congo,2011,114.71
democratic_republic_of_the_congo,2012,114.71
democratic_republic_of_the_congo,2013,114.71
democratic_republic_of_the_congo,2014,114.71
democratic_republic_of_the_congo,2015,114.71
democratic_republic_of_the_congo,2016,114.71
democratic_republic_of_the_congo,2017,114.71
democratic_republic_of_the_congo,2018,114.71
democratic_republic_of_the_congo,2019,114.71
democratic_republic_of_the_congo,2020,114.71
democratic_republic_of_the_congo,2021,114.71
democratic_republic_of_the_congo,2022,114.71
denmark,2008,92.021
denmark,2009,85.221
denmark,2010,79.357
denmark,2011,86.389
denmark,2012,94.790
denmark,2013,105.00
denmark,2014,131.08
denmark,2015,174.40
denmark,2016,117.69
denmark,2017,117.64
denmark,2018,110.96
denmark,2019,83.039
denmark,2020,83.039
denmark,2021,83.039
denmark,2022,83.039
djibouti,1989,100.00
djibouti,1990,104.79
djibouti,1991,109.62
djibouti,1992,114.50
djibouti,1993,119.43
djibouti,1994,124.40
djibouti,1995,129.42
djibouti,1996,134.49
djibouti,1997,139.61
djibouti,1998,144.78
djibouti,1999,150.00
djibouti,2000,150.00
djibouti,2001,150.00
djibouti,2002,150.00
djibouti,2003,150.00
djibouti,2004,150.00
djibouti,2005,150.00
djibouti,2006,150.00
djibouti,2007,150.00
djibouti,2008,150.00
djibouti,2009,150.00
djibouti,2010,150.00
djibouti,2011,150.00
djibouti,2012,150.00
djibouti,2013,150.00
djibouti,2014,150.00
djibouti,2015,150.00
djibouti,2016,150.00
djibouti,2017,150.00
djibouti,2018,150.00
djibouti,2019,150.00
djibouti,2020,150.00
djibouti,2021,150.00
djibouti,2022,150.00
dominican_republic,2004,137.00
dominican_republic,2005,138.89
dominican_republic,2006,140.86
dominican_republic,2007,142.91
dominican_republic,2008,145.07
dominican_republic,2009,147.32
dominican_republic,2010,149.68
dominican_republic,2011,152.17
dominican_republic,2012,154.77
dominican_republic,2013,157.51
dominican_republic,2014,160.40
dominican_republic,2015,163.45
dominican_republic,2016,166.67
dominican_republic,2017,170.08
dominican_republic,2018,173.69
dominican_republic,2019,162.86
dominican_republic,2020,164.74
dominican_republic,2021,164.74
dominican_republic,2022,164.74
ecuador,2000,107.49
ecuador,2001,106.40
ecuador,2002,105.42
ecuador,2003,104.53
ecuador,2004,103.72
ecuador,2005,102.97
ecuador,2006,102.28
ecuador,2007,101.65
ecuador,2008,101.06
ecuador,2009,100.51
ecuador,2010,100.00
ecuador,2011,100.00
ecuador,2012,100.00
ecuador,2013,100.00
ecuador,2014,100.00
ecuador,2015,100.00
ecuador,2016,100.00
ecuador,2017,100.00
ecuador,2018,100.00
ecuador,2019,100.00
ecuador,2020,100.00
ecuador,2021,100.00
ecuador,2022,100.00
egypt,1993,165.71
egypt,1994,166.92
egypt,1995,168.12
egypt,1996,169.31
egypt,1997,170.48
egypt,1998,171.63
egypt,1999,172.78
egypt,2000,173.90
egypt,2001,175.02
egypt,2002,176.13
egypt,2003,177.24
egypt,2004,178.36
egypt,2005,179.48
egypt,2006,180.60
egypt,2007,181.71
egypt,2008,182.83
egypt,2009,183.95
egypt,2010,185.07
egypt,2011,185.07
egypt,2012,185.07
egypt,2013,185.07
egypt,2014,185.07
egypt,2015,185.07
egypt,2016,185.07
egypt,2017,185.07
egypt,2018,185.07
egypt,2019,185.07
egypt,2020,185.07
egypt,2021,185.07
egypt,2022,185.07
el_salvador,2007,100.00
el_salvador,2008,100.00
el_salvador,2009,100.00
el_salvador,2010,100.00
el_salvador,2011,100.00
el_salvador,2012,100.00
el_salvador,2013,9682.0
el_salvador,2014,19264
el_salvador,2015,28846
el_salvador,2016,38428
el_salvador,2017,48010
el_salvador,2018,57592
el_salvador,2019,67174
el_salvador,2020,76756
el_salvador,2021,86338
el_salvador,2022,95920
eritrea,1993,145.59
eritrea,1994,145.59
eritrea,1995,145.59
eritrea,1996,145.59
eritrea,1997,145.59
eritrea,1998,145.59
eritrea,1999,145.59
eritrea,2000,145.59
eritrea,2001,145.59
eritrea,2002,145.59
eritrea,2003,145.59
eritrea,2004,145.59
eritrea,2005,145.59
eritrea,2006,145.59
eritrea,2007,145.59
eritrea,2008,145.59
eritrea,2009,145.59
eritrea,2010,145.59
eritrea,2011,145.59
eritrea,2012,145.59
eritrea,2013,145.59
eritrea,2014,145.59
eritrea,2015,145.59
eritrea,2016,145.59
eritrea,2017,145.59
eritrea,2018,145.59
eritrea,2019,145.59
eritrea,2020,145.59
eritrea,2021,145.59
eritrea,2022,145.59
estonia,2010,100.00
estonia,2011,101.66
estonia,2012,103.38
estonia,2013,105.16
estonia,2014,105.16
estonia,2015,105.16
estonia,2016,105.16
estonia,2017,105.16
estonia,2018,105.16
estonia,2019,105.16
estonia,2020,105.16
estonia,2021,105.16
estonia,2022,105.16
eswatini,2002,101.43
eswatini,2003,101.43
eswatini,2004,101.43
eswatini,2005,101.43
eswatini,2006,101.43
eswatini,2007,101.43
eswatini,2008,101.43
eswatini,2009,101.43
eswatini,2010,101.43
eswatini,2011,101.43
eswatini,2012,101.43
eswatini,2013,101.43
eswatini,2014,101.43
eswatini,2015,101.43
eswatini,2016,101.43
eswatini,2017,101.43
eswatini,2018,101.43
eswatini,2019,101.43
eswatini,2020,101.43
eswatini,2021,101.43
eswatini,2022,101.43
finland,2010,100.00
finland,2011,103.39
finland,2012,107.88
finland,2013,114.13
finland,2014,107.66
finland,2015,100.00
finland,2016,100.00
finland,2017,100.00
finland,2018,100.00
finland,2019,100.00
finland,2020,100.00
finland,2021,100.00
finland,2022,100.00
france,2008,100.98
france,2009,100.84
france,2010,100.71
france,2011,100.57
france,2012,100.42
france,2013,100.27
france,2014,100.20
france,2015,100.12
france,2016,100.03
france,2017,100.02
france,2018,100.01
france,2019,100.01
france,2020,100.00
france,2021,100.00
france,2022,100.00
gabon,1987,141.27
gabon,1988,141.27
gabon,1989,141.27
gabon,1990,141.27
gabon,1991,141.27
gabon,1992,141.27
gabon,1993,141.27
gabon,1994,141.27
gabon,1995,141.27
gabon,1996,141.27
gabon,1997,141.27
gabon,1998,141.27
gabon,1999,141.27
gabon,2000,141.27
gabon,2001,141.27
gabon,2002,141.27
gabon,2003,141.27
gabon,2004,141.27
gabon,2005,141.27
gabon,2006,141.27
gabon,2007,141.27
gabon,2008,141.27
gabon,2009,141.27
gabon,2010,141.27
gabon,2011,141.27
gabon,2012,141.27
gabon,2013,141.27
gabon,2014,141.27
gabon,2015,141.27
gabon,2016,141.27
gabon,2017,141.27
gabon,2018,141.27
gabon,2019,141.27
gabon,2020,141.27
gabon,2021,141.27
gabon,2022,141.27
gambia,1999,200.00
gambia,2000,200.00
gambia,2001,200.00
gambia,2002,200.00
gambia,2003,200.00
gambia,2004,200.00
gambia,2005,200.00
gambia,2006,200.00
gambia,2007,200.00
gambia,2008,200.00
gambia,2009,200.00
gambia,2010,200.00
gambia,2011,200.00
gambia,2012,200.00
gambia,2013,200.00
gambia,2014,200.00
gambia,2015,200.00
gambia,2016,200.00
gambia,2017,200.00
gambia,2018,200.00
gambia,2019,200.00
gambia,2020,200.00
gambia,2021,200.00
gambia,2022,200.00
georgia,2006,110.79
georgia,2007,109.40
georgia,2008,107.84
georgia,2009,106.08
georgia,2010,104.09
georgia,2011,101.81
georgia,2012,99.179
georgia,2013,96.101
georgia,2014,92.458
georgia,2015,88.076
georgia,2016,82.707
georgia,2017,100.00
georgia,2018,100.00
georgia,2019,100.00
georgia,2020,100.00
georgia,2021,100.00
georgia,2022,100.00
germany,2006,100.00
germany,2007,87.163
germany,2008,77.247
germany,2009,69.357
germany,2010,62.929
germany,2011,60.371
germany,2012,58.012
germany,2013,55.831
germany,2014,53.807
germany,2015,51.926
germany,2016,51.931
germany,2017,49.916
germany,2018,48.050
germany,2019,46.320
germany,2020,46.320
germany,2021,46.320
germany,2022,46.320
ghana,2010,199.87
ghana,2011,203.44
ghana,2012,207.00
ghana,2013,210.57
ghana,2014,214.14
ghana,2015,217.71
ghana,2016,221.28
ghana,2017,221.28
ghana,2018,221.28
ghana,2019,221.28
ghana,2020,221.28
ghana,2021,221.28
ghana,2022,221.28
greece,2008,107.11
greece,2009,114.80
greece,2010,123.77
greece,2011,117.85
greece,2012,112.43
greece,2013,107.44
greece,2014,109.78
greece,2015,112.25
greece,2016,114.86
greece,2017,117.43
greece,2018,120.14
greece,2019,123.01
greece,2020,126.05
greece,2021,126.80
greece,2022,124.35
grenada,2008,100.00
grenada,2009,100.00
grenada,2010,100.00
grenada,2011,100.00
grenada,2012,100.00
grenada,2013,100.00
grenada,2014,100.00
grenada,2015,100.00
grenada,2016,100.00
grenada,2017,100.00
grenada,2018,100.00
grenada,2019,100.00
grenada,2020,100.00
grenada,2021,100.00
grenada,2022,100.00
guatemala,2007,112.78
guatemala,2008,112.78
guatemala,2009,112.78
guatemala,2010,112.78
guatemala,2011,112.78
guatemala,2012,112.78
guatemala,2013,112.78
guatemala,2014,112.78
guatemala,2015,112.78
guatemala,2016,112.78
guatemala,2017,112.78
guatemala,2018,112.78
guatemala,2019,112.78
guatemala,2020,112.78
guatemala,2021,112.78
guatemala,2022,112.78
guinea,2001,100.00
guinea,2002,100.00
guinea,2003,100.00
guinea,2004,100.00
guinea,2005,100.00
guinea,2006,100.00
guinea,2007,100.00
guinea,2008,100.00
guinea,2009,100.00
guinea,2010,100.00
guinea,2011,100.00
guinea,2012,100.00
guinea,2013,100.00
guinea,2014,100.00
guinea,2015,100.00
guinea,2016,100.00
guinea,2017,100.00
guinea,2018,100.00
guinea,2019,100.00
guinea,2020,100.00
guinea,2021,100.00
guinea,2022,100.00
guinea_bissau,1996,100.00
guinea_bissau,1997,100.00
guinea_bissau,1998,100.00
guinea_bissau,1999,100.00
guinea_bissau,2000,100.00
guinea_bissau,2001,100.00
guinea_bissau,2002,100.00
guinea_bissau,2003,100.00
guinea_bissau,2004,100.00
guinea_bissau,2005,100.00
guinea_bissau,2006,100.00
guinea_bissau,2007,100.00
guinea_bissau,2008,100.00
guinea_bissau,2009,100.00
guinea_bissau,2010,100.00
guinea_bissau,2011,100.00
guinea_bissau,2012,100.00
guinea_bissau,2013,100.00
guinea_bissau,2014,100.00
guinea_bissau,2015,100.00
guinea_bissau,2016,100.00
guinea_bissau,2017,100.00
guinea_bissau,2018,100.00
guinea_bissau,2019,100.00
guinea_bissau,2020,100.00
guinea_bissau,2021,100.00
guinea_bissau,2022,100.00
guyana,2010,140.39
guyana,2011,117.44
guyana,2012,94.497
guyana,2013,71.549
guyana,2014,48.601
guyana,2015,25.654
guyana,2016,2.7059
guyana,2017,2.7059
guyana,2018,2.7059
guyana,2019,2.7059
guyana,2020,2.7059
guyana,2021,2.7059
guyana,2022,2.7059
haiti,2009,141.57
haiti,2010,140.36
haiti,2011,139.18
haiti,2012,138.02
haiti,2013,136.88
haiti,2014,136.88
haiti,2015,136.88
haiti,2016,136.88
haiti,2017,136.88
haiti,2018,136.88
haiti,2019,136.88
haiti,2020,136.88
haiti,2021,136.88
haiti,2022,136.88
honduras,2006,88.203
honduras,2007,97.654
honduras,2008,107.11
honduras,2009,107.11
honduras,2010,107.11
honduras,2011,107.11
honduras,2012,107.11
honduras,2013,107.11
honduras,2014,107.11
honduras,2015,107.11
honduras,2016,107.11
honduras,2017,107.11
honduras,2018,107.11
honduras,2019,107.11
honduras,2020,107.11
honduras,2021,107.11
honduras,2022,107.11
hungary,2008,109.32
hungary,2009,81.811
hungary,2010,195.32
hungary,2011,86.667
hungary,2012,70.208
hungary,2013,73.754
hungary,2014,88.220
hungary,2015,108.80
hungary,2016,89.646
hungary,2017,85.023
hungary,2018,80.853
hungary,2019,77.073
hungary,2020,73.630
hungary,2021,71.236
hungary,2022,62.142
india,1962,114.81
india,1963,115.27
india,1964,115.72
india,1965,116.16
india,1966,116.59
india,1967,120.25
india,1968,121.47
india,1969,122.62
india,1970,123.70
india,1971,124.71
india,1972,124.21
india,1973,124.53
india,1974,124.84
india,1975,125.13
india,1976,125.41
india,1977,126.65
india,1978,126.61
india,1979,126.57
india,1980,126.53
india,1981,126.49
india,1982,126.49
india,1983,128.52
india,1984,130.51
india,1985,129.37
india,1986,129.64
india,1987,130.69
india,1988,130.91
india,1989,131.12
india,1990,131.42
india,1991,131.71
india,1992,132.59
india,1993,133.44
india,1994,133.10
india,1995,132.77
india,1996,132.46
india,1997,132.16
india,1998,131.87
india,1999,131.59
india,2000,131.32
india,2001,131.06
india,2002,130.82
india,2003,130.58
india,2004,130.34
india,2005,134.16
india,2006,136.20
india,2007,138.18
india,2008,140.09
india,2009,140.08
india,2010,140.07
india,2011,140.06
india,2012,140.06
india,2013,140.05
india,2014,140.05
india,2015,140.05
india,2016,140.05
india,2017,140.05
india,2018,140.05
india,2019,140.05
india,2020,140.05
india,2021,140.05
india,2022,140.05
indonesia,2005,199.17
indonesia,2006,199.17
indonesia,2007,199.17
indonesia,2008,199.17
indonesia,2009,199.17
indonesia,2010,199.17
indonesia,2011,199.17
indonesia,2012,199.17
indonesia,2013,199.17
indonesia,2014,199.17
indonesia,2015,199.17
indonesia,2016,199.17
indonesia,2017,199.17
indonesia,2018,199.17
indonesia,2019,199.17
indonesia,2020,199.17
indonesia,2021,199.17
indonesia,2022,199.17
iran_islamic_republic_of,1993,100.00
iran_islamic_republic_of,1994,102.74
iran_islamic_republic_of,1995,105.54
iran_islamic_republic_of,1996,108.38
iran_islamic_republic_of,1997,111.28
iran_islamic_republic_of,1998,114.23
iran_islamic_republic_of,1999,117.24
iran_islamic_republic_of,2000,120.31
iran_islamic_republic_of,2001,123.43
iran_islamic_republic_of,2002,126.61
iran_islamic_republic_of,2003,129.86
iran_islamic_republic_of,2004,127.29
iran_islamic_republic_of,2005,124.67
iran_islamic_republic_of,2006,121.99
iran_islamic_republic_of,2007,118.06
iran_islamic_republic_of,2008,114.13
iran_islamic_republic_of,2009,110.19
iran_islamic_republic_of,2010,106.26
iran_islamic_republic_of,2011,102.33
iran_islamic_republic_of,2012,98.400
iran_islamic_republic_of,2013,94.468
iran_islamic_republic_of,2014,90.536
iran_islamic_republic_of,2015,86.604
iran_islamic_republic_of,2016,82.673
iran_islamic_republic_of,2017,78.741
iran_islamic_republic_of,2018,74.809
iran_islamic_republic_of,2019,27.059
iran_islamic_republic_of,2020,74.685
iran_islamic_republic_of,2021,74.685
iran_islamic_republic_of,2022,74.685
iraq,2010,131.07
iraq,2011,131.82
iraq,2012,132.56
iraq,2013,133.31
iraq,2014,134.05
iraq,2015,134.80
iraq,2016,135.55
iraq,2017,136.29
iraq,2018,137.04
iraq,2019,137.04
iraq,2020,137.04
iraq,2021,137.04
iraq,2022,137.04
ireland,1998,100.00
ireland,1999,100.00
ireland,2000,100.00
ireland,2001,100.00
ireland,2002,100.00
ireland,2003,100.00
ireland,2004,100.00
ireland,2005,100.00
ireland,2006,100.00
ireland,2007,100.00
ireland,2008,100.00
ireland,2009,100.00
ireland,2010,100.00
ireland,2011,100.00
ireland,2012,100.00
ireland,2013,100.00
ireland,2014,100.00
ireland,2015,100.00
ireland,2016,100.00
ireland,2017,100.00
ireland,2018,100.00
ireland,2019,100.00
ireland,2020,100.00
ireland,2021,100.00
ireland,2022,100.00
israel,2006,101.16
israel,2007,99.967
israel,2008,98.777
israel,2009,97.587
israel,2010,96.397
israel,2011,95.207
israel,2012,94.017
israel,2013,92.826
israel,2014,91.636
israel,2015,90.446
israel,2016,89.256
israel,2017,89.256
israel,2018,89.256
israel,2019,89.256
israel,2020,89.256
israel,2021,89.256
israel,2022,89.256
italy,2008,103.33
italy,2009,107.92
italy,2010,112.83
italy,2011,107.09
italy,2012,102.01
italy,2013,97.461
italy,2014,102.06
italy,2015,107.03
italy,2016,112.40
italy,2017,100.00
italy,2018,100.00
italy,2019,100.00
italy,2020,100.00
italy,2021,100.00
italy,2022,100.00
jamaica,1997,100.00
jamaica,1998,100.00
jamaica,1999,100.00
jamaica,2000,100.00
jamaica,2001,100.00
jamaica,2002,100.00
jamaica,2003,100.00
jamaica,2004,100.00
jamaica,2005,100.00
jamaica,2006,100.00
jamaica,2007,100.00
jamaica,2008,100.00
jamaica,2009,100.00
jamaica,2010,100.00
jamaica,2011,100.00
jamaica,2012,100.00
jamaica,2013,100.00
jamaica,2014,100.00
jamaica,2015,100.00
jamaica,2016,100.00
jamaica,2017,100.00
jamaica,2018,100.00
jamaica,2019,100.00
jamaica,2020,100.00
jamaica,2021,100.00
jamaica,2022,100.00
japan,2006,113.73
japan,2007,113.73
japan,2008,113.73
japan,2009,113.73
japan,2010,113.73
japan,2011,113.73
japan,2012,113.73
japan,2013,113.73
japan,2014,113.73
japan,2015,113.73
japan,2016,113.73
japan,2017,113.73
japan,2018,113.73
japan,2019,113.73
japan,2020,113.73
japan,2021,113.73
japan,2022,113.73
jordan,2004,132.04
jordan,2005,106.73
jordan,2006,107.43
jordan,2007,108.12
jordan,2008,123.79
jordan,2009,126.43
jordan,2010,136.53
jordan,2011,128.60
jordan,2012,127.53
jordan,2013,137.87
jordan,2014,140.00
jordan,2015,138.00
jordan,2016,142.00
jordan,2017,125.97
jordan,2018,109.93
jordan,2019,109.93
jordan,2020,109.93
jordan,2021,109.93
jordan,2022,109.93
kazakhstan,1993,100.00
kazakhstan,1994,100.00
kazakhstan,1995,100.00
kazakhstan,1996,100.00
kazakhstan,1997,100.00
kazakhstan,1998,100.00
kazakhstan,1999,100.00
kazakhstan,2000,100.00
kazakhstan,2001,100.00
kazakhstan,2002,100.00
kazakhstan,2003,100.00
kazakhstan,2004,100.00
kazakhstan,2005,100.00
kazakhstan,2006,100.00
kazakhstan,2007,100.00
kazakhstan,2008,100.00
kazakhstan,2009,100.00
kazakhstan,2010,100.00
kazakhstan,2011,103.07
kazakhstan,2012,106.15
kazakhstan,2013,109.22
kazakhstan,2014,112.30
kazakhstan,2015,115.37
kazakhstan,2016,118.44
kazakhstan,2017,89.673
kazakhstan,2018,89.757
kazakhstan,2019,96.055
kazakhstan,2020,111.22
kazakhstan,2021,111.43
kazakhstan,2022,118.25
kenya,1992,115.87
kenya,1993,114.21
kenya,1994,112.69
kenya,1995,111.27
kenya,1996,109.96
kenya,1997,108.74
kenya,1998,107.60
kenya,1999,106.54
kenya,2000,105.54
kenya,2001,104.60
kenya,2002,103.71
kenya,2003,102.88
kenya,2004,102.93
kenya,2005,102.98
kenya,2006,103.03
kenya,2007,103.07
kenya,2008,103.10
kenya,2009,103.13
kenya,2010,103.16
kenya,2011,103.16
kenya,2012,103.16
kenya,2013,103.16
kenya,2014,103.16
kenya,2015,103.16
kenya,2016,103.16
kenya,2017,103.16
kenya,2018,103.16
kenya,2019,103.16
kenya,2020,103.16
kenya,2021,103.16
kenya,2022,103.16
kuwait,1994,100.00
kuwait,1995,100.41
kuwait,1996,100.77
kuwait,1997,101.11
kuwait,1998,101.41
kuwait,1999,101.69
kuwait,2000,101.95
kuwait,2001,102.18
kuwait,2002,102.40
kuwait,2003,102.61
kuwait,2004,102.85
kuwait,2005,103.09
kuwait,2006,103.30
kuwait,2007,106.78
kuwait,2008,110.05
kuwait,2009,113.13
kuwait,2010,116.03
kuwait,2011,118.77
kuwait,2012,121.37
kuwait,2013,123.83
kuwait,2014,126.17
kuwait,2015,128.39
kuwait,2016,132.42
kuwait,2017,126.84
kuwait,2018,126.84
kuwait,2019,126.84
kuwait,2020,126.84
kuwait,2021,126.84
kuwait,2022,126.84
kyrgyzstan,1994,100.00
kyrgyzstan,1995,100.00
kyrgyzstan,1996,100.00
kyrgyzstan,1997,100.00
kyrgyzstan,1998,100.00
kyrgyzstan,1999,100.00
kyrgyzstan,2000,100.00
kyrgyzstan,2001,100.00
kyrgyzstan,2002,100.00
kyrgyzstan,2003,100.00
kyrgyzstan,2004,100.00
kyrgyzstan,2005,100.00
kyrgyzstan,2006,100.02
kyrgyzstan,2007,100.05
kyrgyzstan,2008,100.07
kyrgyzstan,2009,100.10
kyrgyzstan,2010,100.20
kyrgyzstan,2011,100.00
kyrgyzstan,2012,100.00
kyrgyzstan,2013,100.00
kyrgyzstan,2014,100.00
kyrgyzstan,2015,100.00
kyrgyzstan,2016,100.00
kyrgyzstan,2017,100.00
kyrgyzstan,2018,100.00
kyrgyzstan,2019,100.00
kyrgyzstan,2020,100.00
kyrgyzstan,2021,100.00
kyrgyzstan,2022,100.00
lao_people_s_democratic_republic,1994,119.79
lao_people_s_democratic_republic,1995,131.57
lao_people_s_democratic_republic,1996,118.35
lao_people_s_democratic_republic,1997,109.27
lao_people_s_democratic_republic,1998,102.65
lao_people_s_democratic_republic,1999,97.606
lao_people_s_democratic_republic,2000,93.638
lao_people_s_democratic_republic,2001,99.540
lao_people_s_democratic_republic,2002,105.38
lao_people_s_democratic_republic,2003,111.16
lao_people_s_democratic_republic,2004,195.40
lao_people_s_democratic_republic,2005,137.31
lao_people_s_democratic_republic,2006,130.83
lao_people_s_democratic_republic,2007,125.20
lao_people_s_democratic_republic,2008,120.27
lao_people_s_democratic_republic,2009,115.91
lao_people_s_democratic_republic,2010,112.03
lao_people_s_democratic_republic,2011,108.55
lao_people_s_democratic_republic,2012,105.42
lao_people_s_democratic_republic,2013,102.58
lao_people_s_democratic_republic,2014,100.00
lao_people_s_democratic_republic,2015,100.00
lao_people_s_democratic_republic,2016,100.00
lao_people_s_democratic_republic,2017,100.00
lao_people_s_democratic_republic,2018,119.73
lao_people_s_democratic_republic,2019,119.35
lao_people_s_democratic_republic,2020,119.35
lao_people_s_democratic_republic,2021,119.35
lao_people_s_democratic_republic,2022,119.35
latvia,2007,100.00
latvia,2008,95.385
latvia,2009,91.176
latvia,2010,87.324
latvia,2011,101.64
latvia,2012,121.57
latvia,2013,151.22
latvia,2014,131.45
latvia,2015,116.25
latvia,2016,104.20
latvia,2017,104.20
latvia,2018,104.20
latvia,2019,83.221
latvia,2020,69.274
latvia,2021,69.274
latvia,2022,69.274
lebanon,1998,109.44
lebanon,1999,112.50
lebanon,2000,115.56
lebanon,2001,116.04
lebanon,2002,116.52
lebanon,2003,117.00
lebanon,2004,122.80
lebanon,2005,128.60
lebanon,2006,134.40
lebanon,2007,140.20
lebanon,2008,146.00
lebanon,2009,146.89
lebanon,2010,146.89
lebanon,2011,146.89
lebanon,2012,146.89
lebanon,2013,146.89
lebanon,2014,146.89
lebanon,2015,146.89
lebanon,2016,146.89
lebanon,2017,146.89
lebanon,2018,146.89
lebanon,2019,146.89
lebanon,2020,146.89
lebanon,2021,146.89
lebanon,2022,146.89
lesotho,1994,100.00
lesotho,1995,115.47
lesotho,1996,113.73
lesotho,1997,111.20
lesotho,1998,107.22
lesotho,1999,100.00
lesotho,2000,100.00
lesotho,2001,100.00
lesotho,2002,100.00
lesotho,2003,100.00
lesotho,2004,100.00
lesotho,2005,100.00
lesotho,2006,100.00
lesotho,2007,100.00
lesotho,2008,100.00
lesotho,2009,100.00
lesotho,2010,100.00
lesotho,2011,100.00
lesotho,2012,100.00
lesotho,2013,100.00
lesotho,2014,100.00
lesotho,2015,100.00
lesotho,2016,100.00
lesotho,2017,100.00
lesotho,2018,100.00
lesotho,2019,100.00
lesotho,2020,100.00
lesotho,2021,100.00
lesotho,2022,100.00
liberia,1987,100.00
liberia,1988,100.00
liberia,1989,100.00
liberia,1990,100.00
liberia,1991,100.00
liberia,1992,100.00
liberia,1993,100.00
liberia,1994,100.00
liberia,1995,100.00
liberia,1996,100.00
liberia,1997,100.00
liberia,1998,100.00
liberia,1999,100.00
liberia,2000,100.00
liberia,2001,100.00
liberia,2002,100.00
liberia,2003,100.00
liberia,2004,100.00
liberia,2005,100.00
liberia,2006,100.00
liberia,2007,100.00
liberia,2008,100.00
liberia,2009,100.00
liberia,2010,100.00
liberia,2011,100.00
liberia,2012,100.00
liberia,2013,100.00
liberia,2014,100.00
liberia,2015,100.00
liberia,2016,100.00
liberia,2017,100.00
liberia,2018,100.00
liberia,2019,100.00
liberia,2020,100.00
liberia,2021,100.00
liberia,2022,100.00
libya,2000,128.48
libya,2001,127.52
libya,2002,126.58
libya,2003,125.65
libya,2004,124.73
libya,2005,123.83
libya,2006,122.94
libya,2007,122.06
libya,2008,121.19
libya,2009,121.19
libya,2010,121.19
libya,2011,121.19
libya,2012,121.19
libya,2013,121.19
libya,2014,121.19
libya,2015,121.19
libya,2016,121.19
libya,2017,121.19
libya,2018,121.19
libya,2019,121.19
libya,2020,121.19
libya,2021,121.19
libya,2022,121.19
lithuania,2007,100.00
lithuania,2008,91.979
lithuania,2009,102.55
lithuania,2010,100.00
lithuania,2011,98.542
lithuania,2012,97.126
lithuania,2013,95.750
lithuania,2014,87.376
lithuania,2015,80.350
lithuania,2016,74.369
lithuania,2017,74.369
lithuania,2018,74.369
lithuania,2019,74.369
lithuania,2020,74.369
lithuania,2021,74.369
lithuania,2022,74.369
madagascar,2000,150.25
madagascar,2001,147.79
madagascar,2002,145.57
madagascar,2003,143.54
madagascar,2004,141.70
madagascar,2005,140.00
madagascar,2006,138.45
madagascar,2007,137.01
madagascar,2008,135.68
madagascar,2009,135.68
madagascar,2010,135.68
madagascar,2011,135.68
madagascar,2012,135.68
madagascar,2013,135.68
madagascar,2014,135.68
madagascar,2015,135.68
madagascar,2016,135.68
madagascar,2017,135.68
madagascar,2018,135.68
madagascar,2019,135.68
madagascar,2020,135.68
madagascar,2021,135.68
madagascar,2022,135.68
malawi,1992,117.10
malawi,1993,115.51
malawi,1994,114.18
malawi,1995,113.06
malawi,1996,112.10
malawi,1997,111.27
malawi,1998,110.55
malawi,1999,109.91
malawi,2000,109.34
malawi,2001,108.83
malawi,2002,108.37
malawi,2003,107.54
malawi,2004,106.79
malawi,2005,106.10
malawi,2006,105.47
malawi,2007,104.88
malawi,2008,104.34
malawi,2009,103.83
malawi,2010,103.36
malawi,2011,102.93
malawi,2012,102.52
malawi,2013,102.13
malawi,2014,101.77
malawi,2015,101.43
malawi,2016,101.11
malawi,2017,100.81
malawi,2018,100.53
malawi,2019,100.26
malawi,2020,100.00
malawi,2021,100.00
malawi,2022,100.00
malaysia,1996,183.55
malaysia,1997,183.55
malaysia,1998,183.55
malaysia,1999,183.55
malaysia,2000,183.55
malaysia,2001,183.55
malaysia,2002,183.55
malaysia,2003,183.55
malaysia,2004,183.55
malaysia,2005,183.55
malaysia,2006,183.55
malaysia,2007,183.55
malaysia,2008,183.55
malaysia,2009,183.55
malaysia,2010,183.55
malaysia,2011,183.55
malaysia,2012,183.55
malaysia,2013,183.55
malaysia,2014,183.55
malaysia,2015,183.55
malaysia,2016,183.55
malaysia,2017,183.55
malaysia,2018,183.55
malaysia,2019,183.55
malaysia,2020,183.55
malaysia,2021,183.55
malaysia,2022,183.55
mali,2000,176.00
mali,2001,172.72
mali,2002,169.67
mali,2003,166.84
mali,2004,164.21
mali,2005,161.74
mali,2006,159.44
mali,2007,157.28
mali,2008,155.25
mali,2009,153.33
mali,2010,151.53
mali,2011,149.82
mali,2012,149.82
mali,2013,149.82
mali,2014,149.82
mali,2015,149.82
mali,2016,149.82
mali,2017,149.82
mali,2018,149.82
mali,2019,149.82
mali,2020,149.82
mali,2021,149.82
mali,2022,149.82
malta,1990,249.93
malta,1991,224.09
malta,1992,204.21
malta,1993,188.43
malta,1994,175.61
malta,1995,164.98
malta,1996,156.03
malta,1997,148.39
malta,1998,141.79
malta,1999,136.03
malta,2000,130.96
malta,2001,126.46
malta,2002,122.45
malta,2003,118.84
malta,2004,112.73
malta,2005,107.43
malta,2006,102.41
malta,2007,98.017
malta,2008,99.763
malta,2009,103.81
malta,2010,107.83
malta,2011,102.12
malta,2012,97.343
malta,2013,93.286
malta,2014,96.641
malta,2015,100.00
malta,2016,100.00
malta,2017,100.00
malta,2018,100.00
malta,2019,100.00
malta,2020,100.00
malta,2021,100.00
malta,2022,100.00
mauritania,2004,174.96
mauritania,2005,174.96
mauritania,2006,174.96
mauritania,2007,174.96
mauritania,2008,174.96
mauritania,2009,174.96
mauritania,2010,174.96
mauritania,2011,174.96
mauritania,2012,174.96
mauritania,2013,174.96
mauritania,2014,174.96
mauritania,2015,174.96
mauritania,2016,174.96
mauritania,2017,174.96
mauritania,2018,174.96
mauritania,2019,174.96
mauritania,2020,174.96
mauritania,2021,174.96
mauritania,2022,174.96
mauritius,2002,100.58
mauritius,2003,100.55
mauritius,2004,100.51
mauritius,2005,100.48
mauritius,2006,100.45
mauritius,2007,100.41
mauritius,2008,100.38
mauritius,2009,100.34
mauritius,2010,100.30
mauritius,2011,100.26
mauritius,2012,100.22
mauritius,2013,100.17
mauritius,2014,100.13
mauritius,2015,98.492
mauritius,2016,101.57
mauritius,2017,101.31
mauritius,2018,108.88
mauritius,2019,100.00
mauritius,2020,100.00
mauritius,2021,100.00
mauritius,2022,100.00
mexico,1995,105.18
mexico,1996,103.93
mexico,1997,102.70
mexico,1998,102.42
mexico,1999,102.15
mexico,2000,101.87
mexico,2001,101.60
mexico,2002,101.32
mexico,2003,101.04
mexico,2004,100.77
mexico,2005,100.49
mexico,2006,100.21
mexico,2007,103.46
mexico,2008,104.94
mexico,2009,106.38
mexico,2010,106.42
mexico,2011,106.45
mexico,2012,106.49
mexico,2013,106.53
mexico,2014,106.56
mexico,2015,102.47
mexico,2016,105.43
mexico,2017,104.63
mexico,2018,104.33
mexico,2019,100.00
mexico,2020,104.41
mexico,2021,102.53
mexico,2022,105.10
mongolia,1993,100.00
mongolia,1994,100.74
mongolia,1995,101.48
mongolia,1996,102.22
mongolia,1997,102.96
mongolia,1998,103.70
mongolia,1999,104.44
mongolia,2000,105.18
mongolia,2001,105.92
mongolia,2002,106.66
mongolia,2003,107.40
mongolia,2004,108.14
mongolia,2005,108.88
mongolia,2006,109.62
mongolia,2007,110.36
mongolia,2008,111.10
mongolia,2009,111.84
mongolia,2010,112.58
mongolia,2011,113.32
mongolia,2012,114.06
mongolia,2013,114.81
mongolia,2014,115.55
mongolia,2015,116.29
mongolia,2016,134.57
mongolia,2017,102.86
mongolia,2018,104.29
mongolia,2019,135.14
mongolia,2020,135.14
mongolia,2021,135.14
mongolia,2022,135.14
montenegro,2010,100.00
montenegro,2011,100.00
montenegro,2012,100.00
montenegro,2013,100.00
montenegro,2014,100.00
montenegro,2015,100.00
montenegro,2016,100.00
montenegro,2017,100.00
montenegro,2018,100.00
montenegro,2019,100.00
montenegro,2020,100.00
montenegro,2021,100.00
montenegro,2022,100.00
morocco,2004,100.00
morocco,2005,103.56
morocco,2006,107.19
morocco,2007,110.88
morocco,2008,114.64
morocco,2009,118.48
morocco,2010,122.38
morocco,2011,126.37
morocco,2012,127.59
morocco,2013,127.59
morocco,2014,127.59
morocco,2015,127.59
morocco,2016,127.59
morocco,2017,127.59
morocco,2018,127.59
morocco,2019,127.59
morocco,2020,127.59
morocco,2021,127.59
morocco,2022,127.59
mozambique,2001,101.87
mozambique,2002,101.57
mozambique,2003,101.30
mozambique,2004,101.06
mozambique,2005,100.84
mozambique,2006,100.64
mozambique,2007,100.46
mozambique,2008,100.29
mozambique,2009,100.14
mozambique,2010,100.00
mozambique,2011,100.00
mozambique,2012,100.00
mozambique,2013,100.00
mozambique,2014,100.00
mozambique,2015,100.00
mozambique,2016,100.00
mozambique,2017,100.00
mozambique,2018,100.00
mozambique,2019,100.00
mozambique,2020,100.00
mozambique,2021,100.00
mozambique,2022,100.00
myanmar,1995,122.89
myanmar,1996,123.29
myanmar,1997,123.66
myanmar,1998,124.01
myanmar,1999,124.33
myanmar,2000,124.64
myanmar,2001,124.92
myanmar,2002,125.19
myanmar,2003,125.44
myanmar,2004,125.68
myanmar,2005,129.45
myanmar,2006,133.22
myanmar,2007,133.22
myanmar,2008,133.22
myanmar,2009,133.22
myanmar,2010,133.22
myanmar,2011,133.22
myanmar,2012,133.22
myanmar,2013,133.22
myanmar,2014,133.22
myanmar,2015,133.22
myanmar,2016,133.22
myanmar,2017,133.22
myanmar,2018,133.22
myanmar,2019,133.22
myanmar,2020,133.22
myanmar,2021,133.22
myanmar,2022,133.22
namibia,1992,102.15
namibia,1993,101.89
namibia,1994,101.64
namibia,1995,101.41
namibia,1996,101.18
namibia,1997,100.96
namibia,1998,100.75
namibia,1999,100.55
namibia,2000,100.36
namibia,2001,100.18
namibia,2002,100.00
namibia,2003,100.00
namibia,2004,100.00
namibia,2005,100.00
namibia,2006,100.00
namibia,2007,100.00
namibia,2008,100.00
namibia,2009,100.00
namibia,2010,100.00
namibia,2011,100.00
namibia,2012,100.00
namibia,2013,100.00
namibia,2014,100.00
namibia,2015,100.00
namibia,2016,100.00
namibia,2017,100.00
namibia,2018,100.00
namibia,2019,100.00
namibia,2020,100.00
namibia,2021,100.00
namibia,2022,100.00
nepal,2006,163.44
nepal,2007,163.44
nepal,2008,163.44
nepal,2009,163.44
nepal,2010,163.44
nepal,2011,163.44
nepal,2012,163.44
nepal,2013,163.44
nepal,2014,163.44
nepal,2015,163.44
nepal,2016,163.44
nepal,2017,163.44
nepal,2018,163.44
nepal,2019,163.44
nepal,2020,163.44
nepal,2021,163.44
nepal,2022,163.44
netherlands_kingdom_of_the,2008,111.99
netherlands_kingdom_of_the,2009,121.15
netherlands_kingdom_of_the,2010,133.18
netherlands_kingdom_of_the,2011,138.00
netherlands_kingdom_of_the,2012,143.81
netherlands_kingdom_of_the,2013,150.98
netherlands_kingdom_of_the,2014,121.97
netherlands_kingdom_of_the,2015,99.972
netherlands_kingdom_of_the,2016,100.00
netherlands_kingdom_of_the,2017,100.00
netherlands_kingdom_of_the,2018,100.00
netherlands_kingdom_of_the,2019,100.00
netherlands_kingdom_of_the,2020,100.00
netherlands_kingdom_of_the,2021,100.00
netherlands_kingdom_of_the,2022,100.00
new_zealand,2007,100.00
new_zealand,2008,100.00
new_zealand,2009,100.00
new_zealand,2010,100.00
new_zealand,2011,100.00
new_zealand,2012,100.00
new_zealand,2013,100.00
new_zealand,2014,100.00
new_zealand,2015,100.00
new_zealand,2016,100.00
new_zealand,2017,100.00
new_zealand,2018,100.00
new_zealand,2019,100.00
new_zealand,2020,100.00
new_zealand,2021,100.00
new_zealand,2022,100.00
nicaragua,2011,100.00
nicaragua,2012,106.47
nicaragua,2013,113.83
nicaragua,2014,122.28
nicaragua,2015,132.10
nicaragua,2016,143.62
nicaragua,2017,157.35
nicaragua,2018,157.35
nicaragua,2019,157.35
nicaragua,2020,157.35
nicaragua,2021,157.35
nicaragua,2022,157.35
niger,2005,145.85
niger,2006,148.99
niger,2007,152.32
niger,2008,155.84
niger,2009,159.58
niger,2010,163.55
niger,2011,167.77
niger,2012,149.69
niger,2013,127.60
niger,2014,100.00
niger,2015,100.00
niger,2016,100.00
niger,2017,100.00
niger,2018,81.468
niger,2019,81.468
niger,2020,81.468
niger,2021,81.468
niger,2022,81.468
nigeria,2004,103.20
nigeria,2005,110.42
nigeria,2006,118.72
nigeria,2007,128.37
nigeria,2008,139.73
nigeria,2009,153.29
nigeria,2010,169.77
nigeria,2011,169.77
nigeria,2012,169.77
nigeria,2013,169.77
nigeria,2014,169.77
nigeria,2015,169.77
nigeria,2016,169.77
nigeria,2017,169.77
nigeria,2018,169.77
nigeria,2019,169.77
nigeria,2020,169.77
nigeria,2021,169.77
nigeria,2022,169.77
north_macedonia,2007,100.00
north_macedonia,2008,101.27
north_macedonia,2009,102.57
north_macedonia,2010,103.91
north_macedonia,2011,105.28
north_macedonia,2012,106.69
north_macedonia,2013,108.13
north_macedonia,2014,103.10
north_macedonia,2015,98.520
north_macedonia,2016,94.327
north_macedonia,2017,94.327
north_macedonia,2018,94.327
north_macedonia,2019,94.327
north_macedonia,2020,94.327
north_macedonia,2021,94.327
north_macedonia,2022,94.327
norway,2007,100.05
norway,2008,109.77
norway,2009,121.58
norway,2010,136.24
norway,2011,164.69
norway,2012,208.15
norway,2013,282.78
norway,2014,282.78
norway,2015,282.78
norway,2016,282.78
norway,2017,282.78
norway,2018,282.78
norway,2019,282.78
norway,2020,282.78
norway,2021,282.78
norway,2022,282.78
oman,1993,115.24
oman,1994,114.62
oman,1995,113.99
oman,1996,113.35
oman,1997,112.71
oman,1998,112.07
oman,1999,111.42
oman,2000,110.76
oman,2001,110.10
oman,2002,109.44
oman,2003,108.77
oman,2004,108.09
oman,2005,112.53
oman,2006,117.18
oman,2007,122.04
oman,2008,124.99
oman,2009,128.08
oman,2010,131.33
oman,2011,134.75
oman,2012,138.35
oman,2013,142.15
oman,2014,146.16
oman,2015,150.40
oman,2016,144.88
oman,2017,130.76
oman,2018,154.56
oman,2019,179.84
oman,2020,155.64
oman,2021,155.64
oman,2022,155.64
pakistan,2008,111.32
pakistan,2009,109.00
pakistan,2010,106.34
pakistan,2011,110.34
pakistan,2012,109.47
pakistan,2013,111.67
pakistan,2014,106.24
pakistan,2015,103.93
pakistan,2016,103.18
pakistan,2017,103.72
pakistan,2018,100.07
pakistan,2019,100.00
pakistan,2020,100.00
pakistan,2021,100.00
pakistan,2022,100.00
palestine,2003,226.18
palestine,2004,247.22
palestine,2005,268.25
palestine,2006,289.28
palestine,2007,310.31
palestine,2008,331.34
palestine,2009,352.37
palestine,2010,373.40
palestine,2011,394.43
palestine,2012,415.46
palestine,2013,436.49
palestine,2014,457.52
palestine,2015,478.55
palestine,2016,499.58
palestine,2017,503.75
palestine,2018,516.24
palestine,2019,524.56
palestine,2020,375.73
palestine,2021,226.89
palestine,2022,226.89
panama,1997,99.430
panama,1998,118.40
panama,1999,137.63
panama,2000,157.13
panama,2001,154.82
panama,2002,152.60
panama,2003,150.45
panama,2004,148.38
panama,2005,146.37
panama,2006,144.44
panama,2007,142.57
panama,2008,140.77
panama,2009,139.02
panama,2010,139.02
panama,2011,139.02
panama,2012,139.02
panama,2013,139.02
panama,2014,139.02
panama,2015,139.02
panama,2016,139.02
panama,2017,139.02
panama,2018,139.02
panama,2019,139.02
panama,2020,139.02
panama,2021,139.02
panama,2022,139.02
paraguay,2012,100.00
paraguay,2013,100.00
paraguay,2014,100.00
paraguay,2015,100.00
paraguay,2016,100.00
paraguay,2017,100.00
paraguay,2018,100.00
paraguay,2019,100.00
paraguay,2020,100.00
paraguay,2021,100.00
paraguay,2022,100.00
peru,1994,101.35
peru,1995,103.21
peru,1996,104.94
peru,1997,106.56
peru,1998,108.08
peru,1999,109.51
peru,2000,110.86
peru,2001,112.13
peru,2002,113.34
peru,2003,114.48
peru,2004,115.56
peru,2005,116.58
peru,2006,117.56
peru,2007,118.48
peru,2008,119.37
peru,2009,120.21
peru,2010,121.02
peru,2011,121.79
peru,2012,122.52
peru,2013,125.88
peru,2014,129.23
peru,2015,132.58
peru,2016,135.94
peru,2017,139.29
peru,2018,142.64
peru,2019,142.64
peru,2020,142.64
peru,2021,142.64
peru,2022,142.64
philippines,2006,143.48
philippines,2007,147.17
philippines,2008,150.85
philippines,2009,154.54
philippines,2010,158.22
philippines,2011,161.91
philippines,2012,165.59
philippines,2013,169.28
philippines,2014,172.96
philippines,2015,171.90
philippines,2016,169.24
philippines,2017,175.63
philippines,2018,174.89
philippines,2019,173.63
philippines,2020,173.15
philippines,2021,177.45
philippines,2022,177.80
poland,2007,100.00
poland,2008,124.64
poland,2009,157.30
poland,2010,202.64
poland,2011,217.40
poland,2012,232.16
poland,2013,246.91
poland,2014,180.33
poland,2015,179.88
poland,2016,181.24
poland,2017,191.72
poland,2018,187.65
poland,2019,187.65
poland,2020,187.65
poland,2021,187.65
poland,2022,187.65
portugal,2008,98.121
portugal,2009,96.311
portugal,2010,94.567
portugal,2011,92.885
portugal,2012,91.262
portugal,2013,89.694
portugal,2014,88.180
portugal,2015,88.495
portugal,2016,88.905
portugal,2017,88.830
portugal,2018,88.830
portugal,2019,88.830
portugal,2020,88.830
portugal,2021,88.830
portugal,2022,88.830
puerto_rico,2007,100.00
puerto_rico,2008,101.67
puerto_rico,2009,103.34
puerto_rico,2010,105.01
puerto_rico,2011,106.69
puerto_rico,2012,108.36
puerto_rico,2013,110.03
puerto_rico,2014,111.70
puerto_rico,2015,113.37
puerto_rico,2016,113.37
puerto_rico,2017,113.37
puerto_rico,2018,113.37
puerto_rico,2019,113.37
puerto_rico,2020,113.37
puerto_rico,2021,113.37
puerto_rico,2022,113.37
qatar,1990,109.04
qatar,1991,107.69
qatar,1992,106.65
qatar,1993,105.83
qatar,1994,107.42
qatar,1995,109.13
qatar,1996,110.96
qatar,1997,112.94
qatar,1998,115.07
qatar,1999,117.39
qatar,2000,119.92
qatar,2001,122.67
qatar,2002,118.19
qatar,2003,113.83
qatar,2004,109.59
qatar,2005,108.03
qatar,2006,106.67
qatar,2007,105.48
qatar,2008,104.43
qatar,2009,103.49
qatar,2010,102.64
qatar,2011,101.88
qatar,2012,101.19
qatar,2013,100.56
qatar,2014,99.990
qatar,2015,99.961
qatar,2016,100.00
qatar,2017,100.00
qatar,2018,100.00
qatar,2019,97.685
qatar,2020,97.685
qatar,2021,103.36
qatar,2022,101.72
republic_of_korea,2006,152.77
republic_of_korea,2007,152.77
republic_of_korea,2008,152.77
republic_of_korea,2009,152.77
republic_of_korea,2010,152.77
republic_of_korea,2011,152.77
republic_of_korea,2012,152.77
republic_of_korea,2013,152.77
republic_of_korea,2014,152.77
republic_of_korea,2015,152.77
republic_of_korea,2016,152.77
republic_of_korea,2017,152.77
republic_of_korea,2018,152.77
republic_of_korea,2019,152.77
republic_of_korea,2020,152.77
republic_of_korea,2021,152.77
republic_of_korea,2022,152.77
republic_of_moldova,2007,100.00
republic_of_moldova,2008,171.98
republic_of_moldova,2009,254.04
republic_of_moldova,2010,348.47
republic_of_moldova,2011,423.75
republic_of_moldova,2012,499.04
republic_of_moldova,2013,574.33
republic_of_moldova,2014,649.62
republic_of_moldova,2015,724.90
republic_of_moldova,2016,800.19
republic_of_moldova,2017,875.48
republic_of_moldova,2018,852.49
republic_of_moldova,2019,851.34
republic_of_moldova,2020,851.34
republic_of_moldova,2021,851.34
republic_of_moldova,2022,851.34
romania,2008,108.31
romania,2009,123.16
romania,2010,140.97
romania,2011,139.78
romania,2012,138.69
romania,2013,137.70
romania,2014,149.79
romania,2015,130.02
romania,2016,152.13
romania,2017,113.21
romania,2018,113.21
romania,2019,113.21
romania,2020,113.21
romania,2021,113.21
romania,2022,113.21
russian_federation,1994,100.00
russian_federation,1995,96.658
russian_federation,1996,93.089
russian_federation,1997,89.268
russian_federation,1998,85.168
russian_federation,1999,80.757
russian_federation,2000,75.998
russian_federation,2001,70.849
russian_federation,2002,65.259
russian_federation,2003,59.170
russian_federation,2004,52.510
russian_federation,2005,45.197
russian_federation,2006,37.130
russian_federation,2007,41.074
russian_federation,2008,45.472
russian_federation,2009,50.407
russian_federation,2010,55.984
russian_federation,2011,62.338
russian_federation,2012,69.641
russian_federation,2013,78.125
russian_federation,2014,88.101
russian_federation,2015,100.00
russian_federation,2016,100.00
russian_federation,2017,100.00
russian_federation,2018,100.00
russian_federation,2019,100.00
russian_federation,2020,100.00
russian_federation,2021,100.00
russian_federation,2022,100.00
rwanda,2007,200.00
rwanda,2008,412.50
rwanda,2009,625.00
rwanda,2010,837.50
rwanda,2011,1050.0
rwanda,2012,1262.5
rwanda,2013,1475.0
rwanda,2014,1687.5
rwanda,2015,1900.0
rwanda,2016,2112.5
rwanda,2017,2325.0
rwanda,2018,2537.5
rwanda,2019,2750.0
rwanda,2020,3078.2
rwanda,2021,3406.3
rwanda,2022,3406.3
saudi_arabia,1992,100.00
saudi_arabia,1993,100.13
saudi_arabia,1994,100.27
saudi_arabia,1995,100.42
saudi_arabia,1996,100.58
saudi_arabia,1997,100.76
saudi_arabia,1998,100.96
saudi_arabia,1999,101.18
saudi_arabia,2000,102.60
saudi_arabia,2001,104.07
saudi_arabia,2002,105.58
saudi_arabia,2003,107.13
saudi_arabia,2004,108.72
saudi_arabia,2005,110.35
saudi_arabia,2006,112.03
saudi_arabia,2007,110.60
saudi_arabia,2008,109.13
saudi_arabia,2009,107.61
saudi_arabia,2010,106.05
saudi_arabia,2011,104.44
saudi_arabia,2012,102.78
saudi_arabia,2013,101.07
saudi_arabia,2014,99.303
saudi_arabia,2015,99.303
saudi_arabia,2016,99.303
saudi_arabia,2017,99.303
saudi_arabia,2018,99.303
saudi_arabia,2019,99.303
saudi_arabia,2020,99.303
saudi_arabia,2021,99.303
saudi_arabia,2022,99.303
senegal,2002,153.91
senegal,2003,153.91
senegal,2004,153.91
senegal,2005,153.91
senegal,2006,153.91
senegal,2007,153.91
senegal,2008,153.91
senegal,2009,153.91
senegal,2010,153.91
senegal,2011,153.91
senegal,2012,153.91
senegal,2013,153.91
senegal,2014,153.91
senegal,2015,153.91
senegal,2016,153.91
senegal,2017,153.91
senegal,2018,153.91
senegal,2019,153.91
senegal,2020,153.91
senegal,2021,153.91
senegal,2022,153.91
serbia,2011,100.00
serbia,2012,79.740
serbia,2013,94.816
serbia,2014,130.17
serbia,2015,121.58
serbia,2016,171.51
serbia,2017,138.38
serbia,2018,129.52
serbia,2019,133.73
serbia,2020,120.19
serbia,2021,122.06
serbia,2022,125.37
seychelles,2003,112.00
seychelles,2004,112.00
seychelles,2005,112.00
seychelles,2006,112.00
seychelles,2007,112.00
seychelles,2008,112.00
seychelles,2009,112.00
seychelles,2010,112.00
seychelles,2011,112.00
seychelles,2012,112.00
seychelles,2013,112.00
seychelles,2014,112.00
seychelles,2015,112.00
seychelles,2016,112.00
seychelles,2017,112.00
seychelles,2018,112.00
seychelles,2019,112.00
seychelles,2020,112.00
seychelles,2021,112.00
seychelles,2022,112.00
sierra_leone,1992,100.00
sierra_leone,1993,100.00
sierra_leone,1994,100.00
sierra_leone,1995,100.00
sierra_leone,1996,100.00
sierra_leone,1997,100.00
sierra_leone,1998,100.00
sierra_leone,1999,100.00
sierra_leone,2000,100.00
sierra_leone,2001,100.00
sierra_leone,2002,100.00
sierra_leone,2003,100.00
sierra_leone,2004,100.00
sierra_leone,2005,100.00
sierra_leone,2006,100.00
sierra_leone,2007,100.00
sierra_leone,2008,100.00
sierra_leone,2009,100.00
sierra_leone,2010,100.00
sierra_leone,2011,100.00
sierra_leone,2012,100.00
sierra_leone,2013,100.00
sierra_leone,2014,100.00
sierra_leone,2015,100.00
sierra_leone,2016,100.00
sierra_leone,2017,100.00
sierra_leone,2018,100.00
sierra_leone,2019,100.00
sierra_leone,2020,100.00
sierra_leone,2021,100.00
sierra_leone,2022,100.00
slovakia,2008,126.07
slovakia,2009,164.67
slovakia,2010,245.32
slovakia,2011,193.79
slovakia,2012,157.97
slovakia,2013,131.62
slovakia,2014,171.57
slovakia,2015,140.80
slovakia,2016,125.68
slovakia,2017,110.79
slovakia,2018,115.16
slovakia,2019,120.43
slovakia,2020,98.223
slovakia,2021,99.049
slovakia,2022,100.00
slovenia,2010,100.00
slovenia,2011,100.00
slovenia,2012,100.00
slovenia,2013,100.00
slovenia,2014,100.00
slovenia,2015,100.00
slovenia,2016,100.00
slovenia,2017,100.00
slovenia,2018,100.00
slovenia,2019,100.00
slovenia,2020,100.00
slovenia,2021,100.00
slovenia,2022,100.00
somalia,2003,100.00
somalia,2004,100.00
somalia,2005,100.00
somalia,2006,100.00
somalia,2007,100.00
somalia,2008,100.00
somalia,2009,100.00
somalia,2010,100.00
somalia,2011,100.00
somalia,2012,100.00
somalia,2013,100.00
somalia,2014,100.00
somalia,2015,100.00
somalia,2016,100.00
somalia,2017,100.00
somalia,2018,100.00
somalia,2019,100.00
somalia,2020,100.00
somalia,2021,100.00
somalia,2022,100.00
south_africa,2000,111.08
south_africa,2001,112.02
south_africa,2002,112.96
south_africa,2003,113.93
south_africa,2004,114.91
south_africa,2005,115.91
south_africa,2006,116.93
south_africa,2007,117.96
south_africa,2008,119.01
south_africa,2009,116.28
south_africa,2010,113.52
south_africa,2011,110.73
south_africa,2012,107.91
south_africa,2013,105.06
south_africa,2014,102.18
south_africa,2015,99.266
south_africa,2016,95.801
south_africa,2017,92.337
south_africa,2018,88.872
south_africa,2019,88.872
south_africa,2020,88.872
south_africa,2021,88.872
south_africa,2022,88.872
south_sudan,2012,157.31
south_sudan,2013,157.31
south_sudan,2014,157.31
south_sudan,2015,157.31
south_sudan,2016,157.31
south_sudan,2017,157.31
south_sudan,2018,157.31
south_sudan,2019,157.31
south_sudan,2020,157.31
south_sudan,2021,157.31
south_sudan,2022,157.31
spain,2009,90.404
spain,2010,90.149
spain,2011,87.852
spain,2012,86.037
spain,2013,85.015
spain,2014,84.509
spain,2015,84.788
spain,2016,85.353
spain,2017,83.565
spain,2018,100.00
spain,2019,81.493
spain,2020,100.01
spain,2021,100.01
spain,2022,100.01
sri_lanka,2006,160.86
sri_lanka,2007,161.57
sri_lanka,2008,162.28
sri_lanka,2009,162.99
sri_lanka,2010,163.71
sri_lanka,2011,164.44
sri_lanka,2012,165.18
sri_lanka,2013,165.92
sri_lanka,2014,166.67
sri_lanka,2015,155.71
sri_lanka,2016,170.96
sri_lanka,2017,170.96
sri_lanka,2018,170.96
sri_lanka,2019,170.96
sri_lanka,2020,170.96
sri_lanka,2021,170.96
sri_lanka,2022,170.96
sudan,2012,157.32
sudan,2013,157.32
sudan,2014,157.32
sudan,2015,157.32
sudan,2016,157.32
sudan,2017,157.32
sudan,2018,157.32
sudan,2019,157.32
sudan,2020,157.32
sudan,2021,157.32
sudan,2022,157.32
suriname,2006,93.350
suriname,2007,94.723
suriname,2008,96.074
suriname,2009,97.404
suriname,2010,98.712
suriname,2011,100.00
suriname,2012,100.00
suriname,2013,100.00
suriname,2014,100.00
suriname,2015,100.00
suriname,2016,100.00
suriname,2017,100.00
suriname,2018,100.00
suriname,2019,100.00
suriname,2020,100.00
suriname,2021,100.00
suriname,2022,100.00
sweden,2007,100.00
sweden,2008,97.295
sweden,2009,94.861
sweden,2010,92.660
sweden,2011,101.06
sweden,2012,110.60
sweden,2013,121.54
sweden,2014,123.97
sweden,2015,126.39
sweden,2016,128.78
sweden,2017,131.61
sweden,2018,134.43
sweden,2019,137.25
sweden,2020,140.08
sweden,2021,140.08
sweden,2022,140.08
switzerland,2010,100.00
switzerland,2011,108.99
switzerland,2012,118.27
switzerland,2013,127.85
switzerland,2014,137.76
switzerland,2015,147.99
switzerland,2016,158.58
switzerland,2017,158.58
switzerland,2018,158.58
switzerland,2019,158.58
switzerland,2020,158.58
switzerland,2021,158.58
switzerland,2022,158.58
syrian_arab_republic,2000,110.25
syrian_arab_republic,2001,110.25
syrian_arab_republic,2002,110.25
syrian_arab_republic,2003,110.25
syrian_arab_republic,2004,110.25
syrian_arab_republic,2005,110.25
syrian_arab_republic,2006,110.25
syrian_arab_republic,2007,110.25
syrian_arab_republic,2008,110.25
syrian_arab_republic,2009,110.25
syrian_arab_republic,2010,110.25
syrian_arab_republic,2011,110.25
syrian_arab_republic,2012,110.25
syrian_arab_republic,2013,110.25
syrian_arab_republic,2014,110.25
syrian_arab_republic,2015,110.25
syrian_arab_republic,2016,110.25
syrian_arab_republic,2017,110.25
syrian_arab_republic,2018,110.25
syrian_arab_republic,2019,110.25
syrian_arab_republic,2020,110.25
syrian_arab_republic,2021,110.25
syrian_arab_republic,2022,110.25
tajikistan,1994,100.00
tajikistan,1995,100.54
tajikistan,1996,101.09
tajikistan,1997,101.64
tajikistan,1998,102.19
tajikistan,1999,102.75
tajikistan,2000,103.32
tajikistan,2001,103.89
tajikistan,2002,104.47
tajikistan,2003,105.05
tajikistan,2004,105.64
tajikistan,2005,106.23
tajikistan,2006,106.83
tajikistan,2007,107.43
tajikistan,2008,108.04
tajikistan,2009,108.14
tajikistan,2010,108.14
tajikistan,2011,108.14
tajikistan,2012,108.14
tajikistan,2013,108.14
tajikistan,2014,108.14
tajikistan,2015,108.14
tajikistan,2016,108.14
tajikistan,2017,108.14
tajikistan,2018,108.14
tajikistan,2019,108.14
tajikistan,2020,108.14
tajikistan,2021,108.14
tajikistan,2022,108.14
thailand,2007,145.99
thailand,2008,145.99
thailand,2009,145.99
thailand,2010,145.99
thailand,2011,145.99
thailand,2012,145.99
thailand,2013,145.99
thailand,2014,145.99
thailand,2015,145.99
thailand,2016,145.99
thailand,2017,145.99
thailand,2018,145.99
thailand,2019,145.99
thailand,2020,145.99
thailand,2021,145.99
thailand,2022,145.99
timor_leste,2002,117.61
timor_leste,2003,117.61
timor_leste,2004,117.61
timor_leste,2005,117.61
timor_leste,2006,117.61
timor_leste,2007,117.61
timor_leste,2008,117.61
timor_leste,2009,117.61
timor_leste,2010,117.61
timor_leste,2011,117.61
timor_leste,2012,117.61
timor_leste,2013,117.61
timor_leste,2014,117.61
timor_leste,2015,117.61
timor_leste,2016,117.61
timor_leste,2017,117.61
timor_leste,2018,117.61
timor_leste,2019,117.61
timor_leste,2020,117.61
timor_leste,2021,117.61
timor_leste,2022,117.61
togo,1996,114.40
togo,1997,114.40
togo,1998,114.40
togo,1999,114.40
togo,2000,114.40
togo,2001,114.40
togo,2002,114.40
togo,2003,114.40
togo,2004,114.40
togo,2005,114.40
togo,2006,114.40
togo,2007,114.40
togo,2008,114.40
togo,2009,114.40
togo,2010,114.40
togo,2011,114.40
togo,2012,114.40
togo,2013,114.40
togo,2014,114.40
togo,2015,114.40
togo,2016,114.40
togo,2017,114.40
togo,2018,114.40
togo,2019,114.40
togo,2020,114.40
togo,2021,114.40
togo,2022,114.40
tunisia,2000,100.00
tunisia,2001,103.07
tunisia,2002,106.24
tunisia,2003,109.54
tunisia,2004,109.63
tunisia,2005,109.73
tunisia,2006,109.82
tunisia,2007,109.92
tunisia,2008,110.00
tunisia,2009,110.09
tunisia,2010,110.18
tunisia,2011,110.26
tunisia,2012,113.47
tunisia,2013,116.71
tunisia,2014,120.01
tunisia,2015,123.36
tunisia,2016,126.75
tunisia,2017,114.49
tunisia,2018,118.02
tunisia,2019,114.36
tunisia,2020,106.78
tunisia,2021,106.78
tunisia,2022,106.78
turkiye,2004,100.00
turkiye,2005,95.000
turkiye,2006,90.152
turkiye,2007,85.448
turkiye,2008,80.884
turkiye,2009,76.452
turkiye,2010,72.148
turkiye,2011,67.965
turkiye,2012,63.898
turkiye,2013,59.943
turkiye,2014,56.095
turkiye,2015,52.350
turkiye,2016,48.704
turkiye,2017,54.320
turkiye,2018,62.526
turkiye,2019,75.648
turkiye,2020,100.00
turkiye,2021,100.00
turkiye,2022,100.00
turkmenistan,1994,102.87
turkmenistan,1995,102.71
turkmenistan,1996,102.55
turkmenistan,1997,102.40
turkmenistan,1998,102.24
turkmenistan,1999,102.10
turkmenistan,2000,101.95
turkmenistan,2001,101.81
turkmenistan,2002,101.68
turkmenistan,2003,101.54
turkmenistan,2004,101.41
turkmenistan,2005,101.28
turkmenistan,2006,101.16
turkmenistan,2007,102.89
turkmenistan,2008,104.69
turkmenistan,2009,106.56
turkmenistan,2010,108.49
turkmenistan,2011,110.49
turkmenistan,2012,112.57
turkmenistan,2013,114.73
turkmenistan,2014,116.97
turkmenistan,2015,119.31
turkmenistan,2016,121.73
turkmenistan,2017,124.26
turkmenistan,2018,126.90
turkmenistan,2019,129.65
turkmenistan,2020,132.52
turkmenistan,2021,132.52
turkmenistan,2022,132.52
uganda,2012,175.02
uganda,2013,175.02
uganda,2014,175.02
uganda,2015,175.02
uganda,2016,175.02
uganda,2017,175.02
uganda,2018,175.02
uganda,2019,175.02
uganda,2020,175.02
uganda,2021,175.02
uganda,2022,175.02
ukraine,2003,100.00
ukraine,2004,102.38
ukraine,2005,105.17
ukraine,2006,108.50
ukraine,2007,112.53
ukraine,2008,117.51
ukraine,2009,123.84
ukraine,2010,125.20
ukraine,2011,114.54
ukraine,2012,102.82
ukraine,2013,86.644
ukraine,2014,100.00
ukraine,2015,100.00
ukraine,2016,100.00
ukraine,2017,69.569
ukraine,2018,74.755
ukraine,2019,76.786
ukraine,2020,72.452
ukraine,2021,70.846
ukraine,2022,15.720
united_arab_emirates,1993,100.06
united_arab_emirates,1994,100.32
united_arab_emirates,1995,100.48
united_arab_emirates,1996,100.59
united_arab_emirates,1997,100.66
united_arab_emirates,1998,100.72
united_arab_emirates,1999,100.77
united_arab_emirates,2000,100.81
united_arab_emirates,2001,100.84
united_arab_emirates,2002,100.86
united_arab_emirates,2003,100.88
united_arab_emirates,2004,104.29
united_arab_emirates,2005,108.49
united_arab_emirates,2006,113.80
united_arab_emirates,2007,120.74
united_arab_emirates,2008,130.20
united_arab_emirates,2009,143.82
united_arab_emirates,2010,165.16
united_arab_emirates,2011,145.78
united_arab_emirates,2012,126.40
united_arab_emirates,2013,107.03
united_arab_emirates,2014,87.652
united_arab_emirates,2015,68.276
united_arab_emirates,2016,65.280
united_arab_emirates,2017,73.772
united_arab_emirates,2018,69.044
united_arab_emirates,2019,76.513
united_arab_emirates,2020,76.225
united_arab_emirates,2021,80.474
united_arab_emirates,2022,76.026
united_kingdom_of_great_britain_and_northern_ireland,2007,100.00
united_kingdom_of_great_britain_and_northern_ireland,2008,120.96
united_kingdom_of_great_britain_and_northern_ireland,2009,153.05
united_kingdom_of_great_britain_and_northern_ireland,2010,208.29
united_kingdom_of_great_britain_and_northern_ireland,2011,228.02
united_kingdom_of_great_britain_and_northern_ireland,2012,251.87
united_kingdom_of_great_britain_and_northern_ireland,2013,281.29
united_kingdom_of_great_britain_and_northern_ireland,2014,243.77
united_kingdom_of_great_britain_and_northern_ireland,2015,215.07
united_kingdom_of_great_britain_and_northern_ireland,2016,192.43
united_kingdom_of_great_britain_and_northern_ireland,2017,192.43
united_kingdom_of_great_britain_and_northern_ireland,2018,192.43
united_kingdom_of_great_britain_and_northern_ireland,2019,192.43
united_kingdom_of_great_britain_and_northern_ireland,2020,192.43
united_kingdom_of_great_britain_and_northern_ireland,2021,192.43
united_kingdom_of_great_britain_and_northern_ireland,2022,192.43
united_republic_of_tanzania,2002,123.17
united_republic_of_tanzania,2003,124.61
united_republic_of_tanzania,2004,125.96
united_republic_of_tanzania,2005,127.24
united_republic_of_tanzania,2006,128.45
united_republic_of_tanzania,2007,129.60
united_republic_of_tanzania,2008,130.69
united_republic_of_tanzania,2009,131.73
united_republic_of_tanzania,2010,132.71
united_republic_of_tanzania,2011,133.65
united_republic_of_tanzania,2012,134.54
united_republic_of_tanzania,2013,135.40
united_republic_of_tanzania,2014,135.40
united_republic_of_tanzania,2015,135.40
united_republic_of_tanzania,2016,135.40
united_republic_of_tanzania,2017,135.40
united_republic_of_tanzania,2018,135.40
united_republic_of_tanzania,2019,135.40
united_republic_of_tanzania,2020,135.40
united_republic_of_tanzania,2021,135.40
united_republic_of_tanzania,2022,135.40
united_states_of_america,2008,104.71
united_states_of_america,2009,103.85
united_states_of_america,2010,103.01
united_states_of_america,2011,102.17
united_states_of_america,2012,101.34
united_states_of_america,2013,101.84
united_states_of_america,2014,101.41
united_states_of_america,2015,100.98
united_states_of_america,2016,100.55
united_states_of_america,2017,96.419
united_states_of_america,2018,100.55
united_states_of_america,2019,100.55
united_states_of_america,2020,92.159
united_states_of_america,2021,92.159
united_states_of_america,2022,93.129
uruguay,2000,114.67
uruguay,2001,111.84
uruguay,2002,109.13
uruguay,2003,106.54
uruguay,2004,104.06
uruguay,2005,101.69
uruguay,2006,99.409
uruguay,2007,97.220
uruguay,2008,95.117
uruguay,2009,93.094
uruguay,2010,101.92
uruguay,2011,110.42
uruguay,2012,108.44
uruguay,2013,106.46
uruguay,2014,104.48
uruguay,2015,102.50
uruguay,2016,100.52
uruguay,2017,98.538
uruguay,2018,96.558
uruguay,2019,94.577
uruguay,2020,92.597
uruguay,2021,90.616
uruguay,2022,102.54
uzbekistan,1994,101.34
uzbekistan,1995,101.23
uzbekistan,1996,101.12
uzbekistan,1997,101.01
uzbekistan,1998,100.89
uzbekistan,1999,100.77
uzbekistan,2000,100.65
uzbekistan,2001,100.53
uzbekistan,2002,100.40
uzbekistan,2003,100.27
uzbekistan,2004,100.14
uzbekistan,2005,100.00
uzbekistan,2006,101.16
uzbekistan,2007,102.32
uzbekistan,2008,103.48
uzbekistan,2009,104.64
uzbekistan,2010,105.80
uzbekistan,2011,106.96
uzbekistan,2012,108.12
uzbekistan,2013,109.28
uzbekistan,2014,110.44
uzbekistan,2015,111.60
uzbekistan,2016,112.76
uzbekistan,2017,113.92
uzbekistan,2018,115.08
uzbekistan,2019,116.24
uzbekistan,2020,116.32
uzbekistan,2021,116.35
uzbekistan,2022,116.38
venezuela_bolivarian_republic_of,2008,100.00
venezuela_bolivarian_republic_of,2009,100.00
venezuela_bolivarian_republic_of,2010,100.00
venezuela_bolivarian_republic_of,2011,100.00
venezuela_bolivarian_republic_of,2012,100.00
venezuela_bolivarian_republic_of,2013,100.00
venezuela_bolivarian_republic_of,2014,100.00
venezuela_bolivarian_republic_of,2015,100.00
venezuela_bolivarian_republic_of,2016,100.00
venezuela_bolivarian_republic_of,2017,100.00
venezuela_bolivarian_republic_of,2018,100.00
venezuela_bolivarian_republic_of,2019,100.00
venezuela_bolivarian_republic_of,2020,100.00
venezuela_bolivarian_republic_of,2021,100.00
venezuela_bolivarian_republic_of,2022,100.00
viet_nam,1997,208.80
viet_nam,1998,205.28
viet_nam,1999,202.26
viet_nam,2000,199.63
viet_nam,2001,197.32
viet_nam,2002,195.28
viet_nam,2003,193.46
viet_nam,2004,191.83
viet_nam,2005,190.36
viet_nam,2006,191.27
viet_nam,2007,192.19
viet_nam,2008,193.11
viet_nam,2009,194.05
viet_nam,2010,194.99
viet_nam,2011,195.95
viet_nam,2012,196.91
viet_nam,2013,197.88
viet_nam,2014,198.86
viet_nam,2015,199.86
viet_nam,2016,200.86
viet_nam,2017,201.87
viet_nam,2018,202.89
viet_nam,2019,203.93
viet_nam,2020,203.93
viet_nam,2021,203.93
viet_nam,2022,203.93
yemen,2004,116.00
yemen,2005,116.00
yemen,2006,116.00
yemen,2007,116.00
yemen,2008,116.00
yemen,2009,116.00
yemen,2010,116.00
yemen,2011,116.00
yemen,2012,116.00
yemen,2013,116.00
yemen,2014,116.00
yemen,2015,116.00
yemen,2016,116.00
yemen,2017,116.00
yemen,2018,116.00
yemen,2019,116.00
yemen,2020,116.00
yemen,2021,116.00
yemen,2022,116.00
zambia,2002,100.00
zambia,2003,100.00
zambia,2004,100.00
zambia,2005,100.00
zambia,2006,100.00
zambia,2007,100.00
zambia,2008,100.00
zambia,2009,100.00
zambia,2010,100.00
zambia,2011,100.00
zambia,2012,100.00
zambia,2013,100.00
zambia,2014,100.00
zambia,2015,100.00
zambia,2016,100.00
zambia,2017,100.00
zambia,2018,100.00
zambia,2019,100.00
zambia,2020,100.00
zambia,2021,100.00
zambia,2022,100.00
zimbabwe,1999,163.36
zimbabwe,2000,162.44
zimbabwe,2001,161.52
zimbabwe,2002,160.60
zimbabwe,2003,159.68
zimbabwe,2004,158.76
zimbabwe,2005,157.84
zimbabwe,2006,156.92
zimbabwe,2007,156.01
zimbabwe,2008,155.09
zimbabwe,2009,154.17
zimbabwe,2010,153.25
zimbabwe,2011,152.33
zimbabwe,2012,151.41
zimbabwe,2013,150.49
zimbabwe,2014,149.57
zimbabwe,2015,148.65
zimbabwe,2016,147.73
zimbabwe,2017,146.81
zimbabwe,2018,145.90
zimbabwe,2019,147.00
zimbabwe,2020,176.12
zimbabwe,2021,176.12
zimbabwe,2022,176.12
