area,year,desalinated_water_produced
albania,2015,0.0000
albania,2016,0.0000
albania,2017,0.0000
albania,2018,0.0000
albania,2019,0.0000
albania,2020,0.0000
albania,2021,0.0000
albania,2022,0.0000
algeria,1990,0.064000
algeria,1991,0.059300
algeria,1992,0.054600
algeria,1993,0.049900
algeria,1994,0.045200
algeria,1995,0.040500
algeria,1996,0.035800
algeria,1997,0.031100
algeria,1998,0.026400
algeria,1999,0.021700
algeria,2000,0.017000
algeria,2001,0.017000
algeria,2002,0.017000
algeria,2003,0.076800
algeria,2004,0.13660
algeria,2005,0.19640
algeria,2006,0.25620
algeria,2007,0.31600
algeria,2008,0.37580
algeria,2009,0.43560
algeria,2010,0.49540
algeria,2011,0.55520
algeria,2012,0.61500
algeria,2013,0.55333
algeria,2014,0.49167
algeria,2015,0.43000
algeria,2016,0.85500
algeria,2017,0.63100
algeria,2018,0.61033
algeria,2019,0.58967
algeria,2020,0.56900
algeria,2021,0.59100
algeria,2022,0.62700
angola,1990,0.00010000
angola,1991,0.00010000
angola,1992,0.00010000
angola,1993,0.00010000
angola,1994,0.00010000
angola,1995,0.00010000
angola,1996,0.00010000
angola,1997,0.00010000
angola,1998,0.00010000
angola,1999,0.00010000
angola,2000,0.00010000
angola,2001,0.00010000
angola,2002,0.00010000
angola,2003,0.00010000
angola,2004,0.00010000
angola,2005,0.00010000
angola,2006,0.00010000
angola,2007,0.00010000
angola,2008,0.00010000
angola,2009,0.00010000
angola,2010,0.00010000
angola,2011,0.00010000
angola,2012,0.00010000
angola,2013,0.00010000
angola,2014,0.00010000
angola,2015,0.00010000
angola,2016,0.00010000
angola,2017,0.00010000
angola,2018,0.00010000
angola,2019,0.00010000
angola,2020,0.00010000
angola,2021,0.00010000
angola,2022,0.00010000
antigua_and_barbuda,1990,0.0033000
antigua_and_barbuda,1991,0.0033000
antigua_and_barbuda,1992,0.0033000
antigua_and_barbuda,1993,0.0033000
antigua_and_barbuda,1994,0.0033000
antigua_and_barbuda,1995,0.0033000
antigua_and_barbuda,1996,0.0033000
antigua_and_barbuda,1997,0.0033000
antigua_and_barbuda,1998,0.0033000
antigua_and_barbuda,1999,0.0033000
antigua_and_barbuda,2000,0.0033000
antigua_and_barbuda,2001,0.0033000
antigua_and_barbuda,2002,0.0033000
antigua_and_barbuda,2003,0.0033000
antigua_and_barbuda,2004,0.0033000
antigua_and_barbuda,2005,0.0033000
antigua_and_barbuda,2006,0.0038429
antigua_and_barbuda,2007,0.0043857
antigua_and_barbuda,2008,0.0049286
antigua_and_barbuda,2009,0.0054714
antigua_and_barbuda,2010,0.0060143
antigua_and_barbuda,2011,0.0065571
antigua_and_barbuda,2012,0.0071000
antigua_and_barbuda,2013,0.0071000
antigua_and_barbuda,2014,0.0071000
antigua_and_barbuda,2015,0.0071000
antigua_and_barbuda,2016,0.0071000
antigua_and_barbuda,2017,0.0071000
antigua_and_barbuda,2018,0.0071000
antigua_and_barbuda,2019,0.0071000
antigua_and_barbuda,2020,0.0071000
antigua_and_barbuda,2021,0.0071000
antigua_and_barbuda,2022,0.0071000
argentina,1990,0.00070000
argentina,1991,0.00070000
argentina,1992,0.00070000
argentina,1993,0.00070000
argentina,1994,0.00070000
argentina,1995,0.00070000
argentina,1996,0.00070000
argentina,1997,0.00070000
argentina,1998,0.00070000
argentina,1999,0.00070000
argentina,2000,0.00070000
argentina,2001,0.00070000
argentina,2002,0.00070000
argentina,2003,0.00070000
argentina,2004,0.00070000
argentina,2005,0.00070000
argentina,2006,0.00070000
argentina,2007,0.00070000
argentina,2008,0.00070000
argentina,2009,0.00070000
argentina,2010,0.00070000
argentina,2011,0.00070000
argentina,2012,0.00070000
argentina,2013,0.00070000
argentina,2014,0.00070000
argentina,2015,0.00070000
argentina,2016,0.00070000
argentina,2017,0.00070000
argentina,2018,0.00070000
argentina,2019,0.00070000
argentina,2020,0.00070000
argentina,2021,0.00070000
argentina,2022,0.00070000
armenia,2015,0.0000
armenia,2016,0.0000
armenia,2017,0.0000
armenia,2018,0.0000
armenia,2019,0.0000
armenia,2020,0.0000
armenia,2021,0.0000
armenia,2022,0.0000
australia,1990,0.029800
australia,1991,0.029800
australia,1992,0.029800
australia,1993,0.029800
australia,1994,0.029800
australia,1995,0.029800
australia,1996,0.029800
australia,1997,0.029800
australia,1998,0.029800
australia,1999,0.029800
australia,2000,0.029800
australia,2001,0.029800
australia,2002,0.029800
australia,2003,0.029800
australia,2004,0.029800
australia,2005,0.029800
australia,2006,0.030600
australia,2007,0.031400
australia,2008,0.032200
australia,2009,0.033000
australia,2010,0.077000
australia,2011,0.12100
australia,2012,0.15100
australia,2013,0.13500
australia,2014,0.17700
australia,2015,0.14400
australia,2016,0.15000
australia,2017,0.20282
australia,2018,0.17169
australia,2019,0.13000
australia,2020,0.39000
australia,2021,0.31000
australia,2022,0.28000
australia_and_new_zealand,2000,0.029800
australia_and_new_zealand,2001,0.029800
australia_and_new_zealand,2002,0.029800
australia_and_new_zealand,2003,0.029800
australia_and_new_zealand,2004,0.029800
australia_and_new_zealand,2005,0.029800
australia_and_new_zealand,2006,0.030600
australia_and_new_zealand,2007,0.031400
australia_and_new_zealand,2008,0.032200
australia_and_new_zealand,2009,0.033000
australia_and_new_zealand,2010,0.077000
australia_and_new_zealand,2011,0.12100
australia_and_new_zealand,2012,0.15100
australia_and_new_zealand,2013,0.13500
australia_and_new_zealand,2014,0.17700
australia_and_new_zealand,2015,0.14400
australia_and_new_zealand,2016,0.15000
australia_and_new_zealand,2017,0.20282
australia_and_new_zealand,2018,0.17169
australia_and_new_zealand,2019,0.13000
australia_and_new_zealand,2020,0.39000
australia_and_new_zealand,2021,0.31000
australia_and_new_zealand,2022,0.28000
austria,1980,0.0022000
austria,1981,0.0022000
austria,1982,0.0022000
austria,1983,0.0022000
austria,1984,0.0022000
austria,1985,0.0022000
austria,1986,0.0022000
austria,1987,0.0022000
austria,1988,0.0022000
austria,1989,0.0022000
austria,1990,0.0022000
austria,1991,0.0022000
austria,1992,0.0022000
austria,1993,0.0022000
austria,1994,0.0022000
austria,1995,0.0022000
austria,1996,0.0022000
austria,1997,0.0022000
austria,1998,0.0022000
austria,1999,0.0022000
austria,2000,0.0022000
austria,2001,0.0020706
austria,2002,0.0019412
austria,2003,0.0018118
austria,2004,0.0016824
austria,2005,0.0015529
austria,2006,0.0014235
austria,2007,0.0012941
austria,2008,0.0011647
austria,2009,0.0010353
austria,2010,0.00090588
austria,2011,0.00077647
austria,2012,0.00064706
austria,2013,0.00051765
austria,2014,0.00038824
austria,2015,0.00025882
austria,2016,0.00012941
austria,2017,0.0000
austria,2018,0.0000
austria,2019,0.0000
austria,2020,0.0000
austria,2021,0.0000
austria,2022,0.0000
bahamas,1989,0.0013000
bahamas,1990,0.0018545
bahamas,1991,0.0024091
bahamas,1992,0.0029636
bahamas,1993,0.0035182
bahamas,1994,0.0040727
bahamas,1995,0.0046273
bahamas,1996,0.0051818
bahamas,1997,0.0057364
bahamas,1998,0.0062909
bahamas,1999,0.0068455
bahamas,2000,0.0074000
bahamas,2001,0.0074000
bahamas,2002,0.0074000
bahamas,2003,0.0074000
bahamas,2004,0.0074000
bahamas,2005,0.0074000
bahamas,2006,0.0074000
bahamas,2007,0.0074000
bahamas,2008,0.0074000
bahamas,2009,0.0074000
bahamas,2010,0.0074000
bahamas,2011,0.0074000
bahamas,2012,0.0074000
bahamas,2013,0.0074000
bahamas,2014,0.0074000
bahamas,2015,0.0074000
bahamas,2016,0.0074000
bahamas,2017,0.0074000
bahamas,2018,0.0074000
bahamas,2019,0.0074000
bahamas,2020,0.0074000
bahamas,2021,0.0074000
bahamas,2022,0.0074000
bahrain,1990,0.044100
bahrain,1991,0.044100
bahrain,1992,0.044100
bahrain,1993,0.044100
bahrain,1994,0.044100
bahrain,1995,0.044100
bahrain,1996,0.044100
bahrain,1997,0.044100
bahrain,1998,0.044100
bahrain,1999,0.044100
bahrain,2000,0.044100
bahrain,2001,0.063533
bahrain,2002,0.082967
bahrain,2003,0.10240
bahrain,2004,0.11302
bahrain,2005,0.12364
bahrain,2006,0.13425
bahrain,2007,0.14487
bahrain,2008,0.15549
bahrain,2009,0.16611
bahrain,2010,0.17673
bahrain,2011,0.18735
bahrain,2012,0.19796
bahrain,2013,0.20858
bahrain,2014,0.21920
bahrain,2015,0.24160
bahrain,2016,0.24190
bahrain,2017,0.24190
bahrain,2018,0.24190
bahrain,2019,0.24190
bahrain,2020,0.24190
bahrain,2021,0.24190
bahrain,2022,0.24190
barbados,2005,0.011000
barbados,2006,0.011000
barbados,2007,0.011000
barbados,2008,0.011000
barbados,2009,0.011000
barbados,2010,0.011000
barbados,2011,0.011000
barbados,2012,0.011000
barbados,2013,0.011000
barbados,2014,0.011000
barbados,2015,0.011000
barbados,2016,0.011000
barbados,2017,0.011000
barbados,2018,0.011000
barbados,2019,0.011000
barbados,2020,0.011000
barbados,2021,0.011000
barbados,2022,0.011000
belgium,2017,0.0000
belgium,2018,0.0000
belgium,2019,0.0000
belgium,2020,0.0000
belgium,2021,0.0000
belgium,2022,0.0000
brazil,1996,0.040000
brazil,1997,0.040000
brazil,1998,0.040000
brazil,1999,0.040000
brazil,2000,0.040000
brazil,2001,0.040000
brazil,2002,0.040000
brazil,2003,0.040000
brazil,2004,0.040000
brazil,2005,0.040000
brazil,2006,0.040000
brazil,2007,0.040000
brazil,2008,0.040000
brazil,2009,0.040000
brazil,2010,0.040000
brazil,2011,0.040000
brazil,2012,0.040000
brazil,2013,0.040000
brazil,2014,0.040000
brazil,2015,0.040000
brazil,2016,0.040000
brazil,2017,0.040000
brazil,2018,0.040000
brazil,2019,0.040000
brazil,2020,0.040000
brazil,2021,0.040000
brazil,2022,0.040000
bulgaria,2016,0.0000
bulgaria,2017,0.0000
bulgaria,2018,0.0000
bulgaria,2019,0.0000
bulgaria,2020,0.0000
bulgaria,2021,0.0000
bulgaria,2022,0.0000
cabo_verde,1990,0.0020000
cabo_verde,1991,0.0019571
cabo_verde,1992,0.0019143
cabo_verde,1993,0.0018714
cabo_verde,1994,0.0018286
cabo_verde,1995,0.0017857
cabo_verde,1996,0.0017429
cabo_verde,1997,0.0017000
cabo_verde,1998,0.0017000
cabo_verde,1999,0.0017000
cabo_verde,2000,0.0017000
cabo_verde,2001,0.0017000
cabo_verde,2002,0.0078535
cabo_verde,2003,0.014007
cabo_verde,2004,0.020161
cabo_verde,2005,0.026314
cabo_verde,2006,0.032468
cabo_verde,2007,0.038621
cabo_verde,2008,0.044775
cabo_verde,2009,0.050928
cabo_verde,2010,0.057082
cabo_verde,2011,0.063235
cabo_verde,2012,0.069389
cabo_verde,2013,0.075542
cabo_verde,2014,0.081696
cabo_verde,2015,0.087849
cabo_verde,2016,0.094003
cabo_verde,2017,0.10016
cabo_verde,2018,0.10631
cabo_verde,2019,0.11246
cabo_verde,2020,0.094247
cabo_verde,2021,0.093718
cabo_verde,2022,0.093975
canada,1990,0.0027000
canada,1991,0.0027000
canada,1992,0.0027000
canada,1993,0.0027000
canada,1994,0.0027000
canada,1995,0.0027000
canada,1996,0.0027000
canada,1997,0.0027000
canada,1998,0.0027000
canada,1999,0.0027000
canada,2000,0.0027000
canada,2001,0.0027000
canada,2002,0.0027000
canada,2003,0.0027000
canada,2004,0.0027000
canada,2005,0.0027000
canada,2006,0.0027000
canada,2007,0.0027000
canada,2008,0.0027000
canada,2009,0.0027000
canada,2010,0.0027000
canada,2011,0.0027000
canada,2012,0.0027000
canada,2013,0.0027000
canada,2014,0.0027000
canada,2015,0.0027000
canada,2016,0.0027000
canada,2017,0.0027000
canada,2018,0.0027000
canada,2019,0.0027000
canada,2020,0.0027000
canada,2021,0.0027000
canada,2022,0.0027000
central_and_southern_asia,2000,1.3326
central_and_southern_asia,2001,1.0380
central_and_southern_asia,2002,0.74322
central_and_southern_asia,2003,0.79248
central_and_southern_asia,2004,0.84174
central_and_southern_asia,2005,0.84175
central_and_southern_asia,2006,0.84176
central_and_southern_asia,2007,0.84177
central_and_southern_asia,2008,0.91278
central_and_southern_asia,2009,0.98563
central_and_southern_asia,2010,1.0585
central_and_southern_asia,2011,1.1171
central_and_southern_asia,2012,1.1757
central_and_southern_asia,2013,1.2343
central_and_southern_asia,2014,1.2929
central_and_southern_asia,2015,1.4047
central_and_southern_asia,2016,1.4651
central_and_southern_asia,2017,1.4159
central_and_southern_asia,2018,0.26590
central_and_southern_asia,2019,0.23590
central_and_southern_asia,2020,0.23590
central_and_southern_asia,2021,0.28590
central_and_southern_asia,2022,0.28590
central_asia,2000,1.3280
central_asia,2001,0.98400
central_asia,2002,0.64000
central_asia,2003,0.64000
central_asia,2004,0.64000
central_asia,2005,0.64000
central_asia,2006,0.64000
central_asia,2007,0.64000
central_asia,2008,0.71100
central_asia,2009,0.78200
central_asia,2010,0.85300
central_asia,2011,0.90975
central_asia,2012,0.96650
central_asia,2013,1.0232
central_asia,2014,1.0800
central_asia,2015,1.1900
central_asia,2016,1.2500
central_asia,2017,1.2000
central_asia,2018,0.050000
central_asia,2019,0.020000
central_asia,2020,0.020000
central_asia,2021,0.070000
central_asia,2022,0.070000
chile,1990,0.0048000
chile,1991,0.0048000
chile,1992,0.0048000
chile,1993,0.0048000
chile,1994,0.0048000
chile,1995,0.0048000
chile,1996,0.0048000
chile,1997,0.0048000
chile,1998,0.0048000
chile,1999,0.0048000
chile,2000,0.0048000
chile,2001,0.0097750
chile,2002,0.014750
chile,2003,0.019725
chile,2004,0.024700
chile,2005,0.029675
chile,2006,0.034650
chile,2007,0.039625
chile,2008,0.044600
chile,2009,0.049575
chile,2010,0.054550
chile,2011,0.059525
chile,2012,0.064500
chile,2013,0.064667
chile,2014,0.064833
chile,2015,0.065000
chile,2016,0.065000
chile,2017,0.065000
chile,2018,0.065000
chile,2019,0.065000
chile,2020,0.065000
chile,2021,0.065000
chile,2022,0.065000
china,2005,0.010900
china,2006,0.010900
china,2007,0.010900
china,2008,0.010900
china,2009,0.91191
china,2010,1.8129
china,2011,2.7139
china,2012,3.6149
china,2013,4.5160
china,2014,5.4170
china,2015,6.3180
china,2016,7.2190
china,2017,8.1200
china,2018,8.6400
china,2019,10.450
china,2020,12.810
china,2021,12.810
china,2022,12.810
colombia,2018,0.0017762
colombia,2019,0.0014825
colombia,2020,0.0012437
colombia,2021,0.0012437
colombia,2022,0.0012437
costa_rica,2013,0.0031000
costa_rica,2014,0.0031000
costa_rica,2015,0.0031000
costa_rica,2016,0.0031000
costa_rica,2017,0.0031000
costa_rica,2018,0.0031000
costa_rica,2019,0.0031000
costa_rica,2020,0.0031000
costa_rica,2021,0.0031000
costa_rica,2022,0.0031000
croatia,2010,0.42155
croatia,2011,0.47186
croatia,2012,0.49554
croatia,2013,0.48457
croatia,2014,0.51998
croatia,2015,0.46828
croatia,2016,0.46958
croatia,2017,0.31811
croatia,2018,0.31686
croatia,2019,0.32500
croatia,2020,0.0000
croatia,2021,0.0000
croatia,2022,0.0000
cuba,2001,0.00040000
cuba,2002,0.00040000
cuba,2003,0.00040000
cuba,2004,0.00040000
cuba,2005,0.00040000
cuba,2006,0.00040000
cuba,2007,0.00040000
cuba,2008,0.00040000
cuba,2009,0.00040000
cuba,2010,0.00040000
cuba,2011,0.00040000
cuba,2012,0.00040000
cuba,2013,0.00040000
cuba,2014,0.00040000
cuba,2015,0.00040000
cuba,2016,0.00040000
cuba,2017,0.00040000
cuba,2018,0.00040000
cuba,2019,0.00040000
cuba,2020,0.00040000
cuba,2021,0.00040000
cuba,2022,0.00040000
cyprus,1990,0.0030000
cyprus,1991,0.0030000
cyprus,1992,0.0030000
cyprus,1993,0.0030000
cyprus,1994,0.0073571
cyprus,1995,0.011714
cyprus,1996,0.016071
cyprus,1997,0.020429
cyprus,1998,0.024786
cyprus,1999,0.029143
cyprus,2000,0.033500
cyprus,2001,0.033500
cyprus,2002,0.033500
cyprus,2003,0.033500
cyprus,2004,0.033500
cyprus,2005,0.033500
cyprus,2006,0.033500
cyprus,2007,0.033500
cyprus,2008,0.033500
cyprus,2009,0.033500
cyprus,2010,0.033500
cyprus,2011,0.033500
cyprus,2012,0.033500
cyprus,2013,0.033500
cyprus,2014,0.033000
cyprus,2015,0.038000
cyprus,2016,0.069000
cyprus,2017,0.069000
cyprus,2018,0.070000
cyprus,2019,0.055000
cyprus,2020,0.030000
cyprus,2021,0.049000
cyprus,2022,0.053000
czechia,1993,0.00020000
czechia,1994,0.00020000
czechia,1995,0.00020000
czechia,1996,0.00020000
czechia,1997,0.00020000
czechia,1998,0.00020000
czechia,1999,0.00020000
czechia,2000,0.00020000
czechia,2001,0.00020000
czechia,2002,0.00020000
czechia,2003,0.00020000
czechia,2004,0.00020000
czechia,2005,0.00020000
czechia,2006,0.00020000
czechia,2007,0.00020000
czechia,2008,0.00020000
czechia,2009,0.00020000
czechia,2010,0.00020000
czechia,2011,0.00020000
czechia,2012,0.00020000
czechia,2013,0.00020000
czechia,2014,0.00020000
czechia,2015,0.00020000
czechia,2016,0.00020000
czechia,2017,0.00020000
czechia,2018,0.00020000
czechia,2019,0.00020000
czechia,2020,0.00020000
czechia,2021,0.00020000
czechia,2022,0.00020000
denmark,1988,0.015000
denmark,1989,0.015000
denmark,1990,0.015000
denmark,1991,0.015000
denmark,1992,0.015000
denmark,1993,0.015000
denmark,1994,0.015000
denmark,1995,0.015000
denmark,1996,0.015000
denmark,1997,0.015000
denmark,1998,0.015000
denmark,1999,0.015000
denmark,2000,0.015000
denmark,2001,0.015000
denmark,2002,0.015000
denmark,2003,0.015000
denmark,2004,0.015000
denmark,2005,0.015000
denmark,2006,0.015000
denmark,2007,0.015000
denmark,2008,0.015000
denmark,2009,0.015000
denmark,2010,0.013125
denmark,2011,0.011250
denmark,2012,0.0093750
denmark,2013,0.0075000
denmark,2014,0.0056250
denmark,2015,0.0037500
denmark,2016,0.0018750
denmark,2017,0.0000
denmark,2018,0.0000
denmark,2019,0.0000
denmark,2020,0.0000
denmark,2021,0.0000
denmark,2022,0.0000
djibouti,1990,0.00010000
djibouti,1991,0.00010000
djibouti,1992,0.00010000
djibouti,1993,0.00010000
djibouti,1994,0.00010000
djibouti,1995,0.00010000
djibouti,1996,0.00010000
djibouti,1997,0.00010000
djibouti,1998,0.00010000
djibouti,1999,0.00010000
djibouti,2000,0.00010000
djibouti,2001,0.00010000
djibouti,2002,0.00010000
djibouti,2003,0.00010000
djibouti,2004,0.00010000
djibouti,2005,0.00010000
djibouti,2006,0.00010000
djibouti,2007,0.00010000
djibouti,2008,0.00010000
djibouti,2009,0.00010000
djibouti,2010,0.00010000
djibouti,2011,0.00010000
djibouti,2012,0.00010000
djibouti,2013,0.00010000
djibouti,2014,0.00010000
djibouti,2015,0.00010000
djibouti,2016,0.00010000
djibouti,2017,0.00010000
djibouti,2018,0.00010000
djibouti,2019,0.00010000
djibouti,2020,0.00010000
djibouti,2021,0.00010000
djibouti,2022,0.00010000
eastern_and_south_eastern_asia,2000,0.070700
eastern_and_south_eastern_asia,2001,0.070700
eastern_and_south_eastern_asia,2002,0.070700
eastern_and_south_eastern_asia,2003,0.070700
eastern_and_south_eastern_asia,2004,0.070700
eastern_and_south_eastern_asia,2005,0.081600
eastern_and_south_eastern_asia,2006,0.081600
eastern_and_south_eastern_asia,2007,0.081600
eastern_and_south_eastern_asia,2008,0.081600
eastern_and_south_eastern_asia,2009,0.98261
eastern_and_south_eastern_asia,2010,1.8836
eastern_and_south_eastern_asia,2011,2.7846
eastern_and_south_eastern_asia,2012,3.6856
eastern_and_south_eastern_asia,2013,4.5867
eastern_and_south_eastern_asia,2014,5.4877
eastern_and_south_eastern_asia,2015,6.3887
eastern_and_south_eastern_asia,2016,7.2897
eastern_and_south_eastern_asia,2017,8.1907
eastern_and_south_eastern_asia,2018,8.7107
eastern_and_south_eastern_asia,2019,10.521
eastern_and_south_eastern_asia,2020,12.881
eastern_and_south_eastern_asia,2021,12.881
eastern_and_south_eastern_asia,2022,12.881
eastern_asia,2000,0.040200
eastern_asia,2001,0.040200
eastern_asia,2002,0.040200
eastern_asia,2003,0.040200
eastern_asia,2004,0.040200
eastern_asia,2005,0.051100
eastern_asia,2006,0.051100
eastern_asia,2007,0.051100
eastern_asia,2008,0.051100
eastern_asia,2009,0.95211
eastern_asia,2010,1.8531
eastern_asia,2011,2.7541
eastern_asia,2012,3.6551
eastern_asia,2013,4.5562
eastern_asia,2014,5.4572
eastern_asia,2015,6.3582
eastern_asia,2016,7.2592
eastern_asia,2017,8.1602
eastern_asia,2018,8.6802
eastern_asia,2019,10.490
eastern_asia,2020,12.850
eastern_asia,2021,12.850
eastern_asia,2022,12.850
ecuador,1990,0.0022000
ecuador,1991,0.0022000
ecuador,1992,0.0022000
ecuador,1993,0.0022000
ecuador,1994,0.0022000
ecuador,1995,0.0022000
ecuador,1996,0.0022000
ecuador,1997,0.0022000
ecuador,1998,0.0022000
ecuador,1999,0.0022000
ecuador,2000,0.0022000
ecuador,2001,0.0022000
ecuador,2002,0.0022000
ecuador,2003,0.0022000
ecuador,2004,0.0022000
ecuador,2005,0.0022000
ecuador,2006,0.0022000
ecuador,2007,0.0022000
ecuador,2008,0.0022000
ecuador,2009,0.0022000
ecuador,2010,0.0022000
ecuador,2011,0.0022000
ecuador,2012,0.0022000
ecuador,2013,0.0022000
ecuador,2014,0.0022000
ecuador,2015,0.0022000
ecuador,2016,0.0022000
ecuador,2017,0.0022000
ecuador,2018,0.0022000
ecuador,2019,0.0022000
ecuador,2020,0.0022000
ecuador,2021,0.0022000
ecuador,2022,0.0022000
egypt,1990,0.025000
egypt,1991,0.025000
egypt,1992,0.025000
egypt,1993,0.025000
egypt,1994,0.035714
egypt,1995,0.046429
egypt,1996,0.057143
egypt,1997,0.067857
egypt,1998,0.078571
egypt,1999,0.089286
egypt,2000,0.10000
egypt,2001,0.10000
egypt,2002,0.10000
egypt,2003,0.11250
egypt,2004,0.12500
egypt,2005,0.13750
egypt,2006,0.15000
egypt,2007,0.16250
egypt,2008,0.17500
egypt,2009,0.18750
egypt,2010,0.20000
egypt,2011,0.20000
egypt,2012,0.20000
egypt,2013,0.20000
egypt,2014,0.20000
egypt,2015,0.20000
egypt,2016,0.20000
egypt,2017,0.20000
egypt,2018,0.20000
egypt,2019,0.20000
egypt,2020,0.20000
egypt,2021,0.20000
egypt,2022,0.20000
el_salvador,1990,0.00010000
el_salvador,1991,0.00010000
el_salvador,1992,0.00010000
el_salvador,1993,0.00010000
el_salvador,1994,0.00010000
el_salvador,1995,0.00010000
el_salvador,1996,0.00010000
el_salvador,1997,0.00010000
el_salvador,1998,0.00010000
el_salvador,1999,0.00010000
el_salvador,2000,0.00010000
el_salvador,2001,0.00010000
el_salvador,2002,0.00010000
el_salvador,2003,0.00010000
el_salvador,2004,0.00010000
el_salvador,2005,0.00010000
el_salvador,2006,0.000094200
el_salvador,2007,0.000088500
el_salvador,2008,0.000082700
el_salvador,2009,0.000077000
el_salvador,2010,0.000071200
el_salvador,2011,0.000065500
el_salvador,2012,0.000059700
el_salvador,2013,0.000054000
el_salvador,2014,0.000048200
el_salvador,2015,0.000042400
el_salvador,2016,0.000036700
el_salvador,2017,0.000030900
el_salvador,2018,0.000025200
el_salvador,2019,0.000019400
el_salvador,2020,0.000013700
el_salvador,2021,0.0000079100
el_salvador,2022,0.0000021500
europe,2000,0.30430
europe,2001,0.30918
europe,2002,0.31605
europe,2003,0.32193
europe,2004,0.32820
europe,2005,0.33378
europe,2006,0.33935
europe,2007,0.34492
europe,2008,0.35061
europe,2009,0.39644
europe,2010,0.86194
europe,2011,0.95638
europe,2012,1.0241
europe,2013,1.0571
europe,2014,1.1354
europe,2015,1.0991
europe,2016,1.1182
europe,2017,1.0011
europe,2018,1.0149
europe,2019,0.85137
europe,2020,0.53321
europe,2021,0.53429
europe,2022,0.53739
europe_and_northern_america,2000,0.89070
europe_and_northern_america,2001,0.89558
europe_and_northern_america,2002,0.90245
europe_and_northern_america,2003,0.90833
europe_and_northern_america,2004,0.91460
europe_and_northern_america,2005,0.92018
europe_and_northern_america,2006,0.92575
europe_and_northern_america,2007,0.93132
europe_and_northern_america,2008,0.93701
europe_and_northern_america,2009,0.98284
europe_and_northern_america,2010,1.4483
europe_and_northern_america,2011,1.5428
europe_and_northern_america,2012,1.6105
europe_and_northern_america,2013,1.6435
europe_and_northern_america,2014,1.7218
europe_and_northern_america,2015,1.6855
europe_and_northern_america,2016,1.7046
europe_and_northern_america,2017,1.5875
europe_and_northern_america,2018,1.6013
europe_and_northern_america,2019,1.4378
europe_and_northern_america,2020,1.1196
europe_and_northern_america,2021,1.1207
europe_and_northern_america,2022,1.1238
finland,1980,0.00010000
finland,1981,0.00010000
finland,1982,0.00010000
finland,1983,0.00010000
finland,1984,0.00010000
finland,1985,0.00010000
finland,1986,0.00010000
finland,1987,0.00010000
finland,1988,0.00010000
finland,1989,0.00010000
finland,1990,0.00010000
finland,1991,0.00010000
finland,1992,0.00010000
finland,1993,0.00010000
finland,1994,0.00010000
finland,1995,0.00010000
finland,1996,0.00010000
finland,1997,0.00010000
finland,1998,0.00010000
finland,1999,0.00010000
finland,2000,0.00010000
finland,2001,0.00010000
finland,2002,0.00010000
finland,2003,0.00010000
finland,2004,0.00010000
finland,2005,0.00010000
finland,2006,0.000092300
finland,2007,0.000084600
finland,2008,0.000076900
finland,2009,0.000069200
finland,2010,0.000061500
finland,2011,0.000053800
finland,2012,0.000046200
finland,2013,0.000038500
finland,2014,0.000030800
finland,2015,0.000023100
finland,2016,0.000015400
finland,2017,0.0000076900
finland,2018,0.0000
finland,2019,0.0000
finland,2020,0.0000
finland,2021,0.0000
finland,2022,0.0000
france,1980,0.011700
france,1981,0.011700
france,1982,0.011700
france,1983,0.011700
france,1984,0.011700
france,1985,0.011700
france,1986,0.011700
france,1987,0.011700
france,1988,0.011700
france,1989,0.011700
france,1990,0.011700
france,1991,0.011700
france,1992,0.011700
france,1993,0.011700
france,1994,0.011700
france,1995,0.011700
france,1996,0.011700
france,1997,0.011700
france,1998,0.011700
france,1999,0.011700
france,2000,0.011700
france,2001,0.011700
france,2002,0.011700
france,2003,0.011700
france,2004,0.011700
france,2005,0.011700
france,2006,0.011700
france,2007,0.011700
france,2008,0.011700
france,2009,0.011700
france,2010,0.011700
france,2011,0.011700
france,2012,0.011700
france,2013,0.011700
france,2014,0.011700
france,2015,0.011700
france,2016,0.011700
france,2017,0.011700
france,2018,0.011700
france,2019,0.011700
france,2020,0.011700
france,2021,0.011700
france,2022,0.011700
ghana,2016,0.016000
ghana,2017,0.016000
ghana,2018,0.016000
ghana,2019,0.016000
ghana,2020,0.016000
ghana,2021,0.016000
ghana,2022,0.016000
greece,1980,0.010000
greece,1981,0.010000
greece,1982,0.010000
greece,1983,0.010000
greece,1984,0.010000
greece,1985,0.010000
greece,1986,0.010000
greece,1987,0.010000
greece,1988,0.010000
greece,1989,0.010000
greece,1990,0.010000
greece,1991,0.010000
greece,1992,0.010000
greece,1993,0.010000
greece,1994,0.010000
greece,1995,0.010000
greece,1996,0.010000
greece,1997,0.010000
greece,1998,0.010000
greece,1999,0.010000
greece,2000,0.010000
greece,2001,0.010000
greece,2002,0.010000
greece,2003,0.010000
greece,2004,0.010000
greece,2005,0.010000
greece,2006,0.010000
greece,2007,0.010000
greece,2008,0.010000
greece,2009,0.010000
greece,2010,0.010000
greece,2011,0.010000
greece,2012,0.010000
greece,2013,0.010000
greece,2014,0.010000
greece,2015,0.010000
greece,2016,0.010000
greece,2017,0.010000
greece,2018,0.010000
greece,2019,0.010000
greece,2020,0.010000
greece,2021,0.010000
greece,2022,0.010000
honduras,1990,0.00020000
honduras,1991,0.00020000
honduras,1992,0.00020000
honduras,1993,0.00020000
honduras,1994,0.00020000
honduras,1995,0.00020000
honduras,1996,0.00020000
honduras,1997,0.00020000
honduras,1998,0.00020000
honduras,1999,0.00020000
honduras,2000,0.00020000
honduras,2001,0.00020000
honduras,2002,0.00020000
honduras,2003,0.00020000
honduras,2004,0.00020000
honduras,2005,0.00020000
honduras,2006,0.00020000
honduras,2007,0.00020000
honduras,2008,0.00020000
honduras,2009,0.00020000
honduras,2010,0.00020000
honduras,2011,0.00020000
honduras,2012,0.00020000
honduras,2013,0.00020000
honduras,2014,0.00020000
honduras,2015,0.00020000
honduras,2016,0.00020000
honduras,2017,0.00020000
honduras,2018,0.00020000
honduras,2019,0.00020000
honduras,2020,0.00020000
honduras,2021,0.00020000
honduras,2022,0.00020000
hungary,1990,0.00020000
hungary,1991,0.00020000
hungary,1992,0.00020000
hungary,1993,0.00020000
hungary,1994,0.00020000
hungary,1995,0.00020000
hungary,1996,0.00020000
hungary,1997,0.00020000
hungary,1998,0.00020000
hungary,1999,0.00020000
hungary,2000,0.00020000
hungary,2001,0.00020000
hungary,2002,0.00020000
hungary,2003,0.00020000
hungary,2004,0.00020000
hungary,2005,0.00020000
hungary,2006,0.00020000
hungary,2007,0.00020000
hungary,2008,0.00020000
hungary,2009,0.00020000
hungary,2010,0.00020000
hungary,2011,0.00020000
hungary,2012,0.00020000
hungary,2013,0.00020000
hungary,2014,0.00020000
hungary,2015,0.00020000
hungary,2016,0.00020000
hungary,2017,0.00020000
hungary,2018,0.00020000
hungary,2019,0.00020000
hungary,2020,0.00020000
hungary,2021,0.00020000
hungary,2022,0.00020000
india,1996,0.00050000
india,1997,0.00050000
india,1998,0.00050000
india,1999,0.00050000
india,2000,0.00050000
india,2001,0.00051000
india,2002,0.00052000
india,2003,0.00053000
india,2004,0.00054000
india,2005,0.00055000
india,2006,0.00056000
india,2007,0.00057000
india,2008,0.00058000
india,2009,0.00059000
india,2010,0.00060000
india,2011,0.00060000
india,2012,0.00060000
india,2013,0.00060000
india,2014,0.00060000
india,2015,0.00060000
india,2016,0.00060000
india,2017,0.00060000
india,2018,0.00060000
india,2019,0.00060000
india,2020,0.00060000
india,2021,0.00060000
india,2022,0.00060000
indonesia,1990,0.018700
indonesia,1991,0.018730
indonesia,1992,0.018760
indonesia,1993,0.018790
indonesia,1994,0.018820
indonesia,1995,0.018850
indonesia,1996,0.018880
indonesia,1997,0.018910
indonesia,1998,0.018940
indonesia,1999,0.018970
indonesia,2000,0.019000
indonesia,2001,0.019000
indonesia,2002,0.019000
indonesia,2003,0.019000
indonesia,2004,0.019000
indonesia,2005,0.019000
indonesia,2006,0.019000
indonesia,2007,0.019000
indonesia,2008,0.019000
indonesia,2009,0.019000
indonesia,2010,0.019000
indonesia,2011,0.019000
indonesia,2012,0.019000
indonesia,2013,0.019000
indonesia,2014,0.019000
indonesia,2015,0.019000
indonesia,2016,0.019000
indonesia,2017,0.019000
indonesia,2018,0.019000
indonesia,2019,0.019000
indonesia,2020,0.019000
indonesia,2021,0.019000
indonesia,2022,0.019000
iran_islamic_republic_of,1991,0.0030000
iran_islamic_republic_of,1992,0.0030000
iran_islamic_republic_of,1993,0.0030000
iran_islamic_republic_of,1994,0.0030000
iran_islamic_republic_of,1995,0.0030000
iran_islamic_republic_of,1996,0.0030000
iran_islamic_republic_of,1997,0.0030000
iran_islamic_republic_of,1998,0.0030000
iran_islamic_republic_of,1999,0.0030000
iran_islamic_republic_of,2000,0.0030000
iran_islamic_republic_of,2001,0.052250
iran_islamic_republic_of,2002,0.10150
iran_islamic_republic_of,2003,0.15075
iran_islamic_republic_of,2004,0.20000
iran_islamic_republic_of,2005,0.20000
iran_islamic_republic_of,2006,0.20000
iran_islamic_republic_of,2007,0.20000
iran_islamic_republic_of,2008,0.20000
iran_islamic_republic_of,2009,0.20000
iran_islamic_republic_of,2010,0.20000
iran_islamic_republic_of,2011,0.20000
iran_islamic_republic_of,2012,0.20000
iran_islamic_republic_of,2013,0.20000
iran_islamic_republic_of,2014,0.20000
iran_islamic_republic_of,2015,0.20000
iran_islamic_republic_of,2016,0.20000
iran_islamic_republic_of,2017,0.20000
iran_islamic_republic_of,2018,0.20000
iran_islamic_republic_of,2019,0.20000
iran_islamic_republic_of,2020,0.20000
iran_islamic_republic_of,2021,0.20000
iran_islamic_republic_of,2022,0.20000
iraq,1997,0.0074000
iraq,1998,0.0074000
iraq,1999,0.0074000
iraq,2000,0.0074000
iraq,2001,0.0077286
iraq,2002,0.0080571
iraq,2003,0.0083857
iraq,2004,0.0087143
iraq,2005,0.0090429
iraq,2006,0.0093714
iraq,2007,0.0097000
iraq,2008,0.010029
iraq,2009,0.010357
iraq,2010,0.010686
iraq,2011,0.011014
iraq,2012,0.011343
iraq,2013,0.011671
iraq,2014,0.012000
iraq,2015,0.011000
iraq,2016,0.0070000
iraq,2017,0.0070000
iraq,2018,0.0060000
iraq,2019,0.0020000
iraq,2020,0.0020000
iraq,2021,0.00030000
iraq,2022,0.00030000
ireland,1990,0.00020000
ireland,1991,0.00020000
ireland,1992,0.00020000
ireland,1993,0.00020000
ireland,1994,0.00020000
ireland,1995,0.00020000
ireland,1996,0.00020000
ireland,1997,0.00020000
ireland,1998,0.00020000
ireland,1999,0.00020000
ireland,2000,0.00020000
ireland,2001,0.00020000
ireland,2002,0.00020000
ireland,2003,0.00020000
ireland,2004,0.00020000
ireland,2005,0.00020000
ireland,2006,0.00020000
ireland,2007,0.00020000
ireland,2008,0.00017778
ireland,2009,0.00015556
ireland,2010,0.00013333
ireland,2011,0.00011111
ireland,2012,0.000088900
ireland,2013,0.000066700
ireland,2014,0.000044400
ireland,2015,0.000022200
ireland,2016,0.0000
ireland,2017,0.0000
ireland,2018,0.0000
ireland,2019,0.0000
ireland,2020,0.0000
ireland,2021,0.0000
ireland,2022,0.0000
israel,1990,0.025600
israel,1991,0.025600
israel,1992,0.025600
israel,1993,0.025600
israel,1994,0.025600
israel,1995,0.025600
israel,1996,0.025600
israel,1997,0.025600
israel,1998,0.025600
israel,1999,0.025600
israel,2000,0.025600
israel,2001,0.025600
israel,2002,0.025600
israel,2003,0.14000
israel,2004,0.14000
israel,2005,0.14000
israel,2006,0.14000
israel,2007,0.14000
israel,2008,0.18133
israel,2009,0.22267
israel,2010,0.26400
israel,2011,0.31180
israel,2012,0.35960
israel,2013,0.40740
israel,2014,0.45520
israel,2015,0.50300
israel,2016,0.54300
israel,2017,0.58600
israel,2018,0.64500
israel,2019,0.60900
israel,2020,0.57600
israel,2021,0.53300
israel,2022,0.54000
italy,1987,0.050000
italy,1988,0.065767
italy,1989,0.081533
italy,1990,0.097300
italy,1991,0.097300
italy,1992,0.097300
italy,1993,0.097300
italy,1994,0.097300
italy,1995,0.097300
italy,1996,0.097300
italy,1997,0.097300
italy,1998,0.097300
italy,1999,0.097300
italy,2000,0.097300
italy,2001,0.10301
italy,2002,0.10871
italy,2003,0.11442
italy,2004,0.12012
italy,2005,0.12583
italy,2006,0.13153
italy,2007,0.13724
italy,2008,0.14294
italy,2009,0.14865
italy,2010,0.15436
italy,2011,0.16006
italy,2012,0.16577
italy,2013,0.17147
italy,2014,0.17718
italy,2015,0.18288
italy,2016,0.18859
italy,2017,0.19429
italy,2018,0.20000
italy,2019,0.020000
italy,2020,0.020000
italy,2021,0.020000
italy,2022,0.020000
jamaica,1990,0.00050000
jamaica,1991,0.00050000
jamaica,1992,0.00050000
jamaica,1993,0.00050000
jamaica,1994,0.00050000
jamaica,1995,0.00050000
jamaica,1996,0.00050000
jamaica,1997,0.00050000
jamaica,1998,0.00050000
jamaica,1999,0.00050000
jamaica,2000,0.00050000
jamaica,2001,0.00050000
jamaica,2002,0.00050000
jamaica,2003,0.00050000
jamaica,2004,0.00050000
jamaica,2005,0.00050000
jamaica,2006,0.00050000
jamaica,2007,0.00050000
jamaica,2008,0.00050000
jamaica,2009,0.00050000
jamaica,2010,0.00050000
jamaica,2011,0.00050000
jamaica,2012,0.00050000
jamaica,2013,0.00050000
jamaica,2014,0.00050000
jamaica,2015,0.00050000
jamaica,2016,0.00050000
jamaica,2017,0.00050000
jamaica,2018,0.00050000
jamaica,2019,0.00050000
jamaica,2020,0.00050000
jamaica,2021,0.00050000
jamaica,2022,0.00050000
japan,1996,0.040000
japan,1997,0.040000
japan,1998,0.040000
japan,1999,0.040000
japan,2000,0.040000
japan,2001,0.040000
japan,2002,0.040000
japan,2003,0.040000
japan,2004,0.040000
japan,2005,0.040000
japan,2006,0.040000
japan,2007,0.040000
japan,2008,0.040000
japan,2009,0.040000
japan,2010,0.040000
japan,2011,0.040000
japan,2012,0.040000
japan,2013,0.040000
japan,2014,0.040000
japan,2015,0.040000
japan,2016,0.040000
japan,2017,0.040000
japan,2018,0.040000
japan,2019,0.040000
japan,2020,0.040000
japan,2021,0.040000
japan,2022,0.040000
jordan,1993,0.0020000
jordan,1994,0.0026500
jordan,1995,0.0033000
jordan,1996,0.0039500
jordan,1997,0.0046000
jordan,1998,0.0052500
jordan,1999,0.0059000
jordan,2000,0.0065500
jordan,2001,0.0072000
jordan,2002,0.0078500
jordan,2003,0.0085000
jordan,2004,0.0091500
jordan,2005,0.0098000
jordan,2006,0.0093778
jordan,2007,0.0089556
jordan,2008,0.0085333
jordan,2009,0.0081111
jordan,2010,0.0076889
jordan,2011,0.0072667
jordan,2012,0.0068444
jordan,2013,0.0064222
jordan,2014,0.0060000
jordan,2015,0.0060000
jordan,2016,0.0042000
jordan,2017,0.0041000
jordan,2018,0.0040000
jordan,2019,0.0031000
jordan,2020,0.0024900
jordan,2021,0.00067000
jordan,2022,0.00067000
kazakhstan,1993,1.3280
kazakhstan,1994,1.3280
kazakhstan,1995,1.3280
kazakhstan,1996,1.3280
kazakhstan,1997,1.3280
kazakhstan,1998,1.3280
kazakhstan,1999,1.3280
kazakhstan,2000,1.3280
kazakhstan,2001,0.98400
kazakhstan,2002,0.64000
kazakhstan,2003,0.64000
kazakhstan,2004,0.64000
kazakhstan,2005,0.64000
kazakhstan,2006,0.64000
kazakhstan,2007,0.64000
kazakhstan,2008,0.71100
kazakhstan,2009,0.78200
kazakhstan,2010,0.85300
kazakhstan,2011,0.90975
kazakhstan,2012,0.96650
kazakhstan,2013,1.0232
kazakhstan,2014,1.0800
kazakhstan,2015,1.1900
kazakhstan,2016,1.2500
kazakhstan,2017,1.2000
kazakhstan,2018,0.050000
kazakhstan,2019,0.020000
kazakhstan,2020,0.020000
kazakhstan,2021,0.070000
kazakhstan,2022,0.070000
kuwait,1990,0.50700
kuwait,1991,0.41500
kuwait,1992,0.32300
kuwait,1993,0.23100
kuwait,1994,0.25202
kuwait,1995,0.27304
kuwait,1996,0.29407
kuwait,1997,0.31509
kuwait,1998,0.33611
kuwait,1999,0.35713
kuwait,2000,0.37816
kuwait,2001,0.39918
kuwait,2002,0.42020
kuwait,2003,0.42020
kuwait,2004,0.42020
kuwait,2005,0.42020
kuwait,2006,0.42020
kuwait,2007,0.42020
kuwait,2008,0.42020
kuwait,2009,0.42020
kuwait,2010,0.42020
kuwait,2011,0.42020
kuwait,2012,0.42020
kuwait,2013,0.42020
kuwait,2014,0.42020
kuwait,2015,0.42020
kuwait,2016,0.42020
kuwait,2017,0.42020
kuwait,2018,0.42020
kuwait,2019,0.42020
kuwait,2020,0.42020
kuwait,2021,0.42020
kuwait,2022,0.42020
land_locked_developing_countries,2000,1.3280
land_locked_developing_countries,2001,0.98400
land_locked_developing_countries,2002,0.64000
land_locked_developing_countries,2003,0.64000
land_locked_developing_countries,2004,0.64000
land_locked_developing_countries,2005,0.64000
land_locked_developing_countries,2006,0.64000
land_locked_developing_countries,2007,0.64000
land_locked_developing_countries,2008,0.71100
land_locked_developing_countries,2009,0.78200
land_locked_developing_countries,2010,0.85300
land_locked_developing_countries,2011,0.90976
land_locked_developing_countries,2012,0.96651
land_locked_developing_countries,2013,1.0233
land_locked_developing_countries,2014,1.0800
land_locked_developing_countries,2015,1.1900
land_locked_developing_countries,2016,1.2500
land_locked_developing_countries,2017,1.2000
land_locked_developing_countries,2018,0.050008
land_locked_developing_countries,2019,0.020008
land_locked_developing_countries,2020,0.020008
land_locked_developing_countries,2021,0.070008
land_locked_developing_countries,2022,0.070008
latin_america_and_the_caribbean,2000,0.10400
latin_america_and_the_caribbean,2001,0.097775
latin_america_and_the_caribbean,2002,0.10275
latin_america_and_the_caribbean,2003,0.10773
latin_america_and_the_caribbean,2004,0.11270
latin_america_and_the_caribbean,2005,0.17217
latin_america_and_the_caribbean,2006,0.17952
latin_america_and_the_caribbean,2007,0.18687
latin_america_and_the_caribbean,2008,0.19421
latin_america_and_the_caribbean,2009,0.19996
latin_america_and_the_caribbean,2010,0.20571
latin_america_and_the_caribbean,2011,0.21146
latin_america_and_the_caribbean,2012,0.21538
latin_america_and_the_caribbean,2013,0.21764
latin_america_and_the_caribbean,2014,0.21620
latin_america_and_the_caribbean,2015,0.21477
latin_america_and_the_caribbean,2016,0.21316
latin_america_and_the_caribbean,2017,0.21318
latin_america_and_the_caribbean,2018,0.22098
latin_america_and_the_caribbean,2019,0.22051
latin_america_and_the_caribbean,2020,0.22167
latin_america_and_the_caribbean,2021,0.22136
latin_america_and_the_caribbean,2022,0.22535
latvia,2016,0.0000
latvia,2017,0.0000
latvia,2018,0.0000
latvia,2019,0.0000
latvia,2020,0.0000
latvia,2021,0.0000
latvia,2022,0.0000
least_developed_countries,2000,0.012750
least_developed_countries,2001,0.015267
least_developed_countries,2002,0.017783
least_developed_countries,2003,0.020300
least_developed_countries,2004,0.022817
least_developed_countries,2005,0.025333
least_developed_countries,2006,0.027850
least_developed_countries,2007,0.027850
least_developed_countries,2008,0.027850
least_developed_countries,2009,0.027850
least_developed_countries,2010,0.027850
least_developed_countries,2011,0.027850
least_developed_countries,2012,0.027450
least_developed_countries,2013,0.027450
least_developed_countries,2014,0.027450
least_developed_countries,2015,0.027450
least_developed_countries,2016,0.027450
least_developed_countries,2017,0.027450
least_developed_countries,2018,0.027450
least_developed_countries,2019,0.027450
least_developed_countries,2020,0.027450
least_developed_countries,2021,0.027450
least_developed_countries,2022,0.027450
lebanon,2006,0.047300
lebanon,2007,0.047300
lebanon,2008,0.047300
lebanon,2009,0.047300
lebanon,2010,0.047300
lebanon,2011,0.047300
lebanon,2012,0.047300
lebanon,2013,0.047300
lebanon,2014,0.047300
lebanon,2015,0.047300
lebanon,2016,0.047300
lebanon,2017,0.047300
lebanon,2018,0.047300
lebanon,2019,0.047300
lebanon,2020,0.047300
lebanon,2021,0.047300
lebanon,2022,0.047300
libya,1998,0.018000
libya,1999,0.018000
libya,2000,0.018000
libya,2001,0.023800
libya,2002,0.029600
libya,2003,0.035400
libya,2004,0.041200
libya,2005,0.047000
libya,2006,0.050286
libya,2007,0.053571
libya,2008,0.056857
libya,2009,0.060143
libya,2010,0.063429
libya,2011,0.066714
libya,2012,0.070000
libya,2013,0.070000
libya,2014,0.070000
libya,2015,0.070000
libya,2016,0.070000
libya,2017,0.070000
libya,2018,0.070000
libya,2019,0.070000
libya,2020,0.070000
libya,2021,0.070000
libya,2022,0.070000
lithuania,2015,0.0000
lithuania,2016,0.0000
lithuania,2017,0.0000
lithuania,2018,0.0000
lithuania,2019,0.0000
lithuania,2020,0.0000
lithuania,2021,0.0000
lithuania,2022,0.0000
luxembourg,2017,0.0000
luxembourg,2018,0.0000
luxembourg,2019,0.0000
luxembourg,2020,0.0000
luxembourg,2021,0.0000
luxembourg,2022,0.0000
malaysia,1990,0.0043000
malaysia,1991,0.0043000
malaysia,1992,0.0043000
malaysia,1993,0.0043000
malaysia,1994,0.0043000
malaysia,1995,0.0043000
malaysia,1996,0.0043000
malaysia,1997,0.0043000
malaysia,1998,0.0043000
malaysia,1999,0.0043000
malaysia,2000,0.0043000
malaysia,2001,0.0043000
malaysia,2002,0.0043000
malaysia,2003,0.0043000
malaysia,2004,0.0043000
malaysia,2005,0.0043000
malaysia,2006,0.0043000
malaysia,2007,0.0043000
malaysia,2008,0.0043000
malaysia,2009,0.0043000
malaysia,2010,0.0043000
malaysia,2011,0.0043000
malaysia,2012,0.0043000
malaysia,2013,0.0043000
malaysia,2014,0.0043000
malaysia,2015,0.0043000
malaysia,2016,0.0043000
malaysia,2017,0.0043000
malaysia,2018,0.0043000
malaysia,2019,0.0043000
malaysia,2020,0.0043000
malaysia,2021,0.0043000
malaysia,2022,0.0043000
maldives,1990,0.00010000
maldives,1991,0.00040000
maldives,1992,0.00046250
maldives,1993,0.00052500
maldives,1994,0.00058750
maldives,1995,0.00065000
maldives,1996,0.00071250
maldives,1997,0.00077500
maldives,1998,0.00083750
maldives,1999,0.00090000
maldives,2000,0.0011000
maldives,2001,0.0012000
maldives,2002,0.0012000
maldives,2003,0.0012000
maldives,2004,0.0012000
maldives,2005,0.0012000
maldives,2006,0.0012000
maldives,2007,0.0012000
maldives,2008,0.0012000
maldives,2009,0.0030429
maldives,2010,0.0048857
maldives,2011,0.0067286
maldives,2012,0.0085714
maldives,2013,0.010414
maldives,2014,0.012257
maldives,2015,0.014100
maldives,2016,0.014500
maldives,2017,0.015300
maldives,2018,0.015300
maldives,2019,0.015300
maldives,2020,0.015300
maldives,2021,0.015300
maldives,2022,0.015300
malta,1990,0.024000
malta,1991,0.025740
malta,1992,0.027480
malta,1993,0.029220
malta,1994,0.030960
malta,1995,0.032700
malta,1996,0.028800
malta,1997,0.024500
malta,1998,0.022500
malta,1999,0.019400
malta,2000,0.017300
malta,2001,0.016600
malta,2002,0.017900
malta,2003,0.018200
malta,2004,0.018900
malta,2005,0.018900
malta,2006,0.018900
malta,2007,0.018900
malta,2008,0.018900
malta,2009,0.018900
malta,2010,0.018900
malta,2011,0.018900
malta,2012,0.018900
malta,2013,0.018900
malta,2014,0.017800
malta,2015,0.019100
malta,2016,0.019900
malta,2017,0.020200
malta,2018,0.020291
malta,2019,0.021173
malta,2020,0.020440
malta,2021,0.020514
malta,2022,0.023610
marshall_islands,1990,0.00070000
marshall_islands,1991,0.00070000
marshall_islands,1992,0.00070000
marshall_islands,1993,0.00070000
marshall_islands,1994,0.00070000
marshall_islands,1995,0.00070000
marshall_islands,1996,0.00070000
marshall_islands,1997,0.00070000
marshall_islands,1998,0.00070000
marshall_islands,1999,0.00070000
marshall_islands,2000,0.00070000
marshall_islands,2001,0.00070000
marshall_islands,2002,0.00070000
marshall_islands,2003,0.00070000
marshall_islands,2004,0.00070000
marshall_islands,2005,0.00070000
marshall_islands,2006,0.00070000
marshall_islands,2007,0.00070000
marshall_islands,2008,0.00070000
marshall_islands,2009,0.00070000
marshall_islands,2010,0.00070000
marshall_islands,2011,0.00070000
marshall_islands,2012,0.00070000
marshall_islands,2013,0.00070000
marshall_islands,2014,0.00070000
marshall_islands,2015,0.00070000
marshall_islands,2016,0.00070000
marshall_islands,2017,0.00070000
marshall_islands,2018,0.00070000
marshall_islands,2019,0.00070000
marshall_islands,2020,0.00070000
marshall_islands,2021,0.00070000
marshall_islands,2022,0.00070000
mauritania,1990,0.0020000
mauritania,1991,0.0020000
mauritania,1992,0.0020000
mauritania,1993,0.0020000
mauritania,1994,0.0020000
mauritania,1995,0.0020000
mauritania,1996,0.0020000
mauritania,1997,0.0020000
mauritania,1998,0.0020000
mauritania,1999,0.0020000
mauritania,2000,0.0020000
mauritania,2001,0.0020000
mauritania,2002,0.0020000
mauritania,2003,0.0020000
mauritania,2004,0.0020000
mauritania,2005,0.0020000
mauritania,2006,0.0020000
mauritania,2007,0.0020000
mauritania,2008,0.0020000
mauritania,2009,0.0020000
mauritania,2010,0.0020000
mauritania,2011,0.0020000
mauritania,2012,0.0020000
mauritania,2013,0.0020000
mauritania,2014,0.0020000
mauritania,2015,0.0020000
mauritania,2016,0.0020000
mauritania,2017,0.0020000
mauritania,2018,0.0020000
mauritania,2019,0.0020000
mauritania,2020,0.0020000
mauritania,2021,0.0020000
mauritania,2022,0.0020000
mexico,1980,0.030700
mexico,1981,0.030700
mexico,1982,0.030700
mexico,1983,0.030700
mexico,1984,0.030700
mexico,1985,0.030700
mexico,1986,0.030700
mexico,1987,0.030700
mexico,1988,0.030700
mexico,1989,0.030700
mexico,1990,0.030700
mexico,1991,0.030700
mexico,1992,0.030700
mexico,1993,0.030700
mexico,1994,0.030700
mexico,1995,0.030700
mexico,1996,0.030700
mexico,1997,0.030700
mexico,1998,0.030700
mexico,1999,0.030700
mexico,2000,0.030700
mexico,2001,0.019100
mexico,2002,0.019100
mexico,2003,0.019100
mexico,2004,0.019100
mexico,2005,0.019100
mexico,2006,0.019100
mexico,2007,0.019100
mexico,2008,0.019100
mexico,2009,0.017475
mexico,2010,0.015850
mexico,2011,0.014225
mexico,2012,0.012600
mexico,2013,0.010975
mexico,2014,0.0093500
mexico,2015,0.0077250
mexico,2016,0.0061000
mexico,2017,0.0061000
mexico,2018,0.012100
mexico,2019,0.011900
mexico,2020,0.013300
mexico,2021,0.013000
mexico,2022,0.017000
mongolia,2005,0.0000
mongolia,2006,0.0000
mongolia,2007,0.0000
mongolia,2008,0.0000
mongolia,2009,0.0000
mongolia,2010,0.0000
mongolia,2011,0.0000
mongolia,2012,0.0000
mongolia,2013,0.0000
mongolia,2014,0.0000
mongolia,2015,0.0000
mongolia,2016,0.0000
mongolia,2017,0.0000
mongolia,2018,0.0000
mongolia,2019,0.0000
mongolia,2020,0.0000
mongolia,2021,0.0000
mongolia,2022,0.0000
morocco,1990,0.0034000
morocco,1991,0.0034000
morocco,1992,0.0034000
morocco,1993,0.0034000
morocco,1994,0.0034000
morocco,1995,0.0034000
morocco,1996,0.0041200
morocco,1997,0.0048400
morocco,1998,0.0055600
morocco,1999,0.0062800
morocco,2000,0.0070000
morocco,2001,0.0050000
morocco,2002,0.0030000
morocco,2003,0.0035000
morocco,2004,0.0040000
morocco,2005,0.0045000
morocco,2006,0.0050000
morocco,2007,0.0055000
morocco,2008,0.0060000
morocco,2009,0.0065000
morocco,2010,0.0070000
morocco,2011,0.0070000
morocco,2012,0.0070000
morocco,2013,0.0070000
morocco,2014,0.0070000
morocco,2015,0.0070000
morocco,2016,0.0070000
morocco,2017,0.0070000
morocco,2018,0.0070000
morocco,2019,0.0070000
morocco,2020,0.0070000
morocco,2021,0.0070000
morocco,2022,0.0070000
namibia,1990,0.00030000
namibia,1991,0.00030000
namibia,1992,0.00030000
namibia,1993,0.00030000
namibia,1994,0.00030000
namibia,1995,0.00030000
namibia,1996,0.00030000
namibia,1997,0.00030000
namibia,1998,0.00030000
namibia,1999,0.00030000
namibia,2000,0.00030000
namibia,2001,0.00085390
namibia,2002,0.0014078
namibia,2003,0.0019617
namibia,2004,0.0025156
namibia,2005,0.0030695
namibia,2006,0.0036234
namibia,2007,0.0041773
namibia,2008,0.0047312
namibia,2009,0.0052851
namibia,2010,0.0058390
namibia,2011,0.0063929
namibia,2012,0.0069468
namibia,2013,0.0075007
namibia,2014,0.0080546
namibia,2015,0.0086085
namibia,2016,0.0091624
namibia,2017,0.0097163
namibia,2018,0.010270
namibia,2019,0.010824
namibia,2020,0.011378
namibia,2021,0.012767
namibia,2022,0.012767
netherlands_kingdom_of_the,2015,0.0000
netherlands_kingdom_of_the,2016,0.0000
netherlands_kingdom_of_the,2017,0.0000
netherlands_kingdom_of_the,2018,0.0000
netherlands_kingdom_of_the,2019,0.0000
netherlands_kingdom_of_the,2020,0.0000
netherlands_kingdom_of_the,2021,0.0000
netherlands_kingdom_of_the,2022,0.0000
nicaragua,1990,0.00020000
nicaragua,1991,0.00020000
nicaragua,1992,0.00020000
nicaragua,1993,0.00020000
nicaragua,1994,0.00020000
nicaragua,1995,0.00020000
nicaragua,1996,0.00020000
nicaragua,1997,0.00020000
nicaragua,1998,0.00020000
nicaragua,1999,0.00020000
nicaragua,2000,0.00020000
nicaragua,2001,0.00020000
nicaragua,2002,0.00020000
nicaragua,2003,0.00020000
nicaragua,2004,0.00020000
nicaragua,2005,0.00020000
nicaragua,2006,0.00020000
nicaragua,2007,0.00020000
nicaragua,2008,0.00020000
nicaragua,2009,0.00022727
nicaragua,2010,0.00025455
nicaragua,2011,0.00028182
nicaragua,2012,0.00030909
nicaragua,2013,0.00033636
nicaragua,2014,0.00036364
nicaragua,2015,0.00039091
nicaragua,2016,0.00041818
nicaragua,2017,0.00044545
nicaragua,2018,0.00047273
nicaragua,2019,0.00050000
nicaragua,2020,0.00050000
nicaragua,2021,0.00050000
nicaragua,2022,0.00050000
nigeria,1990,0.0030000
nigeria,1991,0.0030000
nigeria,1992,0.0030000
nigeria,1993,0.0030000
nigeria,1994,0.0030000
nigeria,1995,0.0030000
nigeria,1996,0.0030000
nigeria,1997,0.0030000
nigeria,1998,0.0030000
nigeria,1999,0.0030000
nigeria,2000,0.0030000
nigeria,2001,0.0030000
nigeria,2002,0.0030000
nigeria,2003,0.0030000
nigeria,2004,0.0030000
nigeria,2005,0.0030000
nigeria,2006,0.0030000
nigeria,2007,0.0030000
nigeria,2008,0.0030000
nigeria,2009,0.0030000
nigeria,2010,0.0030000
nigeria,2011,0.0030000
nigeria,2012,0.0030000
nigeria,2013,0.0030000
nigeria,2014,0.0030000
nigeria,2015,0.0030000
nigeria,2016,0.0030000
nigeria,2017,0.0030000
nigeria,2018,0.0030000
nigeria,2019,0.0030000
nigeria,2020,0.0030000
nigeria,2021,0.0030000
nigeria,2022,0.0030000
northern_africa,2000,0.15540
northern_africa,2001,0.15920
northern_africa,2002,0.16361
northern_africa,2003,0.24282
northern_africa,2004,0.32203
northern_africa,2005,0.40124
northern_africa,2006,0.47793
northern_africa,2007,0.55463
northern_africa,2008,0.63132
northern_africa,2009,0.70802
northern_africa,2010,0.78471
northern_africa,2011,0.84841
northern_africa,2012,0.91170
northern_africa,2013,0.85208
northern_africa,2014,0.79247
northern_africa,2015,0.73285
northern_africa,2016,1.1599
northern_africa,2017,0.93810
northern_africa,2018,0.93003
northern_africa,2019,0.90967
northern_africa,2020,0.88900
northern_africa,2021,0.91100
northern_africa,2022,0.94700
northern_africa_and_western_asia,2000,1.9762
northern_africa_and_western_asia,2001,2.2885
northern_africa_and_western_asia,2002,2.5474
northern_africa_and_western_asia,2003,3.0885
northern_africa_and_western_asia,2004,3.3050
northern_africa_and_western_asia,2005,3.3995
northern_africa_and_western_asia,2006,3.8862
northern_africa_and_western_asia,2007,4.3898
northern_africa_and_western_asia,2008,4.7312
northern_africa_and_western_asia,2009,5.0537
northern_africa_and_western_asia,2010,5.3443
northern_africa_and_western_asia,2011,5.6343
northern_africa_and_western_asia,2012,5.9969
northern_africa_and_western_asia,2013,6.1503
northern_africa_and_western_asia,2014,6.3787
northern_africa_and_western_asia,2015,6.6535
northern_africa_and_western_asia,2016,7.3179
northern_africa_and_western_asia,2017,7.4778
northern_africa_and_western_asia,2018,7.5664
northern_africa_and_western_asia,2019,7.4949
northern_africa_and_western_asia,2020,7.4121
northern_africa_and_western_asia,2021,7.4649
northern_africa_and_western_asia,2022,7.5668
northern_america,2000,0.58640
northern_america,2001,0.58640
northern_america,2002,0.58640
northern_america,2003,0.58640
northern_america,2004,0.58640
northern_america,2005,0.58640
northern_america,2006,0.58640
northern_america,2007,0.58640
northern_america,2008,0.58640
northern_america,2009,0.58640
northern_america,2010,0.58640
northern_america,2011,0.58640
northern_america,2012,0.58640
northern_america,2013,0.58640
northern_america,2014,0.58640
northern_america,2015,0.58640
northern_america,2016,0.58640
northern_america,2017,0.58640
northern_america,2018,0.58640
northern_america,2019,0.58640
northern_america,2020,0.58640
northern_america,2021,0.58640
northern_america,2022,0.58640
norway,1990,0.00010000
norway,1991,0.00010000
norway,1992,0.00010000
norway,1993,0.00010000
norway,1994,0.00010000
norway,1995,0.00010000
norway,1996,0.00010000
norway,1997,0.00010000
norway,1998,0.00010000
norway,1999,0.00010000
norway,2000,0.00010000
norway,2001,0.00010000
norway,2002,0.00010000
norway,2003,0.00010000
norway,2004,0.00010000
norway,2005,0.00010000
norway,2006,0.00010000
norway,2007,0.00010000
norway,2008,0.00010000
norway,2009,0.00010000
norway,2010,0.00010000
norway,2011,0.00020000
norway,2012,0.00020000
norway,2013,0.00010000
norway,2014,0.00013000
norway,2015,0.00027000
norway,2016,0.00041000
norway,2017,0.00057000
norway,2018,0.00060000
norway,2019,0.00044000
norway,2020,0.00043000
norway,2021,0.0014400
norway,2022,0.0014400
oceania,2000,0.030500
oceania,2001,0.030500
oceania,2002,0.030500
oceania,2003,0.030500
oceania,2004,0.030500
oceania,2005,0.030500
oceania,2006,0.031300
oceania,2007,0.032100
oceania,2008,0.032900
oceania,2009,0.033700
oceania,2010,0.077700
oceania,2011,0.12170
oceania,2012,0.15170
oceania,2013,0.13570
oceania,2014,0.17770
oceania,2015,0.14470
oceania,2016,0.15070
oceania,2017,0.20352
oceania,2018,0.17239
oceania,2019,0.13070
oceania,2020,0.39070
oceania,2021,0.31070
oceania,2022,0.28070
oceania_excluding_australia_and_new_zealand,2000,0.00070000
oceania_excluding_australia_and_new_zealand,2001,0.00070000
oceania_excluding_australia_and_new_zealand,2002,0.00070000
oceania_excluding_australia_and_new_zealand,2003,0.00070000
oceania_excluding_australia_and_new_zealand,2004,0.00070000
oceania_excluding_australia_and_new_zealand,2005,0.00070000
oceania_excluding_australia_and_new_zealand,2006,0.00070000
oceania_excluding_australia_and_new_zealand,2007,0.00070000
oceania_excluding_australia_and_new_zealand,2008,0.00070000
oceania_excluding_australia_and_new_zealand,2009,0.00070000
oceania_excluding_australia_and_new_zealand,2010,0.00070000
oceania_excluding_australia_and_new_zealand,2011,0.00070000
oceania_excluding_australia_and_new_zealand,2012,0.00070000
oceania_excluding_australia_and_new_zealand,2013,0.00070000
oceania_excluding_australia_and_new_zealand,2014,0.00070000
oceania_excluding_australia_and_new_zealand,2015,0.00070000
oceania_excluding_australia_and_new_zealand,2016,0.00070000
oceania_excluding_australia_and_new_zealand,2017,0.00070000
oceania_excluding_australia_and_new_zealand,2018,0.00070000
oceania_excluding_australia_and_new_zealand,2019,0.00070000
oceania_excluding_australia_and_new_zealand,2020,0.00070000
oceania_excluding_australia_and_new_zealand,2021,0.00070000
oceania_excluding_australia_and_new_zealand,2022,0.00070000
oman,1995,0.034000
oman,1996,0.034000
oman,1997,0.034000
oman,1998,0.034000
oman,1999,0.034000
oman,2000,0.034000
oman,2001,0.034000
oman,2002,0.034000
oman,2003,0.034000
oman,2004,0.059000
oman,2005,0.084000
oman,2006,0.10900
oman,2007,0.12337
oman,2008,0.13775
oman,2009,0.15213
oman,2010,0.16650
oman,2011,0.18088
oman,2012,0.19525
oman,2013,0.20963
oman,2014,0.22400
oman,2015,0.23900
oman,2016,0.27900
oman,2017,0.33000
oman,2018,0.33000
oman,2019,0.33000
oman,2020,0.33000
oman,2021,0.33000
oman,2022,0.33000
palestine,2014,0.0047000
palestine,2015,0.0039000
palestine,2016,0.0039000
palestine,2017,0.0040000
palestine,2018,0.0041000
palestine,2019,0.0041000
palestine,2020,0.0057000
palestine,2021,0.0075000
palestine,2022,0.0096000
paraguay,2011,0.0000080000
paraguay,2012,0.0000080000
paraguay,2013,0.0000080000
paraguay,2014,0.0000080000
paraguay,2015,0.0000080000
paraguay,2016,0.0000080000
paraguay,2017,0.0000080000
paraguay,2018,0.0000080000
paraguay,2019,0.0000080000
paraguay,2020,0.0000080000
paraguay,2021,0.0000080000
paraguay,2022,0.0000080000
peru,1990,0.0054000
peru,1991,0.0054000
peru,1992,0.0054000
peru,1993,0.0054000
peru,1994,0.0054000
peru,1995,0.0054000
peru,1996,0.0054000
peru,1997,0.0054000
peru,1998,0.0054000
peru,1999,0.0054000
peru,2000,0.0054000
peru,2001,0.0054000
peru,2002,0.0054000
peru,2003,0.0054000
peru,2004,0.0054000
peru,2005,0.0054000
peru,2006,0.0054000
peru,2007,0.0054000
peru,2008,0.0054000
peru,2009,0.0054000
peru,2010,0.0054000
peru,2011,0.0054000
peru,2012,0.0054000
peru,2013,0.0054000
peru,2014,0.0054000
peru,2015,0.0054000
peru,2016,0.0054000
peru,2017,0.0054000
peru,2018,0.0054000
peru,2019,0.0054000
peru,2020,0.0054000
peru,2021,0.0054000
peru,2022,0.0054000
poland,1990,0.0070000
poland,1991,0.0070000
poland,1992,0.0070000
poland,1993,0.0070000
poland,1994,0.0070000
poland,1995,0.0070000
poland,1996,0.0070000
poland,1997,0.0070000
poland,1998,0.0070000
poland,1999,0.0070000
poland,2000,0.0070000
poland,2001,0.0070000
poland,2002,0.0070000
poland,2003,0.0070000
poland,2004,0.0070000
poland,2005,0.0070000
poland,2006,0.0070000
poland,2007,0.0070000
poland,2008,0.0070000
poland,2009,0.0070000
poland,2010,0.0070000
poland,2011,0.0070000
poland,2012,0.0070000
poland,2013,0.0070000
poland,2014,0.0070000
poland,2015,0.0070000
poland,2016,0.0070000
poland,2017,0.0070000
poland,2018,0.0070000
poland,2019,0.0070000
poland,2020,0.0070000
poland,2021,0.0070000
poland,2022,0.0070000
portugal,1990,0.0016000
portugal,1991,0.0016000
portugal,1992,0.0016000
portugal,1993,0.0016000
portugal,1994,0.0016000
portugal,1995,0.0016000
portugal,1996,0.0016000
portugal,1997,0.0016000
portugal,1998,0.0016000
portugal,1999,0.0016000
portugal,2000,0.0016000
portugal,2001,0.0016000
portugal,2002,0.0016000
portugal,2003,0.0016000
portugal,2004,0.0016000
portugal,2005,0.0016000
portugal,2006,0.0016000
portugal,2007,0.0016000
portugal,2008,0.0017478
portugal,2009,0.0018956
portugal,2010,0.0020433
portugal,2011,0.0021911
portugal,2012,0.0023389
portugal,2013,0.0024867
portugal,2014,0.0026344
portugal,2015,0.0027822
portugal,2016,0.0029300
portugal,2017,0.0020300
portugal,2018,0.0012400
portugal,2019,0.0012400
portugal,2020,0.0012400
portugal,2021,0.0012400
portugal,2022,0.0012400
qatar,1990,0.065000
qatar,1991,0.073500
qatar,1992,0.082000
qatar,1993,0.090500
qatar,1994,0.099000
qatar,1995,0.099000
qatar,1996,0.099000
qatar,1997,0.099000
qatar,1998,0.099000
qatar,1999,0.099000
qatar,2000,0.099000
qatar,2001,0.11520
qatar,2002,0.13140
qatar,2003,0.14760
qatar,2004,0.16380
qatar,2005,0.18000
qatar,2006,0.21415
qatar,2007,0.24830
qatar,2008,0.28245
qatar,2009,0.31660
qatar,2010,0.35075
qatar,2011,0.38490
qatar,2012,0.41905
qatar,2013,0.45320
qatar,2014,0.49320
qatar,2015,0.53280
qatar,2016,0.55760
qatar,2017,0.60280
qatar,2018,0.64000
qatar,2019,0.66840
qatar,2020,0.64844
qatar,2021,0.67346
qatar,2022,0.66870
republic_of_korea,2000,0.00020000
republic_of_korea,2001,0.00020000
republic_of_korea,2002,0.00020000
republic_of_korea,2003,0.00020000
republic_of_korea,2004,0.00020000
republic_of_korea,2005,0.00020000
republic_of_korea,2006,0.00020000
republic_of_korea,2007,0.00020000
republic_of_korea,2008,0.00020000
republic_of_korea,2009,0.00020000
republic_of_korea,2010,0.00020000
republic_of_korea,2011,0.00020000
republic_of_korea,2012,0.00020000
republic_of_korea,2013,0.00020000
republic_of_korea,2014,0.00020000
republic_of_korea,2015,0.00020000
republic_of_korea,2016,0.00020000
republic_of_korea,2017,0.00020000
republic_of_korea,2018,0.00020000
republic_of_korea,2019,0.00020000
republic_of_korea,2020,0.00020000
republic_of_korea,2021,0.00020000
republic_of_korea,2022,0.00020000
republic_of_moldova,2017,0.0000
republic_of_moldova,2018,0.0000
republic_of_moldova,2019,0.0000
republic_of_moldova,2020,0.0000
republic_of_moldova,2021,0.0000
republic_of_moldova,2022,0.0000
saint_kitts_and_nevis,2005,0.0033000
saint_kitts_and_nevis,2006,0.0033000
saint_kitts_and_nevis,2007,0.0033000
saint_kitts_and_nevis,2008,0.0033000
saint_kitts_and_nevis,2009,0.0033000
saint_kitts_and_nevis,2010,0.0033000
saint_kitts_and_nevis,2011,0.0033000
saint_kitts_and_nevis,2012,0.0033000
saint_kitts_and_nevis,2013,0.0033000
saint_kitts_and_nevis,2014,0.0033000
saint_kitts_and_nevis,2015,0.0033000
saint_kitts_and_nevis,2016,0.0033000
saint_kitts_and_nevis,2017,0.0033000
saint_kitts_and_nevis,2018,0.0033000
saint_kitts_and_nevis,2019,0.0033000
saint_kitts_and_nevis,2020,0.0033000
saint_kitts_and_nevis,2021,0.0033000
saint_kitts_and_nevis,2022,0.0033000
saint_vincent_and_the_grenadines,2013,0.00060000
saint_vincent_and_the_grenadines,2014,0.00060000
saint_vincent_and_the_grenadines,2015,0.00060000
saint_vincent_and_the_grenadines,2016,0.00060000
saint_vincent_and_the_grenadines,2017,0.00060000
saint_vincent_and_the_grenadines,2018,0.00060000
saint_vincent_and_the_grenadines,2019,0.00060000
saint_vincent_and_the_grenadines,2020,0.00060000
saint_vincent_and_the_grenadines,2021,0.00060000
saint_vincent_and_the_grenadines,2022,0.00060000
saudi_arabia,1980,0.0080000
saudi_arabia,1981,0.061000
saudi_arabia,1982,0.11200
saudi_arabia,1983,0.19900
saudi_arabia,1984,0.32100
saudi_arabia,1985,0.39000
saudi_arabia,1986,0.45000
saudi_arabia,1987,0.50800
saudi_arabia,1988,0.52200
saudi_arabia,1989,0.60900
saudi_arabia,1990,0.65400
saudi_arabia,1991,0.66100
saudi_arabia,1992,0.68300
saudi_arabia,1993,0.69200
saudi_arabia,1994,0.71500
saudi_arabia,1995,0.70600
saudi_arabia,1996,0.72800
saudi_arabia,1997,0.72700
saudi_arabia,1998,0.74100
saudi_arabia,1999,0.77500
saudi_arabia,2000,0.79700
saudi_arabia,2001,0.85700
saudi_arabia,2002,0.86300
saudi_arabia,2003,0.98300
saudi_arabia,2004,1.0650
saudi_arabia,2005,1.0250
saudi_arabia,2006,1.0330
saudi_arabia,2007,1.1183
saudi_arabia,2008,1.2037
saudi_arabia,2009,1.2890
saudi_arabia,2010,1.3743
saudi_arabia,2011,1.4597
saudi_arabia,2012,1.5450
saudi_arabia,2013,1.5940
saudi_arabia,2014,1.6900
saudi_arabia,2015,1.8400
saudi_arabia,2016,1.9470
saudi_arabia,2017,2.1800
saudi_arabia,2018,2.1370
saudi_arabia,2019,2.1370
saudi_arabia,2020,2.1370
saudi_arabia,2021,2.1370
saudi_arabia,2022,2.1370
senegal,1990,0.000050000
senegal,1991,0.000050000
senegal,1992,0.000050000
senegal,1993,0.000050000
senegal,1994,0.000050000
senegal,1995,0.000050000
senegal,1996,0.000050000
senegal,1997,0.000050000
senegal,1998,0.000050000
senegal,1999,0.000050000
senegal,2000,0.000050000
senegal,2001,0.000050000
senegal,2002,0.000050000
senegal,2003,0.000050000
senegal,2004,0.000050000
senegal,2005,0.000050000
senegal,2006,0.000050000
senegal,2007,0.000050000
senegal,2008,0.000050000
senegal,2009,0.000050000
senegal,2010,0.000050000
senegal,2011,0.000050000
senegal,2012,0.000050000
senegal,2013,0.000050000
senegal,2014,0.000050000
senegal,2015,0.000050000
senegal,2016,0.000050000
senegal,2017,0.000050000
senegal,2018,0.000050000
senegal,2019,0.000050000
senegal,2020,0.000050000
senegal,2021,0.000050000
senegal,2022,0.000050000
seychelles,2003,0.0010000
seychelles,2004,0.0010000
seychelles,2005,0.0010000
seychelles,2006,0.0010000
seychelles,2007,0.0010000
seychelles,2008,0.0010000
seychelles,2009,0.0010000
seychelles,2010,0.0010000
seychelles,2011,0.0010000
seychelles,2012,0.0010000
seychelles,2013,0.0010000
seychelles,2014,0.0010000
seychelles,2015,0.0010000
seychelles,2016,0.0010000
seychelles,2017,0.0010000
seychelles,2018,0.0010000
seychelles,2019,0.0010000
seychelles,2020,0.0010000
seychelles,2021,0.0010000
seychelles,2022,0.0010000
singapore,1990,0.0072000
singapore,1991,0.0072000
singapore,1992,0.0072000
singapore,1993,0.0072000
singapore,1994,0.0072000
singapore,1995,0.0072000
singapore,1996,0.0072000
singapore,1997,0.0072000
singapore,1998,0.0072000
singapore,1999,0.0072000
singapore,2000,0.0072000
singapore,2001,0.0072000
singapore,2002,0.0072000
singapore,2003,0.0072000
singapore,2004,0.0072000
singapore,2005,0.0072000
singapore,2006,0.0072000
singapore,2007,0.0072000
singapore,2008,0.0072000
singapore,2009,0.0072000
singapore,2010,0.0072000
singapore,2011,0.0072000
singapore,2012,0.0072000
singapore,2013,0.0072000
singapore,2014,0.0072000
singapore,2015,0.0072000
singapore,2016,0.0072000
singapore,2017,0.0072000
singapore,2018,0.0072000
singapore,2019,0.0072000
singapore,2020,0.0072000
singapore,2021,0.0072000
singapore,2022,0.0072000
small_island_developing_states,2000,0.021900
small_island_developing_states,2001,0.022400
small_island_developing_states,2002,0.028554
small_island_developing_states,2003,0.035707
small_island_developing_states,2004,0.041861
small_island_developing_states,2005,0.10251
small_island_developing_states,2006,0.11104
small_island_developing_states,2007,0.11957
small_island_developing_states,2008,0.12810
small_island_developing_states,2009,0.13848
small_island_developing_states,2010,0.14885
small_island_developing_states,2011,0.15922
small_island_developing_states,2012,0.16776
small_island_developing_states,2013,0.17636
small_island_developing_states,2014,0.18435
small_island_developing_states,2015,0.19235
small_island_developing_states,2016,0.19890
small_island_developing_states,2017,0.20586
small_island_developing_states,2018,0.21201
small_island_developing_states,2019,0.21816
small_island_developing_states,2020,0.19995
small_island_developing_states,2021,0.19942
small_island_developing_states,2022,0.19968
somalia,1990,0.00010000
somalia,1991,0.00010000
somalia,1992,0.00010000
somalia,1993,0.00010000
somalia,1994,0.00010000
somalia,1995,0.00010000
somalia,1996,0.00010000
somalia,1997,0.00010000
somalia,1998,0.00010000
somalia,1999,0.00010000
somalia,2000,0.00010000
somalia,2001,0.00010000
somalia,2002,0.00010000
somalia,2003,0.00010000
somalia,2004,0.00010000
somalia,2005,0.00010000
somalia,2006,0.00010000
somalia,2007,0.00010000
somalia,2008,0.00010000
somalia,2009,0.00010000
somalia,2010,0.00010000
somalia,2011,0.00010000
somalia,2012,0.00010000
somalia,2013,0.00010000
somalia,2014,0.00010000
somalia,2015,0.00010000
somalia,2016,0.00010000
somalia,2017,0.00010000
somalia,2018,0.00010000
somalia,2019,0.00010000
somalia,2020,0.00010000
somalia,2021,0.00010000
somalia,2022,0.00010000
south_africa,1990,0.018000
south_africa,1991,0.018000
south_africa,1992,0.018000
south_africa,1993,0.018000
south_africa,1994,0.018000
south_africa,1995,0.018000
south_africa,1996,0.018000
south_africa,1997,0.018000
south_africa,1998,0.018000
south_africa,1999,0.018000
south_africa,2000,0.018000
south_africa,2001,0.021105
south_africa,2002,0.024211
south_africa,2003,0.027316
south_africa,2004,0.030421
south_africa,2005,0.033526
south_africa,2006,0.036632
south_africa,2007,0.039737
south_africa,2008,0.042842
south_africa,2009,0.045947
south_africa,2010,0.049053
south_africa,2011,0.052158
south_africa,2012,0.055263
south_africa,2013,0.058368
south_africa,2014,0.061474
south_africa,2015,0.064579
south_africa,2016,0.067684
south_africa,2017,0.070789
south_africa,2018,0.073895
south_africa,2019,0.077000
south_africa,2020,0.077000
south_africa,2021,0.077000
south_africa,2022,0.077000
south_eastern_asia,2000,0.030500
south_eastern_asia,2001,0.030500
south_eastern_asia,2002,0.030500
south_eastern_asia,2003,0.030500
south_eastern_asia,2004,0.030500
south_eastern_asia,2005,0.030500
south_eastern_asia,2006,0.030500
south_eastern_asia,2007,0.030500
south_eastern_asia,2008,0.030500
south_eastern_asia,2009,0.030500
south_eastern_asia,2010,0.030500
south_eastern_asia,2011,0.030500
south_eastern_asia,2012,0.030500
south_eastern_asia,2013,0.030500
south_eastern_asia,2014,0.030500
south_eastern_asia,2015,0.030500
south_eastern_asia,2016,0.030500
south_eastern_asia,2017,0.030500
south_eastern_asia,2018,0.030500
south_eastern_asia,2019,0.030500
south_eastern_asia,2020,0.030500
south_eastern_asia,2021,0.030500
south_eastern_asia,2022,0.030500
southern_asia,2000,0.0046000
southern_asia,2001,0.053960
southern_asia,2002,0.10322
southern_asia,2003,0.15248
southern_asia,2004,0.20174
southern_asia,2005,0.20175
southern_asia,2006,0.20176
southern_asia,2007,0.20177
southern_asia,2008,0.20178
southern_asia,2009,0.20363
southern_asia,2010,0.20549
southern_asia,2011,0.20733
southern_asia,2012,0.20917
southern_asia,2013,0.21101
southern_asia,2014,0.21286
southern_asia,2015,0.21470
southern_asia,2016,0.21510
southern_asia,2017,0.21590
southern_asia,2018,0.21590
southern_asia,2019,0.21590
southern_asia,2020,0.21590
southern_asia,2021,0.21590
southern_asia,2022,0.21590
spain,1990,0.10020
spain,1991,0.10020
spain,1992,0.10020
spain,1993,0.10020
spain,1994,0.10020
spain,1995,0.10020
spain,1996,0.10020
spain,1997,0.10020
spain,1998,0.10020
spain,1999,0.10020
spain,2000,0.10020
spain,2001,0.10020
spain,2002,0.10020
spain,2003,0.10020
spain,2004,0.10020
spain,2005,0.10020
spain,2006,0.10020
spain,2007,0.10020
spain,2008,0.10020
spain,2009,0.14033
spain,2010,0.18047
spain,2011,0.22060
spain,2012,0.26073
spain,2013,0.30087
spain,2014,0.34100
spain,2015,0.35100
spain,2016,0.36400
spain,2017,0.39500
spain,2018,0.40500
spain,2019,0.41250
spain,2020,0.42000
spain,2021,0.42000
spain,2022,0.42000
sub_saharan_africa,2000,0.025350
sub_saharan_africa,2001,0.029009
sub_saharan_africa,2002,0.038822
sub_saharan_africa,2003,0.049635
sub_saharan_africa,2004,0.059447
sub_saharan_africa,2005,0.069260
sub_saharan_africa,2006,0.079073
sub_saharan_africa,2007,0.088885
sub_saharan_africa,2008,0.098698
sub_saharan_africa,2009,0.10851
sub_saharan_africa,2010,0.11832
sub_saharan_africa,2011,0.12814
sub_saharan_africa,2012,0.13795
sub_saharan_africa,2013,0.14776
sub_saharan_africa,2014,0.15757
sub_saharan_africa,2015,0.16739
sub_saharan_africa,2016,0.19320
sub_saharan_africa,2017,0.20301
sub_saharan_africa,2018,0.21283
sub_saharan_africa,2019,0.22264
sub_saharan_africa,2020,0.20497
sub_saharan_africa,2021,0.20583
sub_saharan_africa,2022,0.20609
sweden,1980,0.00020000
sweden,1981,0.00020000
sweden,1982,0.00020000
sweden,1983,0.00020000
sweden,1984,0.00020000
sweden,1985,0.00020000
sweden,1986,0.00020000
sweden,1987,0.00020000
sweden,1988,0.00020000
sweden,1989,0.00020000
sweden,1990,0.00020000
sweden,1991,0.00020000
sweden,1992,0.00020000
sweden,1993,0.00020000
sweden,1994,0.00020000
sweden,1995,0.00020000
sweden,1996,0.00020000
sweden,1997,0.00020000
sweden,1998,0.00020000
sweden,1999,0.00020000
sweden,2000,0.00020000
sweden,2001,0.00020000
sweden,2002,0.00020000
sweden,2003,0.00020000
sweden,2004,0.00020000
sweden,2005,0.00020000
sweden,2006,0.00020000
sweden,2007,0.00020000
sweden,2008,0.00020000
sweden,2009,0.00020000
sweden,2010,0.00020000
sweden,2011,0.00028000
sweden,2012,0.00036000
sweden,2013,0.00044000
sweden,2014,0.00052000
sweden,2015,0.00060000
sweden,2016,0.00068000
sweden,2017,0.00076000
sweden,2018,0.00084000
sweden,2019,0.00092000
sweden,2020,0.0010000
sweden,2021,0.0010000
sweden,2022,0.0010000
switzerland,2014,0.0000
switzerland,2015,0.0000
switzerland,2016,0.0000
switzerland,2017,0.0000
switzerland,2018,0.0000
switzerland,2019,0.0000
switzerland,2020,0.0000
switzerland,2021,0.0000
switzerland,2022,0.0000
tajikistan,2006,0.0000
tajikistan,2007,0.0000
tajikistan,2008,0.0000
tajikistan,2009,0.0000
tajikistan,2010,0.0000
tajikistan,2011,0.0000
tajikistan,2012,0.0000
tajikistan,2013,0.0000
tajikistan,2014,0.0000
tajikistan,2015,0.0000
tajikistan,2016,0.0000
tajikistan,2017,0.0000
tajikistan,2018,0.0000
tajikistan,2019,0.0000
tajikistan,2020,0.0000
tajikistan,2021,0.0000
tajikistan,2022,0.0000
trinidad_and_tobago,2005,0.036000
trinidad_and_tobago,2006,0.037833
trinidad_and_tobago,2007,0.039667
trinidad_and_tobago,2008,0.041500
trinidad_and_tobago,2009,0.043333
trinidad_and_tobago,2010,0.045167
trinidad_and_tobago,2011,0.047000
trinidad_and_tobago,2012,0.047000
trinidad_and_tobago,2013,0.047000
trinidad_and_tobago,2014,0.047000
trinidad_and_tobago,2015,0.047000
trinidad_and_tobago,2016,0.047000
trinidad_and_tobago,2017,0.047000
trinidad_and_tobago,2018,0.047000
trinidad_and_tobago,2019,0.047000
trinidad_and_tobago,2020,0.047000
trinidad_and_tobago,2021,0.047000
trinidad_and_tobago,2022,0.047000
tunisia,1990,0.0080000
tunisia,1991,0.0080000
tunisia,1992,0.0080000
tunisia,1993,0.0080000
tunisia,1994,0.0080000
tunisia,1995,0.0080000
tunisia,1996,0.0090000
tunisia,1997,0.010000
tunisia,1998,0.011000
tunisia,1999,0.012000
tunisia,2000,0.013000
tunisia,2001,0.013000
tunisia,2002,0.013609
tunisia,2003,0.014218
tunisia,2004,0.014827
tunisia,2005,0.015436
tunisia,2006,0.016045
tunisia,2007,0.016655
tunisia,2008,0.017264
tunisia,2009,0.017873
tunisia,2010,0.018482
tunisia,2011,0.019091
tunisia,2012,0.019700
tunisia,2013,0.021750
tunisia,2014,0.023800
tunisia,2015,0.025850
tunisia,2016,0.027900
tunisia,2017,0.030100
tunisia,2018,0.042700
tunisia,2019,0.043000
tunisia,2020,0.043000
tunisia,2021,0.043000
tunisia,2022,0.043000
turkiye,1990,0.00050000
turkiye,1991,0.00050000
turkiye,1992,0.00050000
turkiye,1993,0.00050000
turkiye,1994,0.00050000
turkiye,1995,0.00050000
turkiye,1996,0.00050000
turkiye,1997,0.00050000
turkiye,1998,0.00050000
turkiye,1999,0.00050000
turkiye,2000,0.00050000
turkiye,2001,0.00050000
turkiye,2002,0.00050000
turkiye,2003,0.00050000
turkiye,2004,0.00050000
turkiye,2005,0.00050000
turkiye,2006,0.00050000
turkiye,2007,0.00050000
turkiye,2008,0.00050000
turkiye,2009,0.0016333
turkiye,2010,0.0027667
turkiye,2011,0.0039000
turkiye,2012,0.0050333
turkiye,2013,0.0061667
turkiye,2014,0.0073000
turkiye,2015,0.0077500
turkiye,2016,0.0082000
turkiye,2017,0.014720
turkiye,2018,0.021240
turkiye,2019,0.021120
turkiye,2020,0.021000
turkiye,2021,0.023500
turkiye,2022,0.026000
turkmenistan,2006,0.0000
turkmenistan,2007,0.0000
turkmenistan,2008,0.0000
turkmenistan,2009,0.0000
turkmenistan,2010,0.0000
turkmenistan,2011,0.0000
turkmenistan,2012,0.0000
turkmenistan,2013,0.0000
turkmenistan,2014,0.0000
turkmenistan,2015,0.0000
turkmenistan,2016,0.0000
turkmenistan,2017,0.0000
turkmenistan,2018,0.0000
turkmenistan,2019,0.0000
turkmenistan,2020,0.0000
turkmenistan,2021,0.0000
turkmenistan,2022,0.0000
ukraine,2020,0.0000
ukraine,2021,0.0000
ukraine,2022,0.0000
united_arab_emirates,1990,0.16300
united_arab_emirates,1991,0.20740
united_arab_emirates,1992,0.25180
united_arab_emirates,1993,0.29620
united_arab_emirates,1994,0.34060
united_arab_emirates,1995,0.38500
united_arab_emirates,1996,0.38500
united_arab_emirates,1997,0.38500
united_arab_emirates,1998,0.38500
united_arab_emirates,1999,0.38500
united_arab_emirates,2000,0.38500
united_arab_emirates,2001,0.57333
united_arab_emirates,2002,0.76167
united_arab_emirates,2003,0.95000
united_arab_emirates,2004,0.95000
united_arab_emirates,2005,0.95000
united_arab_emirates,2006,1.2325
united_arab_emirates,2007,1.5150
united_arab_emirates,2008,1.5940
united_arab_emirates,2009,1.6530
united_arab_emirates,2010,1.6800
united_arab_emirates,2011,1.7130
united_arab_emirates,2012,1.8190
united_arab_emirates,2013,1.8750
united_arab_emirates,2014,1.9490
united_arab_emirates,2015,2.0050
united_arab_emirates,2016,2.0046
united_arab_emirates,2017,2.0076
united_arab_emirates,2018,2.0446
united_arab_emirates,2019,2.0210
united_arab_emirates,2020,2.0360
united_arab_emirates,2021,2.0650
united_arab_emirates,2022,2.1200
united_kingdom_of_great_britain_and_northern_ireland,1980,0.033300
united_kingdom_of_great_britain_and_northern_ireland,1981,0.033300
united_kingdom_of_great_britain_and_northern_ireland,1982,0.033300
united_kingdom_of_great_britain_and_northern_ireland,1983,0.033300
united_kingdom_of_great_britain_and_northern_ireland,1984,0.033300
united_kingdom_of_great_britain_and_northern_ireland,1985,0.033300
united_kingdom_of_great_britain_and_northern_ireland,1986,0.033300
united_kingdom_of_great_britain_and_northern_ireland,1987,0.033300
united_kingdom_of_great_britain_and_northern_ireland,1988,0.033300
united_kingdom_of_great_britain_and_northern_ireland,1989,0.033300
united_kingdom_of_great_britain_and_northern_ireland,1990,0.033300
united_kingdom_of_great_britain_and_northern_ireland,1991,0.033300
united_kingdom_of_great_britain_and_northern_ireland,1992,0.033300
united_kingdom_of_great_britain_and_northern_ireland,1993,0.033300
united_kingdom_of_great_britain_and_northern_ireland,1994,0.033300
united_kingdom_of_great_britain_and_northern_ireland,1995,0.033300
united_kingdom_of_great_britain_and_northern_ireland,1996,0.033300
united_kingdom_of_great_britain_and_northern_ireland,1997,0.033300
united_kingdom_of_great_britain_and_northern_ireland,1998,0.033300
united_kingdom_of_great_britain_and_northern_ireland,1999,0.033300
united_kingdom_of_great_britain_and_northern_ireland,2000,0.033300
united_kingdom_of_great_britain_and_northern_ireland,2001,0.033300
united_kingdom_of_great_britain_and_northern_ireland,2002,0.033300
united_kingdom_of_great_britain_and_northern_ireland,2003,0.033300
united_kingdom_of_great_britain_and_northern_ireland,2004,0.033300
united_kingdom_of_great_britain_and_northern_ireland,2005,0.033300
united_kingdom_of_great_britain_and_northern_ireland,2006,0.033300
united_kingdom_of_great_britain_and_northern_ireland,2007,0.033300
united_kingdom_of_great_britain_and_northern_ireland,2008,0.033300
united_kingdom_of_great_britain_and_northern_ireland,2009,0.033300
united_kingdom_of_great_britain_and_northern_ireland,2010,0.033300
united_kingdom_of_great_britain_and_northern_ireland,2011,0.033300
united_kingdom_of_great_britain_and_northern_ireland,2012,0.033300
united_kingdom_of_great_britain_and_northern_ireland,2013,0.033300
united_kingdom_of_great_britain_and_northern_ireland,2014,0.033300
united_kingdom_of_great_britain_and_northern_ireland,2015,0.033300
united_kingdom_of_great_britain_and_northern_ireland,2016,0.033300
united_kingdom_of_great_britain_and_northern_ireland,2017,0.033300
united_kingdom_of_great_britain_and_northern_ireland,2018,0.033300
united_kingdom_of_great_britain_and_northern_ireland,2019,0.033300
united_kingdom_of_great_britain_and_northern_ireland,2020,0.033300
united_kingdom_of_great_britain_and_northern_ireland,2021,0.033300
united_kingdom_of_great_britain_and_northern_ireland,2022,0.033300
united_states_of_america,1980,0.13800
united_states_of_america,1981,0.13800
united_states_of_america,1982,0.13800
united_states_of_america,1983,0.13800
united_states_of_america,1984,0.13800
united_states_of_america,1985,0.13800
united_states_of_america,1986,0.22640
united_states_of_america,1987,0.31480
united_states_of_america,1988,0.40320
united_states_of_america,1989,0.49160
united_states_of_america,1990,0.58000
united_states_of_america,1991,0.58000
united_states_of_america,1992,0.58000
united_states_of_america,1993,0.58000
united_states_of_america,1994,0.58000
united_states_of_america,1995,0.58000
united_states_of_america,1996,0.58000
united_states_of_america,1997,0.58000
united_states_of_america,1998,0.58000
united_states_of_america,1999,0.58000
united_states_of_america,2000,0.58000
united_states_of_america,2001,0.58000
united_states_of_america,2002,0.58000
united_states_of_america,2003,0.58000
united_states_of_america,2004,0.58000
united_states_of_america,2005,0.58000
united_states_of_america,2006,0.58000
united_states_of_america,2007,0.58000
united_states_of_america,2008,0.58000
united_states_of_america,2009,0.58000
united_states_of_america,2010,0.58000
united_states_of_america,2011,0.58000
united_states_of_america,2012,0.58000
united_states_of_america,2013,0.58000
united_states_of_america,2014,0.58000
united_states_of_america,2015,0.58000
united_states_of_america,2016,0.58000
united_states_of_america,2017,0.58000
united_states_of_america,2018,0.58000
united_states_of_america,2019,0.58000
united_states_of_america,2020,0.58000
united_states_of_america,2021,0.58000
united_states_of_america,2022,0.58000
uzbekistan,2019,0.0000
uzbekistan,2020,0.0000
uzbekistan,2021,0.0000
uzbekistan,2022,0.0000
venezuela_bolivarian_republic_of,1990,0.0052000
venezuela_bolivarian_republic_of,1991,0.0052000
venezuela_bolivarian_republic_of,1992,0.0052000
venezuela_bolivarian_republic_of,1993,0.0052000
venezuela_bolivarian_republic_of,1994,0.0052000
venezuela_bolivarian_republic_of,1995,0.0052000
venezuela_bolivarian_republic_of,1996,0.0052000
venezuela_bolivarian_republic_of,1997,0.0052000
venezuela_bolivarian_republic_of,1998,0.0052000
venezuela_bolivarian_republic_of,1999,0.0052000
venezuela_bolivarian_republic_of,2000,0.0052000
venezuela_bolivarian_republic_of,2001,0.0052000
venezuela_bolivarian_republic_of,2002,0.0052000
venezuela_bolivarian_republic_of,2003,0.0052000
venezuela_bolivarian_republic_of,2004,0.0052000
venezuela_bolivarian_republic_of,2005,0.0052000
venezuela_bolivarian_republic_of,2006,0.0052000
venezuela_bolivarian_republic_of,2007,0.0052000
venezuela_bolivarian_republic_of,2008,0.0052000
venezuela_bolivarian_republic_of,2009,0.0052000
venezuela_bolivarian_republic_of,2010,0.0052000
venezuela_bolivarian_republic_of,2011,0.0052000
venezuela_bolivarian_republic_of,2012,0.0052000
venezuela_bolivarian_republic_of,2013,0.0052000
venezuela_bolivarian_republic_of,2014,0.0052000
venezuela_bolivarian_republic_of,2015,0.0052000
venezuela_bolivarian_republic_of,2016,0.0052000
venezuela_bolivarian_republic_of,2017,0.0052000
venezuela_bolivarian_republic_of,2018,0.0052000
venezuela_bolivarian_republic_of,2019,0.0052000
venezuela_bolivarian_republic_of,2020,0.0052000
venezuela_bolivarian_republic_of,2021,0.0052000
venezuela_bolivarian_republic_of,2022,0.0052000
western_asia,2000,1.8208
western_asia,2001,2.1293
western_asia,2002,2.3838
western_asia,2003,2.8456
western_asia,2004,2.9829
western_asia,2005,2.9983
western_asia,2006,3.4083
western_asia,2007,3.8351
western_asia,2008,4.0999
western_asia,2009,4.3457
western_asia,2010,4.5596
western_asia,2011,4.7859
western_asia,2012,5.0852
western_asia,2013,5.2982
western_asia,2014,5.5862
western_asia,2015,5.9207
western_asia,2016,6.1580
western_asia,2017,6.5397
western_asia,2018,6.6364
western_asia,2019,6.5852
western_asia,2020,6.5231
western_asia,2021,6.5539
western_asia,2022,6.6198
world,2000,4.4301
world,2001,4.4500
world,2002,4.4358
world,2003,5.0478
world,2004,5.3347
world,2005,5.5150
world,2006,6.0252
world,2007,6.5523
world,2008,6.9884
world,2009,8.3470
world,2010,10.136
world,2011,11.540
world,2012,12.974
world,2013,14.116
world,2014,15.432
world,2015,16.659
world,2016,18.334
world,2017,19.292
world,2018,18.751
world,2019,20.263
world,2020,22.466
world,2021,22.490
world,2022,22.569
yemen,1989,0.010000
yemen,1990,0.010000
yemen,1991,0.010000
yemen,1992,0.010000
yemen,1993,0.010000
yemen,1994,0.010000
yemen,1995,0.010000
yemen,1996,0.010000
yemen,1997,0.010000
yemen,1998,0.010000
yemen,1999,0.010000
yemen,2000,0.010000
yemen,2001,0.012517
yemen,2002,0.015033
yemen,2003,0.017550
yemen,2004,0.020067
yemen,2005,0.022583
yemen,2006,0.025100
yemen,2007,0.025100
yemen,2008,0.025100
yemen,2009,0.025100
yemen,2010,0.025100
yemen,2011,0.025100
yemen,2012,0.025100
yemen,2013,0.025100
yemen,2014,0.025100
yemen,2015,0.025100
yemen,2016,0.025100
yemen,2017,0.025100
yemen,2018,0.025100
yemen,2019,0.025100
yemen,2020,0.025100
yemen,2021,0.025100
yemen,2022,0.025100
