area,year,area_salinized_by_irrigation
albania,1992,12.000
albania,1993,11.520
albania,1994,11.040
albania,1995,10.560
albania,1996,10.080
albania,1997,9.6000
albania,1998,9.1200
albania,1999,8.6400
albania,2000,8.1600
albania,2001,7.6800
albania,2002,7.2000
albania,2003,6.7200
albania,2004,6.2400
albania,2005,5.7600
albania,2006,5.2800
albania,2007,4.8000
albania,2008,4.3200
albania,2009,3.8400
albania,2010,3.3600
albania,2011,2.8800
albania,2012,2.4000
albania,2013,1.9200
albania,2014,1.4400
albania,2015,0.96000
albania,2016,0.48000
albania,2017,0.0000
albania,2018,0.0000
albania,2019,0.0000
albania,2020,0.0000
albania,2021,0.0000
albania,2022,0.0000
argentina,1997,584.00
argentina,1998,584.00
argentina,1999,584.00
argentina,2000,584.00
argentina,2001,584.00
argentina,2002,584.00
argentina,2003,584.00
argentina,2004,584.00
argentina,2005,584.00
argentina,2006,584.00
argentina,2007,584.00
argentina,2008,584.00
argentina,2009,584.00
argentina,2010,584.00
argentina,2011,584.00
argentina,2012,584.00
argentina,2013,584.00
argentina,2014,584.00
argentina,2015,584.00
argentina,2016,584.00
argentina,2017,584.00
argentina,2018,584.00
argentina,2019,584.00
argentina,2020,584.00
argentina,2021,584.00
argentina,2022,584.00
armenia,1995,33.700
armenia,1996,32.492
armenia,1997,31.284
armenia,1998,30.075
armenia,1999,28.867
armenia,2000,27.659
armenia,2001,26.451
armenia,2002,25.243
armenia,2003,24.035
armenia,2004,22.826
armenia,2005,21.618
armenia,2006,20.410
armenia,2007,20.410
armenia,2008,20.410
armenia,2009,20.410
armenia,2010,20.410
armenia,2011,20.410
armenia,2012,20.410
armenia,2013,20.410
armenia,2014,20.410
armenia,2015,20.410
armenia,2016,20.410
armenia,2017,20.410
armenia,2018,20.410
armenia,2019,20.410
armenia,2020,20.410
armenia,2021,20.410
armenia,2022,20.410
australia,1993,200.00
australia,1994,200.00
australia,1995,200.00
australia,1996,200.00
australia,1997,200.00
australia,1998,200.00
australia,1999,200.00
australia,2000,200.00
australia,2001,200.00
australia,2002,200.00
australia,2003,200.00
australia,2004,200.00
australia,2005,200.00
australia,2006,200.00
australia,2007,200.00
australia,2008,200.00
australia,2009,200.00
australia,2010,200.00
australia,2011,200.00
australia,2012,200.00
australia,2013,200.00
australia,2014,200.00
australia,2015,200.00
australia,2016,200.00
australia,2017,200.00
australia,2018,200.00
australia,2019,200.00
australia,2020,200.00
australia,2021,200.00
australia,2022,200.00
australia_and_new_zealand,2000,200.00
australia_and_new_zealand,2001,200.00
australia_and_new_zealand,2002,200.00
australia_and_new_zealand,2003,200.00
australia_and_new_zealand,2004,200.00
australia_and_new_zealand,2005,200.00
australia_and_new_zealand,2006,200.00
australia_and_new_zealand,2007,200.00
australia_and_new_zealand,2008,200.00
australia_and_new_zealand,2009,200.00
australia_and_new_zealand,2010,200.00
australia_and_new_zealand,2011,200.00
australia_and_new_zealand,2012,200.00
australia_and_new_zealand,2013,200.00
australia_and_new_zealand,2014,200.00
australia_and_new_zealand,2015,200.00
australia_and_new_zealand,2016,200.00
australia_and_new_zealand,2017,200.00
australia_and_new_zealand,2018,200.00
australia_and_new_zealand,2019,200.00
australia_and_new_zealand,2020,200.00
australia_and_new_zealand,2021,200.00
australia_and_new_zealand,2022,200.00
azerbaijan,1995,184.00
azerbaijan,1996,240.47
azerbaijan,1997,296.95
azerbaijan,1998,353.43
azerbaijan,1999,409.90
azerbaijan,2000,466.38
azerbaijan,2001,522.85
azerbaijan,2002,579.33
azerbaijan,2003,635.80
azerbaijan,2004,612.45
azerbaijan,2005,589.11
azerbaijan,2006,565.76
azerbaijan,2007,542.42
azerbaijan,2008,519.07
azerbaijan,2009,495.73
azerbaijan,2010,472.38
azerbaijan,2011,449.04
azerbaijan,2012,425.69
azerbaijan,2013,402.35
azerbaijan,2014,379.00
azerbaijan,2015,348.80
azerbaijan,2016,288.20
azerbaijan,2017,270.12
azerbaijan,2018,270.12
azerbaijan,2019,270.12
azerbaijan,2020,270.12
azerbaijan,2021,270.12
azerbaijan,2022,270.12
bahrain,1994,1.0650
bahrain,1995,1.0650
bahrain,1996,1.0650
bahrain,1997,1.0650
bahrain,1998,1.0650
bahrain,1999,1.0650
bahrain,2000,1.0650
bahrain,2001,1.0650
bahrain,2002,1.0650
bahrain,2003,1.0650
bahrain,2004,1.0650
bahrain,2005,1.0650
bahrain,2006,1.0650
bahrain,2007,1.0650
bahrain,2008,1.0650
bahrain,2009,1.0650
bahrain,2010,1.0650
bahrain,2011,1.0650
bahrain,2012,1.0650
bahrain,2013,1.0650
bahrain,2014,1.0650
bahrain,2015,1.0650
bahrain,2016,1.0650
bahrain,2017,1.0650
bahrain,2018,1.0650
bahrain,2019,1.0650
bahrain,2020,1.0650
bahrain,2021,1.0650
bahrain,2022,1.0650
bangladesh,1991,100.00
bangladesh,1992,100.00
bangladesh,1993,100.00
bangladesh,1994,100.00
bangladesh,1995,100.00
bangladesh,1996,100.00
bangladesh,1997,100.00
bangladesh,1998,100.00
bangladesh,1999,100.00
bangladesh,2000,100.00
bangladesh,2001,100.00
bangladesh,2002,100.00
bangladesh,2003,100.00
bangladesh,2004,100.00
bangladesh,2005,100.00
bangladesh,2006,100.00
bangladesh,2007,100.00
bangladesh,2008,100.00
bangladesh,2009,100.00
bangladesh,2010,100.00
bangladesh,2011,100.00
bangladesh,2012,100.00
bangladesh,2013,100.00
bangladesh,2014,100.00
bangladesh,2015,100.00
bangladesh,2016,100.00
bangladesh,2017,100.00
bangladesh,2018,100.00
bangladesh,2019,100.00
bangladesh,2020,100.00
bangladesh,2021,100.00
bangladesh,2022,100.00
bolivia_plurinational_state_of,1999,21.910
bolivia_plurinational_state_of,2000,21.910
bolivia_plurinational_state_of,2001,21.910
bolivia_plurinational_state_of,2002,21.910
bolivia_plurinational_state_of,2003,21.910
bolivia_plurinational_state_of,2004,21.910
bolivia_plurinational_state_of,2005,21.910
bolivia_plurinational_state_of,2006,21.910
bolivia_plurinational_state_of,2007,21.910
bolivia_plurinational_state_of,2008,21.910
bolivia_plurinational_state_of,2009,21.910
bolivia_plurinational_state_of,2010,21.910
bolivia_plurinational_state_of,2011,21.910
bolivia_plurinational_state_of,2012,21.910
bolivia_plurinational_state_of,2013,21.910
bolivia_plurinational_state_of,2014,21.910
bolivia_plurinational_state_of,2015,21.910
bolivia_plurinational_state_of,2016,21.910
bolivia_plurinational_state_of,2017,21.910
bolivia_plurinational_state_of,2018,21.910
bolivia_plurinational_state_of,2019,21.910
bolivia_plurinational_state_of,2020,21.910
bolivia_plurinational_state_of,2021,21.910
bolivia_plurinational_state_of,2022,21.910
brazil,1998,15.000
brazil,1999,15.000
brazil,2000,15.000
brazil,2001,15.000
brazil,2002,15.000
brazil,2003,15.000
brazil,2004,15.000
brazil,2005,15.000
brazil,2006,15.000
brazil,2007,15.000
brazil,2008,15.000
brazil,2009,15.000
brazil,2010,15.000
brazil,2011,15.000
brazil,2012,15.000
brazil,2013,15.000
brazil,2014,15.000
brazil,2015,15.000
brazil,2016,15.000
brazil,2017,15.000
brazil,2018,15.000
brazil,2019,15.000
brazil,2020,15.000
brazil,2021,15.000
brazil,2022,15.000
cabo_verde,2019,1.0000
cabo_verde,2020,1.0000
cabo_verde,2021,1.0000
cabo_verde,2022,1.0000
central_and_southern_asia,2000,9232.6
central_and_southern_asia,2001,9317.9
central_and_southern_asia,2002,9403.2
central_and_southern_asia,2003,9400.8
central_and_southern_asia,2004,16401
central_and_southern_asia,2005,16399
central_and_southern_asia,2006,16398
central_and_southern_asia,2007,16396
central_and_southern_asia,2008,16395
central_and_southern_asia,2009,16393
central_and_southern_asia,2010,16398
central_and_southern_asia,2011,16396
central_and_southern_asia,2012,16394
central_and_southern_asia,2013,16391
central_and_southern_asia,2014,16389
central_and_southern_asia,2015,16347
central_and_southern_asia,2016,16306
central_and_southern_asia,2017,15502
central_and_southern_asia,2018,15520
central_and_southern_asia,2019,15493
central_and_southern_asia,2020,15496
central_and_southern_asia,2021,15777
central_and_southern_asia,2022,15943
central_asia,2000,3732.6
central_asia,2001,3817.9
central_asia,2002,3903.2
central_asia,2003,3900.8
central_asia,2004,3898.4
central_asia,2005,3896.0
central_asia,2006,3894.6
central_asia,2007,3893.2
central_asia,2008,3891.9
central_asia,2009,3890.5
central_asia,2010,3895.2
central_asia,2011,3892.9
central_asia,2012,3890.6
central_asia,2013,3888.3
central_asia,2014,3886.0
central_asia,2015,3843.5
central_asia,2016,3803.0
central_asia,2017,2998.9
central_asia,2018,3016.5
central_asia,2019,2989.7
central_asia,2020,2992.7
central_asia,2021,3274.2
central_asia,2022,3439.8
chile,1994,33.600
chile,1995,33.600
chile,1996,33.600
chile,1997,33.600
chile,1998,33.600
chile,1999,33.600
chile,2000,33.600
chile,2001,33.600
chile,2002,33.600
chile,2003,33.600
chile,2004,33.600
chile,2005,33.600
chile,2006,33.600
chile,2007,33.600
chile,2008,33.600
chile,2009,33.600
chile,2010,33.600
chile,2011,33.600
chile,2012,33.600
chile,2013,33.600
chile,2014,33.600
chile,2015,33.600
chile,2016,33.600
chile,2017,33.600
chile,2018,33.600
chile,2019,33.600
chile,2020,33.600
chile,2021,33.600
chile,2022,33.600
china,1999,6700.0
china,2000,6700.0
china,2001,6700.0
china,2002,6700.0
china,2003,6700.0
china,2004,6700.0
china,2005,6700.0
china,2006,6700.0
china,2007,6700.0
china,2008,6700.0
china,2009,6700.0
china,2010,6700.0
china,2011,6700.0
china,2012,6700.0
china,2013,6700.0
china,2014,6700.0
china,2015,6700.0
china,2016,6700.0
china,2017,6700.0
china,2018,6700.0
china,2019,6700.0
china,2020,6700.0
china,2021,6700.0
china,2022,6700.0
colombia,1999,300.00
colombia,2000,300.00
colombia,2001,300.00
colombia,2002,300.00
colombia,2003,300.00
colombia,2004,300.00
colombia,2005,300.00
colombia,2006,300.00
colombia,2007,300.00
colombia,2008,300.00
colombia,2009,300.00
colombia,2010,300.00
colombia,2011,300.00
colombia,2012,300.00
colombia,2013,300.00
colombia,2014,300.00
colombia,2015,300.00
colombia,2016,300.00
colombia,2017,300.00
colombia,2018,300.00
colombia,2019,300.00
colombia,2020,300.00
colombia,2021,300.00
colombia,2022,300.00
cuba,1999,400.00
cuba,2000,400.00
cuba,2001,400.00
cuba,2002,400.00
cuba,2003,400.00
cuba,2004,400.00
cuba,2005,400.00
cuba,2006,400.00
cuba,2007,400.00
cuba,2008,400.00
cuba,2009,400.00
cuba,2010,400.00
cuba,2011,400.00
cuba,2012,400.00
cuba,2013,400.00
cuba,2014,400.00
cuba,2015,400.00
cuba,2016,400.00
cuba,2017,400.00
cuba,2018,400.00
cuba,2019,400.00
cuba,2020,400.00
cuba,2021,400.00
cuba,2022,400.00
dominican_republic,2006,50.340
dominican_republic,2007,50.340
dominican_republic,2008,50.340
dominican_republic,2009,50.340
dominican_republic,2010,50.340
dominican_republic,2011,50.339
dominican_republic,2012,50.339
dominican_republic,2013,50.339
dominican_republic,2014,50.339
dominican_republic,2015,50.339
dominican_republic,2016,50.339
dominican_republic,2017,50.339
dominican_republic,2018,50.339
dominican_republic,2019,50.339
dominican_republic,2020,50.339
dominican_republic,2021,50.339
dominican_republic,2022,50.339
eastern_and_south_eastern_asia,2000,8100.0
eastern_and_south_eastern_asia,2001,8100.0
eastern_and_south_eastern_asia,2002,8100.0
eastern_and_south_eastern_asia,2003,8100.0
eastern_and_south_eastern_asia,2004,8100.0
eastern_and_south_eastern_asia,2005,8100.0
eastern_and_south_eastern_asia,2006,8100.0
eastern_and_south_eastern_asia,2007,8100.0
eastern_and_south_eastern_asia,2008,8100.0
eastern_and_south_eastern_asia,2009,8100.0
eastern_and_south_eastern_asia,2010,8100.0
eastern_and_south_eastern_asia,2011,8100.0
eastern_and_south_eastern_asia,2012,8100.0
eastern_and_south_eastern_asia,2013,8100.0
eastern_and_south_eastern_asia,2014,8100.0
eastern_and_south_eastern_asia,2015,8100.0
eastern_and_south_eastern_asia,2016,8100.0
eastern_and_south_eastern_asia,2017,8100.0
eastern_and_south_eastern_asia,2018,8100.0
eastern_and_south_eastern_asia,2019,8100.0
eastern_and_south_eastern_asia,2020,8100.0
eastern_and_south_eastern_asia,2021,8100.0
eastern_and_south_eastern_asia,2022,8100.0
eastern_asia,2000,6700.0
eastern_asia,2001,6700.0
eastern_asia,2002,6700.0
eastern_asia,2003,6700.0
eastern_asia,2004,6700.0
eastern_asia,2005,6700.0
eastern_asia,2006,6700.0
eastern_asia,2007,6700.0
eastern_asia,2008,6700.0
eastern_asia,2009,6700.0
eastern_asia,2010,6700.0
eastern_asia,2011,6700.0
eastern_asia,2012,6700.0
eastern_asia,2013,6700.0
eastern_asia,2014,6700.0
eastern_asia,2015,6700.0
eastern_asia,2016,6700.0
eastern_asia,2017,6700.0
eastern_asia,2018,6700.0
eastern_asia,2019,6700.0
eastern_asia,2020,6700.0
eastern_asia,2021,6700.0
eastern_asia,2022,6700.0
egypt,1972,1210.0
egypt,1973,1189.3
egypt,1974,1168.7
egypt,1975,1148.0
egypt,1976,1127.3
egypt,1977,1106.7
egypt,1978,1086.0
egypt,1979,1065.3
egypt,1980,1044.7
egypt,1981,1024.0
egypt,1982,1003.3
egypt,1983,982.67
egypt,1984,962.00
egypt,1985,941.33
egypt,1986,920.67
egypt,1987,900.00
egypt,1988,900.00
egypt,1989,900.00
egypt,1990,900.00
egypt,1991,900.00
egypt,1992,900.00
egypt,1993,900.00
egypt,1994,900.00
egypt,1995,900.00
egypt,1996,900.00
egypt,1997,900.00
egypt,1998,900.00
egypt,1999,900.00
egypt,2000,900.00
egypt,2001,900.00
egypt,2002,900.00
egypt,2003,900.00
egypt,2004,900.00
egypt,2005,900.00
egypt,2006,900.00
egypt,2007,900.00
egypt,2008,900.00
egypt,2009,900.00
egypt,2010,900.00
egypt,2011,900.00
egypt,2012,900.00
egypt,2013,900.00
egypt,2014,900.00
egypt,2015,900.00
egypt,2016,900.00
egypt,2017,900.00
egypt,2018,900.00
egypt,2019,900.00
egypt,2020,900.00
egypt,2021,900.00
egypt,2022,900.00
europe,2000,408.16
europe,2001,407.68
europe,2002,407.20
europe,2003,406.72
europe,2004,406.24
europe,2005,405.76
europe,2006,405.28
europe,2007,404.80
europe,2008,404.32
europe,2009,403.84
europe,2010,403.36
europe,2011,402.88
europe,2012,402.40
europe,2013,401.92
europe,2014,401.44
europe,2015,400.96
europe,2016,400.48
europe,2017,400.00
europe,2018,400.00
europe,2019,400.00
europe,2020,400.00
europe,2021,400.00
europe,2022,400.00
europe_and_northern_america,2000,4608.2
europe_and_northern_america,2001,4607.7
europe_and_northern_america,2002,4607.2
europe_and_northern_america,2003,4606.7
europe_and_northern_america,2004,4606.2
europe_and_northern_america,2005,4605.8
europe_and_northern_america,2006,4605.3
europe_and_northern_america,2007,4604.8
europe_and_northern_america,2008,4604.3
europe_and_northern_america,2009,4603.8
europe_and_northern_america,2010,4603.4
europe_and_northern_america,2011,4602.9
europe_and_northern_america,2012,4602.4
europe_and_northern_america,2013,4601.9
europe_and_northern_america,2014,4601.4
europe_and_northern_america,2015,4601.0
europe_and_northern_america,2016,4600.5
europe_and_northern_america,2017,4600.0
europe_and_northern_america,2018,4600.0
europe_and_northern_america,2019,4600.0
europe_and_northern_america,2020,4600.0
europe_and_northern_america,2021,4600.0
europe_and_northern_america,2022,4600.0
georgia,2002,113.60
georgia,2003,113.60
georgia,2004,113.60
georgia,2005,113.60
georgia,2006,113.60
georgia,2007,113.60
georgia,2008,113.60
georgia,2009,113.60
georgia,2010,113.60
georgia,2011,113.60
georgia,2012,113.60
georgia,2013,113.60
georgia,2014,113.60
georgia,2015,113.60
georgia,2016,113.60
georgia,2017,113.60
georgia,2018,113.60
georgia,2019,113.60
georgia,2020,113.60
georgia,2021,113.60
georgia,2022,113.60
ghana,1992,1.4800
ghana,1993,1.4800
ghana,1994,1.4800
ghana,1995,1.4800
ghana,1996,1.4800
ghana,1997,1.4800
ghana,1998,1.4800
ghana,1999,1.4800
ghana,2000,1.4800
ghana,2001,1.4800
ghana,2002,1.4800
ghana,2003,1.4800
ghana,2004,1.4800
ghana,2005,1.4800
ghana,2006,1.4800
ghana,2007,1.4800
ghana,2008,1.4800
ghana,2009,1.4800
ghana,2010,1.4800
ghana,2011,1.4800
ghana,2012,1.4800
ghana,2013,1.4800
ghana,2014,1.4800
ghana,2015,1.4800
ghana,2016,1.4800
ghana,2017,1.4800
ghana,2018,1.4800
ghana,2019,1.4800
ghana,2020,1.4800
ghana,2021,1.4800
ghana,2022,1.4800
guatemala,1991,5.0000
guatemala,1992,5.0000
guatemala,1993,5.0000
guatemala,1994,5.0000
guatemala,1995,5.0000
guatemala,1996,5.0000
guatemala,1997,5.0000
guatemala,1998,5.0000
guatemala,1999,5.0000
guatemala,2000,5.0000
guatemala,2001,5.0000
guatemala,2002,5.0000
guatemala,2003,5.0000
guatemala,2004,5.0000
guatemala,2005,5.0000
guatemala,2006,5.0000
guatemala,2007,5.0000
guatemala,2008,5.0000
guatemala,2009,5.0000
guatemala,2010,5.0000
guatemala,2011,5.0000
guatemala,2012,5.0000
guatemala,2013,5.0000
guatemala,2014,5.0000
guatemala,2015,5.0000
guatemala,2016,5.0000
guatemala,2017,5.0000
guatemala,2018,5.0000
guatemala,2019,5.0000
guatemala,2020,5.0000
guatemala,2021,5.0000
guatemala,2022,5.0000
india,1991,3300.0
india,1992,3300.0
india,1993,3300.0
india,1994,3300.0
india,1995,3300.0
india,1996,3300.0
india,1997,3300.0
india,1998,3300.0
india,1999,3300.0
india,2000,3300.0
india,2001,3300.0
india,2002,3300.0
india,2003,3300.0
india,2004,3300.0
india,2005,3300.0
india,2006,3300.0
india,2007,3300.0
india,2008,3300.0
india,2009,3300.0
india,2010,3300.0
india,2011,3300.0
india,2012,3300.0
india,2013,3300.0
india,2014,3300.0
india,2015,3300.0
india,2016,3300.0
india,2017,3300.0
india,2018,3300.0
india,2019,3300.0
india,2020,3300.0
india,2021,3300.0
india,2022,3300.0
indonesia,1999,400.00
indonesia,2000,400.00
indonesia,2001,400.00
indonesia,2002,400.00
indonesia,2003,400.00
indonesia,2004,400.00
indonesia,2005,400.00
indonesia,2006,400.00
indonesia,2007,400.00
indonesia,2008,400.00
indonesia,2009,400.00
indonesia,2010,400.00
indonesia,2011,400.00
indonesia,2012,400.00
indonesia,2013,400.00
indonesia,2014,400.00
indonesia,2015,400.00
indonesia,2016,400.00
indonesia,2017,400.00
indonesia,2018,400.00
indonesia,2019,400.00
indonesia,2020,400.00
indonesia,2021,400.00
indonesia,2022,400.00
iran_islamic_republic_of,1993,2100.0
iran_islamic_republic_of,1994,2100.0
iran_islamic_republic_of,1995,2100.0
iran_islamic_republic_of,1996,2100.0
iran_islamic_republic_of,1997,2100.0
iran_islamic_republic_of,1998,2100.0
iran_islamic_republic_of,1999,2100.0
iran_islamic_republic_of,2000,2100.0
iran_islamic_republic_of,2001,2100.0
iran_islamic_republic_of,2002,2100.0
iran_islamic_republic_of,2003,2100.0
iran_islamic_republic_of,2004,2100.0
iran_islamic_republic_of,2005,2100.0
iran_islamic_republic_of,2006,2100.0
iran_islamic_republic_of,2007,2100.0
iran_islamic_republic_of,2008,2100.0
iran_islamic_republic_of,2009,2100.0
iran_islamic_republic_of,2010,2100.0
iran_islamic_republic_of,2011,2100.0
iran_islamic_republic_of,2012,2100.0
iran_islamic_republic_of,2013,2100.0
iran_islamic_republic_of,2014,2100.0
iran_islamic_republic_of,2015,2100.0
iran_islamic_republic_of,2016,2100.0
iran_islamic_republic_of,2017,2100.0
iran_islamic_republic_of,2018,2100.0
iran_islamic_republic_of,2019,2100.0
iran_islamic_republic_of,2020,2100.0
iran_islamic_republic_of,2021,2100.0
iran_islamic_republic_of,2022,2100.0
iraq,1990,1762.0
iraq,1991,1794.4
iraq,1992,1826.8
iraq,1993,1859.1
iraq,1994,1891.5
iraq,1995,1923.9
iraq,1996,1956.3
iraq,1997,1988.6
iraq,1998,2021.0
iraq,1999,2053.4
iraq,2000,2085.8
iraq,2001,2118.1
iraq,2002,2150.5
iraq,2003,2182.9
iraq,2004,2215.3
iraq,2005,2247.6
iraq,2006,2280.0
iraq,2007,2312.4
iraq,2008,2344.8
iraq,2009,2377.1
iraq,2010,2409.5
iraq,2011,2441.9
iraq,2012,2474.3
iraq,2013,2506.6
iraq,2014,2539.0
iraq,2015,2571.4
iraq,2016,2603.8
iraq,2017,2636.1
iraq,2018,2668.5
iraq,2019,2668.5
iraq,2020,2668.5
iraq,2021,2668.5
iraq,2022,2668.5
israel,1993,27.820
israel,1994,27.820
israel,1995,27.820
israel,1996,27.820
israel,1997,27.820
israel,1998,27.820
israel,1999,27.820
israel,2000,27.820
israel,2001,27.820
israel,2002,27.820
israel,2003,27.820
israel,2004,27.820
israel,2005,27.820
israel,2006,27.820
israel,2007,27.820
israel,2008,27.820
israel,2009,27.820
israel,2010,27.820
israel,2011,27.820
israel,2012,27.820
israel,2013,27.820
israel,2014,27.820
israel,2015,27.820
israel,2016,27.820
israel,2017,27.820
israel,2018,27.820
israel,2019,27.820
israel,2020,27.820
israel,2021,27.820
israel,2022,27.820
jordan,1989,2.2770
jordan,1990,2.2770
jordan,1991,2.2770
jordan,1992,2.2770
jordan,1993,2.2770
jordan,1994,2.2770
jordan,1995,2.2770
jordan,1996,2.2770
jordan,1997,2.2770
jordan,1998,2.2770
jordan,1999,2.2770
jordan,2000,2.2770
jordan,2001,2.2770
jordan,2002,2.2770
jordan,2003,2.2770
jordan,2004,2.2770
jordan,2005,2.2770
jordan,2006,2.2770
jordan,2007,2.2770
jordan,2008,2.2770
jordan,2009,2.2770
jordan,2010,2.2770
jordan,2011,2.2770
jordan,2012,2.2770
jordan,2013,2.2770
jordan,2014,2.2770
jordan,2015,2.2770
jordan,2016,2.2770
jordan,2017,2.2770
jordan,2018,2.2770
jordan,2019,2.2770
jordan,2020,2.2770
jordan,2021,2.2770
jordan,2022,2.2770
kazakhstan,1993,242.00
kazakhstan,1994,251.55
kazakhstan,1995,261.09
kazakhstan,1996,270.64
kazakhstan,1997,280.19
kazakhstan,1998,289.74
kazakhstan,1999,299.28
kazakhstan,2000,308.83
kazakhstan,2001,318.38
kazakhstan,2002,327.92
kazakhstan,2003,337.47
kazakhstan,2004,347.02
kazakhstan,2005,356.56
kazakhstan,2006,366.11
kazakhstan,2007,375.66
kazakhstan,2008,385.21
kazakhstan,2009,394.75
kazakhstan,2010,404.30
kazakhstan,2011,406.80
kazakhstan,2012,409.30
kazakhstan,2013,411.80
kazakhstan,2014,414.30
kazakhstan,2015,416.80
kazakhstan,2016,419.30
kazakhstan,2017,397.20
kazakhstan,2018,414.80
kazakhstan,2019,388.00
kazakhstan,2020,391.00
kazakhstan,2021,672.50
kazakhstan,2022,838.10
kenya,1999,30.000
kenya,2000,30.000
kenya,2001,30.000
kenya,2002,30.000
kenya,2003,30.000
kenya,2004,30.000
kenya,2005,30.000
kenya,2006,30.000
kenya,2007,30.000
kenya,2008,30.000
kenya,2009,30.000
kenya,2010,30.000
kenya,2011,30.000
kenya,2012,30.000
kenya,2013,30.000
kenya,2014,30.000
kenya,2015,30.000
kenya,2016,30.000
kenya,2017,30.000
kenya,2018,30.000
kenya,2019,30.000
kenya,2020,30.000
kenya,2021,30.000
kenya,2022,30.000
kuwait,1994,4.0800
kuwait,1995,4.0800
kuwait,1996,4.0800
kuwait,1997,4.0800
kuwait,1998,4.0800
kuwait,1999,4.0800
kuwait,2000,4.0800
kuwait,2001,4.0800
kuwait,2002,4.0800
kuwait,2003,4.0800
kuwait,2004,4.0800
kuwait,2005,4.0800
kuwait,2006,4.0800
kuwait,2007,4.0800
kuwait,2008,4.0800
kuwait,2009,4.0800
kuwait,2010,4.0800
kuwait,2011,4.0800
kuwait,2012,4.0800
kuwait,2013,4.0800
kuwait,2014,4.0800
kuwait,2015,4.0800
kuwait,2016,4.0800
kuwait,2017,4.0800
kuwait,2018,4.0800
kuwait,2019,4.0800
kuwait,2020,4.0800
kuwait,2021,4.0800
kuwait,2022,4.0800
kyrgyzstan,1995,60.000
kyrgyzstan,1996,58.950
kyrgyzstan,1997,57.900
kyrgyzstan,1998,56.850
kyrgyzstan,1999,55.800
kyrgyzstan,2000,54.750
kyrgyzstan,2001,53.700
kyrgyzstan,2002,52.650
kyrgyzstan,2003,51.600
kyrgyzstan,2004,50.550
kyrgyzstan,2005,49.500
kyrgyzstan,2006,49.500
kyrgyzstan,2007,49.500
kyrgyzstan,2008,49.500
kyrgyzstan,2009,49.500
kyrgyzstan,2010,49.500
kyrgyzstan,2011,49.500
kyrgyzstan,2012,49.500
kyrgyzstan,2013,49.500
kyrgyzstan,2014,49.500
kyrgyzstan,2015,49.500
kyrgyzstan,2016,49.500
kyrgyzstan,2017,49.500
kyrgyzstan,2018,49.500
kyrgyzstan,2019,49.500
kyrgyzstan,2020,49.500
kyrgyzstan,2021,49.500
kyrgyzstan,2022,49.500
land_locked_developing_countries,2000,4248.9
land_locked_developing_countries,2001,4389.5
land_locked_developing_countries,2002,4530.1
land_locked_developing_countries,2003,4582.9
land_locked_developing_countries,2004,4555.9
land_locked_developing_countries,2005,4529.0
land_locked_developing_countries,2006,4503.0
land_locked_developing_countries,2007,4478.3
land_locked_developing_countries,2008,4453.6
land_locked_developing_countries,2009,4428.9
land_locked_developing_countries,2010,4410.3
land_locked_developing_countries,2011,4384.6
land_locked_developing_countries,2012,4359.0
land_locked_developing_countries,2013,4333.3
land_locked_developing_countries,2014,4307.7
land_locked_developing_countries,2015,4235.0
land_locked_developing_countries,2016,4133.9
land_locked_developing_countries,2017,3311.7
land_locked_developing_countries,2018,3329.3
land_locked_developing_countries,2019,3302.5
land_locked_developing_countries,2020,3305.5
land_locked_developing_countries,2021,3587.0
land_locked_developing_countries,2022,3752.6
latin_america_and_the_caribbean,2000,2043.7
latin_america_and_the_caribbean,2001,2043.7
latin_america_and_the_caribbean,2002,2043.7
latin_america_and_the_caribbean,2003,2043.7
latin_america_and_the_caribbean,2004,2043.7
latin_america_and_the_caribbean,2005,2043.7
latin_america_and_the_caribbean,2006,2094.1
latin_america_and_the_caribbean,2007,2094.0
latin_america_and_the_caribbean,2008,2094.0
latin_america_and_the_caribbean,2009,2094.0
latin_america_and_the_caribbean,2010,2094.0
latin_america_and_the_caribbean,2011,2094.0
latin_america_and_the_caribbean,2012,2094.0
latin_america_and_the_caribbean,2013,2094.0
latin_america_and_the_caribbean,2014,2094.0
latin_america_and_the_caribbean,2015,2094.0
latin_america_and_the_caribbean,2016,2094.0
latin_america_and_the_caribbean,2017,2094.0
latin_america_and_the_caribbean,2018,2094.0
latin_america_and_the_caribbean,2019,2094.0
latin_america_and_the_caribbean,2020,2094.0
latin_america_and_the_caribbean,2021,2094.0
latin_america_and_the_caribbean,2022,2094.0
least_developed_countries,2000,652.35
least_developed_countries,2001,652.35
least_developed_countries,2002,652.35
least_developed_countries,2003,652.35
least_developed_countries,2004,652.35
least_developed_countries,2005,652.35
least_developed_countries,2006,652.35
least_developed_countries,2007,652.35
least_developed_countries,2008,652.35
least_developed_countries,2009,652.35
least_developed_countries,2010,652.35
least_developed_countries,2011,652.35
least_developed_countries,2012,152.35
least_developed_countries,2013,152.35
least_developed_countries,2014,152.35
least_developed_countries,2015,152.35
least_developed_countries,2016,152.35
least_developed_countries,2017,152.35
least_developed_countries,2018,152.35
least_developed_countries,2019,152.35
least_developed_countries,2020,152.35
least_developed_countries,2021,152.35
least_developed_countries,2022,152.35
lebanon,2001,1.0000
lebanon,2002,1.0000
lebanon,2003,1.0000
lebanon,2004,1.0000
lebanon,2005,1.0000
lebanon,2006,1.0000
lebanon,2007,1.0000
lebanon,2008,1.0000
lebanon,2009,1.0000
lebanon,2010,1.0000
lebanon,2011,1.0000
lebanon,2012,1.0000
lebanon,2013,1.0000
lebanon,2014,1.0000
lebanon,2015,1.0000
lebanon,2016,1.0000
lebanon,2017,1.0000
lebanon,2018,1.0000
lebanon,2019,1.0000
lebanon,2020,1.0000
lebanon,2021,1.0000
lebanon,2022,1.0000
libya,1998,190.00
libya,1999,190.00
libya,2000,190.00
libya,2001,190.00
libya,2002,190.00
libya,2003,190.00
libya,2004,190.00
libya,2005,190.00
libya,2006,190.00
libya,2007,190.00
libya,2008,190.00
libya,2009,190.00
libya,2010,190.00
libya,2011,190.00
libya,2012,190.00
libya,2013,190.00
libya,2014,190.00
libya,2015,190.00
libya,2016,190.00
libya,2017,190.00
libya,2018,190.00
libya,2019,190.00
libya,2020,190.00
libya,2021,190.00
libya,2022,190.00
luxembourg,2016,0.0000
luxembourg,2017,0.0000
luxembourg,2018,0.0000
luxembourg,2019,0.0000
luxembourg,2020,0.0000
luxembourg,2021,0.0000
luxembourg,2022,0.0000
malta,1995,0.0000
malta,1996,0.0000
malta,1997,0.0000
malta,1998,0.0000
malta,1999,0.0000
malta,2000,0.0000
malta,2001,0.0000
malta,2002,0.0000
malta,2003,0.0000
malta,2004,0.0000
malta,2005,0.0000
malta,2006,0.0000
malta,2007,0.0000
malta,2008,0.0000
malta,2009,0.0000
malta,2010,0.0000
malta,2011,0.0000
malta,2012,0.0000
malta,2013,0.0000
malta,2014,0.0000
malta,2015,0.0000
malta,2016,0.0000
malta,2017,0.0000
malta,2018,0.0000
malta,2019,0.0000
malta,2020,0.0000
malta,2021,0.0000
malta,2022,0.0000
mauritius,2002,0.0000
mauritius,2003,0.0000
mauritius,2004,0.0000
mauritius,2005,0.0000
mauritius,2006,0.0000
mauritius,2007,0.0000
mauritius,2008,0.0000
mauritius,2009,0.0000
mauritius,2010,0.0000
mauritius,2011,0.0000
mauritius,2012,0.0000
mauritius,2013,0.0000
mauritius,2014,0.0000
mauritius,2015,0.0000
mauritius,2016,0.0000
mauritius,2017,0.0000
mauritius,2018,0.0000
mauritius,2019,0.0000
mauritius,2020,0.0000
mauritius,2021,0.0000
mauritius,2022,0.0000
mexico,1995,384.20
mexico,1996,384.20
mexico,1997,384.20
mexico,1998,384.20
mexico,1999,384.20
mexico,2000,384.20
mexico,2001,384.20
mexico,2002,384.20
mexico,2003,384.20
mexico,2004,384.20
mexico,2005,384.20
mexico,2006,384.20
mexico,2007,384.20
mexico,2008,384.20
mexico,2009,384.20
mexico,2010,384.20
mexico,2011,384.20
mexico,2012,384.20
mexico,2013,384.20
mexico,2014,384.20
mexico,2015,384.20
mexico,2016,384.20
mexico,2017,384.20
mexico,2018,384.20
mexico,2019,384.20
mexico,2020,384.20
mexico,2021,384.20
mexico,2022,384.20
morocco,2000,150.00
morocco,2001,150.00
morocco,2002,150.00
morocco,2003,150.00
morocco,2004,150.00
morocco,2005,150.00
morocco,2006,150.00
morocco,2007,150.00
morocco,2008,150.00
morocco,2009,150.00
morocco,2010,150.00
morocco,2011,150.00
morocco,2012,150.00
morocco,2013,150.00
morocco,2014,150.00
morocco,2015,150.00
morocco,2016,150.00
morocco,2017,150.00
morocco,2018,150.00
morocco,2019,150.00
morocco,2020,150.00
morocco,2021,150.00
morocco,2022,150.00
mozambique,1995,2.0000
mozambique,1996,2.0000
mozambique,1997,2.0000
mozambique,1998,2.0000
mozambique,1999,2.0000
mozambique,2000,2.0000
mozambique,2001,2.0000
mozambique,2002,2.0000
mozambique,2003,2.0000
mozambique,2004,2.0000
mozambique,2005,2.0000
mozambique,2006,2.0000
mozambique,2007,2.0000
mozambique,2008,2.0000
mozambique,2009,2.0000
mozambique,2010,2.0000
mozambique,2011,2.0000
mozambique,2012,2.0000
mozambique,2013,2.0000
mozambique,2014,2.0000
mozambique,2015,2.0000
mozambique,2016,2.0000
mozambique,2017,2.0000
mozambique,2018,2.0000
mozambique,2019,2.0000
mozambique,2020,2.0000
mozambique,2021,2.0000
mozambique,2022,2.0000
namibia,1992,1.3000
namibia,1993,1.3000
namibia,1994,1.3000
namibia,1995,1.3000
namibia,1996,1.3000
namibia,1997,1.3000
namibia,1998,1.3000
namibia,1999,1.3000
namibia,2000,1.3000
namibia,2001,1.3000
namibia,2002,1.3000
namibia,2003,1.3000
namibia,2004,1.3000
namibia,2005,1.3000
namibia,2006,1.3000
namibia,2007,1.3000
namibia,2008,1.3000
namibia,2009,1.3000
namibia,2010,1.3000
namibia,2011,1.3000
namibia,2012,1.3000
namibia,2013,1.3000
namibia,2014,1.3000
namibia,2015,1.3000
namibia,2016,1.3000
namibia,2017,1.3000
namibia,2018,1.3000
namibia,2019,1.3000
namibia,2020,1.3000
namibia,2021,1.3000
namibia,2022,1.3000
niger,2000,0.35000
niger,2001,0.35000
niger,2002,0.35000
niger,2003,0.35000
niger,2004,0.35000
niger,2005,0.35000
niger,2006,0.35000
niger,2007,0.35000
niger,2008,0.35000
niger,2009,0.35000
niger,2010,0.35000
niger,2011,0.35000
niger,2012,0.35000
niger,2013,0.35000
niger,2014,0.35000
niger,2015,0.35000
niger,2016,0.35000
niger,2017,0.35000
niger,2018,0.35000
niger,2019,0.35000
niger,2020,0.35000
niger,2021,0.35000
niger,2022,0.35000
nigeria,1999,100.00
nigeria,2000,100.00
nigeria,2001,100.00
nigeria,2002,100.00
nigeria,2003,100.00
nigeria,2004,100.00
nigeria,2005,100.00
nigeria,2006,100.00
nigeria,2007,100.00
nigeria,2008,100.00
nigeria,2009,100.00
nigeria,2010,100.00
nigeria,2011,100.00
nigeria,2012,100.00
nigeria,2013,100.00
nigeria,2014,100.00
nigeria,2015,100.00
nigeria,2016,100.00
nigeria,2017,100.00
nigeria,2018,100.00
nigeria,2019,100.00
nigeria,2020,100.00
nigeria,2021,100.00
nigeria,2022,100.00
northern_africa,2000,1740.0
northern_africa,2001,1826.0
northern_africa,2002,1832.7
northern_africa,2003,1839.4
northern_africa,2004,1846.1
northern_africa,2005,1852.8
northern_africa,2006,1859.5
northern_africa,2007,1866.2
northern_africa,2008,1872.9
northern_africa,2009,1879.6
northern_africa,2010,1886.4
northern_africa,2011,1893.1
northern_africa,2012,1399.8
northern_africa,2013,1406.5
northern_africa,2014,1413.2
northern_africa,2015,1419.9
northern_africa,2016,1426.6
northern_africa,2017,1433.3
northern_africa,2018,1440.0
northern_africa,2019,1440.0
northern_africa,2020,1440.0
northern_africa,2021,1440.0
northern_africa,2022,1440.0
northern_africa_and_western_asia,2000,4415.0
northern_africa_and_western_asia,2001,4589.7
northern_africa_and_western_asia,2002,4797.6
northern_africa_and_western_asia,2003,4892.0
northern_africa_and_western_asia,2004,6425.5
northern_africa_and_western_asia,2005,6345.7
northern_africa_and_western_asia,2006,6265.9
northern_africa_and_western_asia,2007,6187.3
northern_africa_and_western_asia,2008,6108.7
northern_africa_and_western_asia,2009,6030.2
northern_africa_and_western_asia,2010,5951.6
northern_africa_and_western_asia,2011,5873.0
northern_africa_and_western_asia,2012,5294.4
northern_africa_and_western_asia,2013,5215.8
northern_africa_and_western_asia,2014,5137.2
northern_africa_and_western_asia,2015,5051.8
northern_africa_and_western_asia,2016,4936.0
northern_africa_and_western_asia,2017,4862.7
northern_africa_and_western_asia,2018,4807.4
northern_africa_and_western_asia,2019,4713.1
northern_africa_and_western_asia,2020,4618.8
northern_africa_and_western_asia,2021,4617.1
northern_africa_and_western_asia,2022,4617.4
northern_america,2000,4200.0
northern_america,2001,4200.0
northern_america,2002,4200.0
northern_america,2003,4200.0
northern_america,2004,4200.0
northern_america,2005,4200.0
northern_america,2006,4200.0
northern_america,2007,4200.0
northern_america,2008,4200.0
northern_america,2009,4200.0
northern_america,2010,4200.0
northern_america,2011,4200.0
northern_america,2012,4200.0
northern_america,2013,4200.0
northern_america,2014,4200.0
northern_america,2015,4200.0
northern_america,2016,4200.0
northern_america,2017,4200.0
northern_america,2018,4200.0
northern_america,2019,4200.0
northern_america,2020,4200.0
northern_america,2021,4200.0
northern_america,2022,4200.0
oceania,2000,200.00
oceania,2001,200.00
oceania,2002,200.00
oceania,2003,200.00
oceania,2004,200.00
oceania,2005,200.00
oceania,2006,200.00
oceania,2007,200.00
oceania,2008,200.00
oceania,2009,200.00
oceania,2010,200.00
oceania,2011,200.00
oceania,2012,200.00
oceania,2013,200.00
oceania,2014,200.00
oceania,2015,200.00
oceania,2016,200.00
oceania,2017,200.00
oceania,2018,200.00
oceania,2019,200.00
oceania,2020,200.00
oceania,2021,200.00
oceania,2022,200.00
pakistan,2004,7003.0
pakistan,2005,7003.0
pakistan,2006,7003.0
pakistan,2007,7003.0
pakistan,2008,7003.0
pakistan,2009,7003.0
pakistan,2010,7003.0
pakistan,2011,7003.0
pakistan,2012,7003.0
pakistan,2013,7003.0
pakistan,2014,7003.0
pakistan,2015,7003.0
pakistan,2016,7003.0
pakistan,2017,7003.0
pakistan,2018,7003.0
pakistan,2019,7003.0
pakistan,2020,7003.0
pakistan,2021,7003.0
pakistan,2022,7003.0
peru,1992,300.00
peru,1993,300.00
peru,1994,300.00
peru,1995,300.00
peru,1996,300.00
peru,1997,300.00
peru,1998,300.00
peru,1999,300.00
peru,2000,300.00
peru,2001,300.00
peru,2002,300.00
peru,2003,300.00
peru,2004,300.00
peru,2005,300.00
peru,2006,300.00
peru,2007,300.00
peru,2008,300.00
peru,2009,300.00
peru,2010,300.00
peru,2011,300.00
peru,2012,300.00
peru,2013,300.00
peru,2014,300.00
peru,2015,300.00
peru,2016,300.00
peru,2017,300.00
peru,2018,300.00
peru,2019,300.00
peru,2020,300.00
peru,2021,300.00
peru,2022,300.00
philippines,1999,300.00
philippines,2000,300.00
philippines,2001,300.00
philippines,2002,300.00
philippines,2003,300.00
philippines,2004,300.00
philippines,2005,300.00
philippines,2006,300.00
philippines,2007,300.00
philippines,2008,300.00
philippines,2009,300.00
philippines,2010,300.00
philippines,2011,300.00
philippines,2012,300.00
philippines,2013,300.00
philippines,2014,300.00
philippines,2015,300.00
philippines,2016,300.00
philippines,2017,300.00
philippines,2018,300.00
philippines,2019,300.00
philippines,2020,300.00
philippines,2021,300.00
philippines,2022,300.00
republic_of_moldova,2017,0.0000
republic_of_moldova,2018,0.0000
republic_of_moldova,2019,0.0000
republic_of_moldova,2020,0.0000
republic_of_moldova,2021,0.0000
republic_of_moldova,2022,0.0000
romania,1988,400.00
romania,1989,400.00
romania,1990,400.00
romania,1991,400.00
romania,1992,400.00
romania,1993,400.00
romania,1994,400.00
romania,1995,400.00
romania,1996,400.00
romania,1997,400.00
romania,1998,400.00
romania,1999,400.00
romania,2000,400.00
romania,2001,400.00
romania,2002,400.00
romania,2003,400.00
romania,2004,400.00
romania,2005,400.00
romania,2006,400.00
romania,2007,400.00
romania,2008,400.00
romania,2009,400.00
romania,2010,400.00
romania,2011,400.00
romania,2012,400.00
romania,2013,400.00
romania,2014,400.00
romania,2015,400.00
romania,2016,400.00
romania,2017,400.00
romania,2018,400.00
romania,2019,400.00
romania,2020,400.00
romania,2021,400.00
romania,2022,400.00
seychelles,2003,0.0000
seychelles,2004,0.0000
seychelles,2005,0.0000
seychelles,2006,0.0000
seychelles,2007,0.0000
seychelles,2008,0.0000
seychelles,2009,0.0000
seychelles,2010,0.0000
seychelles,2011,0.0000
seychelles,2012,0.0000
seychelles,2013,0.0000
seychelles,2014,0.0000
seychelles,2015,0.0000
seychelles,2016,0.0000
seychelles,2017,0.0000
seychelles,2018,0.0000
seychelles,2019,0.0000
seychelles,2020,0.0000
seychelles,2021,0.0000
seychelles,2022,0.0000
small_island_developing_states,2000,400.00
small_island_developing_states,2001,400.00
small_island_developing_states,2002,400.00
small_island_developing_states,2003,400.00
small_island_developing_states,2004,400.00
small_island_developing_states,2005,400.00
small_island_developing_states,2006,450.34
small_island_developing_states,2007,450.34
small_island_developing_states,2008,450.34
small_island_developing_states,2009,450.34
small_island_developing_states,2010,450.34
small_island_developing_states,2011,450.34
small_island_developing_states,2012,450.34
small_island_developing_states,2013,450.34
small_island_developing_states,2014,450.34
small_island_developing_states,2015,450.34
small_island_developing_states,2016,450.34
small_island_developing_states,2017,450.34
small_island_developing_states,2018,450.34
small_island_developing_states,2019,451.34
small_island_developing_states,2020,451.34
small_island_developing_states,2021,451.34
small_island_developing_states,2022,451.34
south_africa,1987,100.00
south_africa,1988,100.00
south_africa,1989,100.00
south_africa,1990,100.00
south_africa,1991,100.00
south_africa,1992,100.00
south_africa,1993,100.00
south_africa,1994,100.00
south_africa,1995,100.00
south_africa,1996,100.00
south_africa,1997,100.00
south_africa,1998,100.00
south_africa,1999,100.00
south_africa,2000,100.00
south_africa,2001,100.00
south_africa,2002,100.00
south_africa,2003,100.00
south_africa,2004,100.00
south_africa,2005,100.00
south_africa,2006,100.00
south_africa,2007,100.00
south_africa,2008,100.00
south_africa,2009,100.00
south_africa,2010,100.00
south_africa,2011,100.00
south_africa,2012,100.00
south_africa,2013,100.00
south_africa,2014,100.00
south_africa,2015,100.00
south_africa,2016,100.00
south_africa,2017,100.00
south_africa,2018,100.00
south_africa,2019,100.00
south_africa,2020,100.00
south_africa,2021,100.00
south_africa,2022,100.00
south_eastern_asia,2000,1400.0
south_eastern_asia,2001,1400.0
south_eastern_asia,2002,1400.0
south_eastern_asia,2003,1400.0
south_eastern_asia,2004,1400.0
south_eastern_asia,2005,1400.0
south_eastern_asia,2006,1400.0
south_eastern_asia,2007,1400.0
south_eastern_asia,2008,1400.0
south_eastern_asia,2009,1400.0
south_eastern_asia,2010,1400.0
south_eastern_asia,2011,1400.0
south_eastern_asia,2012,1400.0
south_eastern_asia,2013,1400.0
south_eastern_asia,2014,1400.0
south_eastern_asia,2015,1400.0
south_eastern_asia,2016,1400.0
south_eastern_asia,2017,1400.0
south_eastern_asia,2018,1400.0
south_eastern_asia,2019,1400.0
south_eastern_asia,2020,1400.0
south_eastern_asia,2021,1400.0
south_eastern_asia,2022,1400.0
southern_asia,2000,5500.0
southern_asia,2001,5500.0
southern_asia,2002,5500.0
southern_asia,2003,5500.0
southern_asia,2004,12503
southern_asia,2005,12503
southern_asia,2006,12503
southern_asia,2007,12503
southern_asia,2008,12503
southern_asia,2009,12503
southern_asia,2010,12503
southern_asia,2011,12503
southern_asia,2012,12503
southern_asia,2013,12503
southern_asia,2014,12503
southern_asia,2015,12503
southern_asia,2016,12503
southern_asia,2017,12503
southern_asia,2018,12503
southern_asia,2019,12503
southern_asia,2020,12503
southern_asia,2021,12503
southern_asia,2022,12503
sub_saharan_africa,2000,285.13
sub_saharan_africa,2001,285.13
sub_saharan_africa,2002,285.13
sub_saharan_africa,2003,285.13
sub_saharan_africa,2004,285.13
sub_saharan_africa,2005,285.13
sub_saharan_africa,2006,285.13
sub_saharan_africa,2007,285.13
sub_saharan_africa,2008,285.13
sub_saharan_africa,2009,285.13
sub_saharan_africa,2010,285.13
sub_saharan_africa,2011,285.13
sub_saharan_africa,2012,285.13
sub_saharan_africa,2013,285.13
sub_saharan_africa,2014,285.13
sub_saharan_africa,2015,285.13
sub_saharan_africa,2016,285.13
sub_saharan_africa,2017,285.13
sub_saharan_africa,2018,285.13
sub_saharan_africa,2019,286.13
sub_saharan_africa,2020,286.13
sub_saharan_africa,2021,286.13
sub_saharan_africa,2022,286.13
switzerland,2015,0.0000
switzerland,2016,0.0000
switzerland,2017,0.0000
switzerland,2018,0.0000
switzerland,2019,0.0000
switzerland,2020,0.0000
switzerland,2021,0.0000
switzerland,2022,0.0000
syrian_arab_republic,1989,60.000
syrian_arab_republic,1990,60.000
syrian_arab_republic,1991,60.000
syrian_arab_republic,1992,60.000
syrian_arab_republic,1993,60.000
syrian_arab_republic,1994,60.000
syrian_arab_republic,1995,60.000
syrian_arab_republic,1996,60.000
syrian_arab_republic,1997,60.000
syrian_arab_republic,1998,60.000
syrian_arab_republic,1999,60.000
syrian_arab_republic,2000,60.000
syrian_arab_republic,2001,60.000
syrian_arab_republic,2002,60.000
syrian_arab_republic,2003,60.000
syrian_arab_republic,2004,60.000
syrian_arab_republic,2005,60.000
syrian_arab_republic,2006,60.000
syrian_arab_republic,2007,60.000
syrian_arab_republic,2008,60.000
syrian_arab_republic,2009,60.000
syrian_arab_republic,2010,60.000
syrian_arab_republic,2011,60.000
syrian_arab_republic,2012,60.000
syrian_arab_republic,2013,60.000
syrian_arab_republic,2014,60.000
syrian_arab_republic,2015,60.000
syrian_arab_republic,2016,60.000
syrian_arab_republic,2017,60.000
syrian_arab_republic,2018,60.000
syrian_arab_republic,2019,60.000
syrian_arab_republic,2020,60.000
syrian_arab_republic,2021,60.000
syrian_arab_republic,2022,60.000
tajikistan,1994,115.00
tajikistan,1995,108.88
tajikistan,1996,102.76
tajikistan,1997,96.646
tajikistan,1998,90.528
tajikistan,1999,84.410
tajikistan,2000,78.292
tajikistan,2001,72.174
tajikistan,2002,66.056
tajikistan,2003,59.938
tajikistan,2004,53.820
tajikistan,2005,47.702
tajikistan,2006,41.584
tajikistan,2007,35.466
tajikistan,2008,29.348
tajikistan,2009,23.230
tajikistan,2010,23.230
tajikistan,2011,23.230
tajikistan,2012,23.230
tajikistan,2013,23.230
tajikistan,2014,23.230
tajikistan,2015,23.230
tajikistan,2016,23.230
tajikistan,2017,23.230
tajikistan,2018,23.230
tajikistan,2019,23.230
tajikistan,2020,23.230
tajikistan,2021,23.230
tajikistan,2022,23.230
thailand,1999,400.00
thailand,2000,400.00
thailand,2001,400.00
thailand,2002,400.00
thailand,2003,400.00
thailand,2004,400.00
thailand,2005,400.00
thailand,2006,400.00
thailand,2007,400.00
thailand,2008,400.00
thailand,2009,400.00
thailand,2010,400.00
thailand,2011,400.00
thailand,2012,400.00
thailand,2013,400.00
thailand,2014,400.00
thailand,2015,400.00
thailand,2016,400.00
thailand,2017,400.00
thailand,2018,400.00
thailand,2019,400.00
thailand,2020,400.00
thailand,2021,400.00
thailand,2022,400.00
tunisia,2001,86.000
tunisia,2002,92.706
tunisia,2003,99.412
tunisia,2004,106.12
tunisia,2005,112.82
tunisia,2006,119.53
tunisia,2007,126.24
tunisia,2008,132.94
tunisia,2009,139.65
tunisia,2010,146.35
tunisia,2011,153.06
tunisia,2012,159.76
tunisia,2013,166.47
tunisia,2014,173.18
tunisia,2015,179.88
tunisia,2016,186.59
tunisia,2017,193.29
tunisia,2018,200.00
tunisia,2019,200.00
tunisia,2020,200.00
tunisia,2021,200.00
tunisia,2022,200.00
turkiye,2004,1519.0
turkiye,2005,1424.7
turkiye,2006,1330.4
turkiye,2007,1236.0
turkiye,2008,1141.7
turkiye,2009,1047.4
turkiye,2010,953.09
turkiye,2011,858.77
turkiye,2012,764.46
turkiye,2013,670.14
turkiye,2014,575.82
turkiye,2015,481.50
turkiye,2016,387.18
turkiye,2017,292.87
turkiye,2018,198.55
turkiye,2019,104.23
turkiye,2020,9.9120
turkiye,2021,8.2360
turkiye,2022,8.4970
turkmenistan,1994,652.30
turkmenistan,1995,740.01
turkmenistan,1996,827.73
turkmenistan,1997,915.44
turkmenistan,1998,1003.1
turkmenistan,1999,1090.9
turkmenistan,2000,1178.6
turkmenistan,2001,1266.3
turkmenistan,2002,1354.0
turkmenistan,2003,1354.0
turkmenistan,2004,1354.0
turkmenistan,2005,1354.0
turkmenistan,2006,1354.0
turkmenistan,2007,1354.0
turkmenistan,2008,1354.0
turkmenistan,2009,1354.0
turkmenistan,2010,1354.0
turkmenistan,2011,1354.0
turkmenistan,2012,1354.0
turkmenistan,2013,1354.0
turkmenistan,2014,1354.0
turkmenistan,2015,1354.0
turkmenistan,2016,1354.0
turkmenistan,2017,1354.0
turkmenistan,2018,1354.0
turkmenistan,2019,1354.0
turkmenistan,2020,1354.0
turkmenistan,2021,1354.0
turkmenistan,2022,1354.0
united_republic_of_tanzania,1999,50.000
united_republic_of_tanzania,2000,50.000
united_republic_of_tanzania,2001,50.000
united_republic_of_tanzania,2002,50.000
united_republic_of_tanzania,2003,50.000
united_republic_of_tanzania,2004,50.000
united_republic_of_tanzania,2005,50.000
united_republic_of_tanzania,2006,50.000
united_republic_of_tanzania,2007,50.000
united_republic_of_tanzania,2008,50.000
united_republic_of_tanzania,2009,50.000
united_republic_of_tanzania,2010,50.000
united_republic_of_tanzania,2011,50.000
united_republic_of_tanzania,2012,50.000
united_republic_of_tanzania,2013,50.000
united_republic_of_tanzania,2014,50.000
united_republic_of_tanzania,2015,50.000
united_republic_of_tanzania,2016,50.000
united_republic_of_tanzania,2017,50.000
united_republic_of_tanzania,2018,50.000
united_republic_of_tanzania,2019,50.000
united_republic_of_tanzania,2020,50.000
united_republic_of_tanzania,2021,50.000
united_republic_of_tanzania,2022,50.000
united_states_of_america,1987,4200.0
united_states_of_america,1988,4200.0
united_states_of_america,1989,4200.0
united_states_of_america,1990,4200.0
united_states_of_america,1991,4200.0
united_states_of_america,1992,4200.0
united_states_of_america,1993,4200.0
united_states_of_america,1994,4200.0
united_states_of_america,1995,4200.0
united_states_of_america,1996,4200.0
united_states_of_america,1997,4200.0
united_states_of_america,1998,4200.0
united_states_of_america,1999,4200.0
united_states_of_america,2000,4200.0
united_states_of_america,2001,4200.0
united_states_of_america,2002,4200.0
united_states_of_america,2003,4200.0
united_states_of_america,2004,4200.0
united_states_of_america,2005,4200.0
united_states_of_america,2006,4200.0
united_states_of_america,2007,4200.0
united_states_of_america,2008,4200.0
united_states_of_america,2009,4200.0
united_states_of_america,2010,4200.0
united_states_of_america,2011,4200.0
united_states_of_america,2012,4200.0
united_states_of_america,2013,4200.0
united_states_of_america,2014,4200.0
united_states_of_america,2015,4200.0
united_states_of_america,2016,4200.0
united_states_of_america,2017,4200.0
united_states_of_america,2018,4200.0
united_states_of_america,2019,4200.0
united_states_of_america,2020,4200.0
united_states_of_america,2021,4200.0
united_states_of_america,2022,4200.0
uzbekistan,1994,2141.0
uzbekistan,1995,2136.2
uzbekistan,1996,2131.4
uzbekistan,1997,2126.6
uzbekistan,1998,2121.8
uzbekistan,1999,2117.0
uzbekistan,2000,2112.2
uzbekistan,2001,2107.4
uzbekistan,2002,2102.6
uzbekistan,2003,2097.8
uzbekistan,2004,2093.0
uzbekistan,2005,2088.2
uzbekistan,2006,2083.4
uzbekistan,2007,2078.6
uzbekistan,2008,2073.8
uzbekistan,2009,2069.0
uzbekistan,2010,2064.2
uzbekistan,2011,2059.4
uzbekistan,2012,2054.6
uzbekistan,2013,2049.8
uzbekistan,2014,2045.0
uzbekistan,2015,2000.0
uzbekistan,2016,1957.0
uzbekistan,2017,1175.0
uzbekistan,2018,1175.0
uzbekistan,2019,1175.0
uzbekistan,2020,1175.0
uzbekistan,2021,1175.0
uzbekistan,2022,1175.0
viet_nam,1999,300.00
viet_nam,2000,300.00
viet_nam,2001,300.00
viet_nam,2002,300.00
viet_nam,2003,300.00
viet_nam,2004,300.00
viet_nam,2005,300.00
viet_nam,2006,300.00
viet_nam,2007,300.00
viet_nam,2008,300.00
viet_nam,2009,300.00
viet_nam,2010,300.00
viet_nam,2011,300.00
viet_nam,2012,300.00
viet_nam,2013,300.00
viet_nam,2014,300.00
viet_nam,2015,300.00
viet_nam,2016,300.00
viet_nam,2017,300.00
viet_nam,2018,300.00
viet_nam,2019,300.00
viet_nam,2020,300.00
viet_nam,2021,300.00
viet_nam,2022,300.00
western_asia,2000,2675.0
western_asia,2001,2763.7
western_asia,2002,2964.9
western_asia,2003,3052.6
western_asia,2004,4579.4
western_asia,2005,4492.9
western_asia,2006,4406.4
western_asia,2007,4321.1
western_asia,2008,4235.8
western_asia,2009,4150.5
western_asia,2010,4065.2
western_asia,2011,3979.9
western_asia,2012,3894.6
western_asia,2013,3809.4
western_asia,2014,3724.1
western_asia,2015,3631.9
western_asia,2016,3509.4
western_asia,2017,3429.4
western_asia,2018,3367.4
western_asia,2019,3273.1
western_asia,2020,3178.8
western_asia,2021,3177.1
western_asia,2022,3177.4
world,2000,28885
world,2001,29144
world,2002,29437
world,2003,29528
world,2004,38062
world,2005,37979
world,2006,37948
world,2007,37868
world,2008,37787
world,2009,37707
world,2010,37632
world,2011,37551
world,2012,36970
world,2013,36888
world,2014,36807
world,2015,36678
world,2016,36522
world,2017,35644
world,2018,35606
world,2019,35486
world,2020,35395
world,2021,35675
world,2022,35840
