area,year,irrigation_water_withdrawal
albania,2006,0.51760
albania,2007,0.52209
albania,2008,0.52658
albania,2009,0.53107
albania,2010,0.53556
albania,2011,0.54004
albania,2012,0.54453
albania,2013,0.54902
albania,2014,0.55351
albania,2015,0.55800
albania,2016,0.55900
albania,2017,0.60900
albania,2018,0.56600
albania,2019,0.61000
albania,2020,0.54500
albania,2021,0.56400
albania,2022,0.56500
algeria,2001,3.5020
algeria,2002,3.5020
algeria,2003,3.5020
algeria,2004,3.5020
algeria,2005,3.5020
algeria,2006,3.5020
algeria,2007,3.5020
algeria,2008,3.5020
algeria,2009,3.5020
algeria,2010,3.5020
algeria,2011,3.5020
algeria,2012,3.5020
algeria,2013,3.5020
algeria,2014,3.5020
algeria,2015,3.5020
algeria,2016,3.5020
algeria,2017,3.5020
algeria,2018,3.5020
algeria,2019,3.5020
algeria,2020,3.5020
algeria,2021,3.5020
algeria,2022,3.5020
angola,2005,0.14670
angola,2006,0.14670
angola,2007,0.14670
angola,2008,0.14670
angola,2009,0.14670
angola,2010,0.14670
angola,2011,0.14670
angola,2012,0.14670
angola,2013,0.14670
angola,2014,0.14670
angola,2015,0.14670
angola,2016,0.14670
angola,2017,0.14670
angola,2018,0.14670
angola,2019,0.14670
angola,2020,0.14670
angola,2021,0.14670
angola,2022,0.14670
antigua_and_barbuda,1997,0.0013000
antigua_and_barbuda,1998,0.0013000
antigua_and_barbuda,1999,0.0013000
antigua_and_barbuda,2000,0.0013000
antigua_and_barbuda,2001,0.0013000
antigua_and_barbuda,2002,0.0013000
antigua_and_barbuda,2003,0.0013000
antigua_and_barbuda,2004,0.0013000
antigua_and_barbuda,2005,0.0013000
antigua_and_barbuda,2006,0.0013000
antigua_and_barbuda,2007,0.0013000
antigua_and_barbuda,2008,0.0013000
antigua_and_barbuda,2009,0.0013000
antigua_and_barbuda,2010,0.0013000
antigua_and_barbuda,2011,0.0013000
antigua_and_barbuda,2012,0.0013000
antigua_and_barbuda,2013,0.0013000
antigua_and_barbuda,2014,0.0013000
antigua_and_barbuda,2015,0.0013000
antigua_and_barbuda,2016,0.0013000
antigua_and_barbuda,2017,0.0013000
antigua_and_barbuda,2018,0.0013000
antigua_and_barbuda,2019,0.0013000
antigua_and_barbuda,2020,0.0013000
antigua_and_barbuda,2021,0.0013000
antigua_and_barbuda,2022,0.0013000
armenia,2011,1.1450
armenia,2012,1.4960
armenia,2013,1.4890
armenia,2014,1.4470
armenia,2015,1.9320
armenia,2016,1.8730
armenia,2017,1.6120
armenia,2018,1.3900
armenia,2019,1.3800
armenia,2020,1.3060
armenia,2021,1.5620
armenia,2022,1.6130
australia,2006,10.740
australia,2007,7.6360
australia,2008,6.2850
australia,2009,6.5010
australia,2010,6.5960
australia,2011,8.3673
australia,2012,10.139
australia,2013,11.910
australia,2014,9.6490
australia,2015,8.4080
australia,2016,10.160
australia,2017,10.989
australia,2018,11.658
australia,2019,9.3500
australia,2020,7.5100
australia,2021,9.7300
australia,2022,9.9800
australia_and_new_zealand,2000,1.7329
australia_and_new_zealand,2001,1.8657
australia_and_new_zealand,2002,1.9986
australia_and_new_zealand,2003,2.1314
australia_and_new_zealand,2004,2.2643
australia_and_new_zealand,2005,2.3971
australia_and_new_zealand,2006,13.270
australia_and_new_zealand,2007,10.233
australia_and_new_zealand,2008,8.9500
australia_and_new_zealand,2009,9.2335
australia_and_new_zealand,2010,9.3960
australia_and_new_zealand,2011,11.167
australia_and_new_zealand,2012,12.939
australia_and_new_zealand,2013,14.710
australia_and_new_zealand,2014,12.449
australia_and_new_zealand,2015,11.208
australia_and_new_zealand,2016,12.960
australia_and_new_zealand,2017,13.789
australia_and_new_zealand,2018,14.458
australia_and_new_zealand,2019,12.150
australia_and_new_zealand,2020,10.310
australia_and_new_zealand,2021,12.530
australia_and_new_zealand,2022,12.780
austria,1980,0.050000
austria,1981,0.051000
austria,1982,0.052000
austria,1983,0.053000
austria,1984,0.054000
austria,1985,0.055000
austria,1986,0.054000
austria,1987,0.053000
austria,1988,0.052000
austria,1989,0.051000
austria,1990,0.050000
austria,1991,0.050000
austria,1992,0.050000
austria,1993,0.054933
austria,1994,0.059867
austria,1995,0.064800
austria,1996,0.066150
austria,1997,0.067500
austria,1998,0.067500
austria,1999,0.067500
austria,2000,0.063000
austria,2001,0.058500
austria,2002,0.054000
austria,2003,0.049500
austria,2004,0.045000
austria,2005,0.040500
austria,2006,0.036000
austria,2007,0.031500
austria,2008,0.027000
austria,2009,0.022500
austria,2010,0.018000
austria,2011,0.023667
austria,2012,0.029333
austria,2013,0.035000
austria,2014,0.040667
austria,2015,0.046333
austria,2016,0.052000
austria,2017,0.057667
austria,2018,0.063333
austria,2019,0.069000
austria,2020,0.069000
austria,2021,0.069000
austria,2022,0.069000
azerbaijan,2015,10.654
azerbaijan,2016,10.820
azerbaijan,2017,11.161
azerbaijan,2018,11.237
azerbaijan,2019,11.614
azerbaijan,2020,7.2300
azerbaijan,2021,7.5750
azerbaijan,2022,7.5750
barbados,1989,0.054800
barbados,1990,0.054800
barbados,1991,0.054800
barbados,1992,0.054800
barbados,1993,0.054800
barbados,1994,0.054800
barbados,1995,0.054800
barbados,1996,0.054800
barbados,1997,0.054800
barbados,1998,0.054800
barbados,1999,0.054800
barbados,2000,0.054800
barbados,2001,0.054800
barbados,2002,0.054800
barbados,2003,0.054800
barbados,2004,0.054800
barbados,2005,0.054800
barbados,2006,0.054800
barbados,2007,0.054800
barbados,2008,0.054800
barbados,2009,0.054800
barbados,2010,0.054800
barbados,2011,0.054800
barbados,2012,0.054800
barbados,2013,0.054800
barbados,2014,0.054800
barbados,2015,0.054800
barbados,2016,0.054800
barbados,2017,0.054800
barbados,2018,0.054800
barbados,2019,0.054800
barbados,2020,0.054800
barbados,2021,0.054800
barbados,2022,0.054800
belarus,2014,0.0030000
belarus,2015,0.0040000
belarus,2016,0.0040000
belarus,2017,0.0040000
belarus,2018,0.0040000
belarus,2019,0.0040000
belarus,2020,0.0040000
belarus,2021,0.0040000
belarus,2022,0.0040000
benin,2001,0.045000
benin,2002,0.045000
benin,2003,0.045000
benin,2004,0.045000
benin,2005,0.045000
benin,2006,0.045000
benin,2007,0.045000
benin,2008,0.045000
benin,2009,0.045000
benin,2010,0.045000
benin,2011,0.045000
benin,2012,0.045000
benin,2013,0.045000
benin,2014,0.045000
benin,2015,0.045000
benin,2016,0.045000
benin,2017,0.045000
benin,2018,0.045000
benin,2019,0.045000
benin,2020,0.045000
benin,2021,0.045000
benin,2022,0.045000
bolivia_plurinational_state_of,1999,1.7770
bolivia_plurinational_state_of,2000,1.7770
bolivia_plurinational_state_of,2001,1.7770
bolivia_plurinational_state_of,2002,1.7770
bolivia_plurinational_state_of,2003,1.7770
bolivia_plurinational_state_of,2004,1.7770
bolivia_plurinational_state_of,2005,1.7770
bolivia_plurinational_state_of,2006,1.7770
bolivia_plurinational_state_of,2007,1.7770
bolivia_plurinational_state_of,2008,1.7770
bolivia_plurinational_state_of,2009,1.7770
bolivia_plurinational_state_of,2010,1.7770
bolivia_plurinational_state_of,2011,1.7770
bolivia_plurinational_state_of,2012,1.7770
bolivia_plurinational_state_of,2013,1.7770
bolivia_plurinational_state_of,2014,1.7770
bolivia_plurinational_state_of,2015,1.7770
bolivia_plurinational_state_of,2016,1.7770
bolivia_plurinational_state_of,2017,1.7770
bolivia_plurinational_state_of,2018,1.7770
bolivia_plurinational_state_of,2019,1.7770
bolivia_plurinational_state_of,2020,1.7770
bolivia_plurinational_state_of,2021,1.7770
bolivia_plurinational_state_of,2022,1.7770
botswana,2000,0.029000
botswana,2001,0.028271
botswana,2002,0.027543
botswana,2003,0.026814
botswana,2004,0.026086
botswana,2005,0.025357
botswana,2006,0.024629
botswana,2007,0.023900
botswana,2008,0.023171
botswana,2009,0.022443
botswana,2010,0.021714
botswana,2011,0.020986
botswana,2012,0.020257
botswana,2013,0.019529
botswana,2014,0.018800
botswana,2015,0.021900
botswana,2016,0.032900
botswana,2017,0.026800
botswana,2018,0.038000
botswana,2019,0.034590
botswana,2020,0.040201
botswana,2021,0.037047
botswana,2022,0.018920
brazil,2014,30.170
brazil,2015,29.300
brazil,2016,35.220
brazil,2017,34.170
brazil,2018,33.810
brazil,2019,37.520
brazil,2020,36.350
brazil,2021,36.140
brazil,2022,36.141
brunei_darussalam,1995,0.0053000
brunei_darussalam,1996,0.0053000
brunei_darussalam,1997,0.0053000
brunei_darussalam,1998,0.0053000
brunei_darussalam,1999,0.0053000
brunei_darussalam,2000,0.0053000
brunei_darussalam,2001,0.0053000
brunei_darussalam,2002,0.0053000
brunei_darussalam,2003,0.0053000
brunei_darussalam,2004,0.0053000
brunei_darussalam,2005,0.0053000
brunei_darussalam,2006,0.0053000
brunei_darussalam,2007,0.0053000
brunei_darussalam,2008,0.0053000
brunei_darussalam,2009,0.0053000
brunei_darussalam,2010,0.0053000
brunei_darussalam,2011,0.0053000
brunei_darussalam,2012,0.0053000
brunei_darussalam,2013,0.0053000
brunei_darussalam,2014,0.0053000
brunei_darussalam,2015,0.0053000
brunei_darussalam,2016,0.0053000
brunei_darussalam,2017,0.0053000
brunei_darussalam,2018,0.0053000
brunei_darussalam,2019,0.0053000
brunei_darussalam,2020,0.0053000
brunei_darussalam,2021,0.0053000
brunei_darussalam,2022,0.0053000
bulgaria,2000,0.95090
bulgaria,2001,0.66930
bulgaria,2002,0.57600
bulgaria,2003,0.90370
bulgaria,2004,0.69210
bulgaria,2005,0.70040
bulgaria,2006,0.70870
bulgaria,2007,0.60577
bulgaria,2008,0.50285
bulgaria,2009,0.39992
bulgaria,2010,0.29700
bulgaria,2011,0.31550
bulgaria,2012,0.39960
bulgaria,2013,0.48370
bulgaria,2014,0.56780
bulgaria,2015,0.65190
bulgaria,2016,0.73600
bulgaria,2017,0.64700
bulgaria,2018,0.55000
bulgaria,2019,0.61700
bulgaria,2020,0.58900
bulgaria,2021,0.68100
bulgaria,2022,0.68143
burkina_faso,2001,0.42070
burkina_faso,2002,0.42070
burkina_faso,2003,0.42070
burkina_faso,2004,0.42070
burkina_faso,2005,0.42070
burkina_faso,2006,0.42070
burkina_faso,2007,0.42070
burkina_faso,2008,0.42070
burkina_faso,2009,0.42070
burkina_faso,2010,0.42070
burkina_faso,2011,0.42070
burkina_faso,2012,0.42070
burkina_faso,2013,0.42070
burkina_faso,2014,0.42070
burkina_faso,2015,0.42070
burkina_faso,2016,0.42070
burkina_faso,2017,0.42070
burkina_faso,2018,0.42070
burkina_faso,2019,0.42070
burkina_faso,2020,0.42070
burkina_faso,2021,0.42070
burkina_faso,2022,0.42070
burundi,2000,0.20000
burundi,2001,0.20000
burundi,2002,0.20000
burundi,2003,0.20000
burundi,2004,0.20000
burundi,2005,0.20000
burundi,2006,0.20000
burundi,2007,0.20000
burundi,2008,0.20000
burundi,2009,0.20000
burundi,2010,0.20000
burundi,2011,0.20000
burundi,2012,0.20000
burundi,2013,0.20000
burundi,2014,0.20000
burundi,2015,0.20000
burundi,2016,0.20000
burundi,2017,0.20000
burundi,2018,0.20000
burundi,2019,0.20000
burundi,2020,0.20000
burundi,2021,0.20000
burundi,2022,0.20000
cabo_verde,2004,0.025000
cabo_verde,2005,0.029302
cabo_verde,2006,0.033603
cabo_verde,2007,0.037905
cabo_verde,2008,0.042206
cabo_verde,2009,0.046508
cabo_verde,2010,0.050810
cabo_verde,2011,0.055111
cabo_verde,2012,0.059413
cabo_verde,2013,0.063714
cabo_verde,2014,0.068016
cabo_verde,2015,0.072318
cabo_verde,2016,0.076619
cabo_verde,2017,0.080921
cabo_verde,2018,0.085222
cabo_verde,2019,0.089524
cabo_verde,2020,0.11320
cabo_verde,2021,0.10927
cabo_verde,2022,0.10322
cambodia,2006,1.9280
cambodia,2007,1.9280
cambodia,2008,1.9280
cambodia,2009,1.9280
cambodia,2010,1.9280
cambodia,2011,1.9280
cambodia,2012,1.9280
cambodia,2013,1.9280
cambodia,2014,1.9280
cambodia,2015,1.9280
cambodia,2016,1.9280
cambodia,2017,1.9280
cambodia,2018,1.9280
cambodia,2019,1.9280
cambodia,2020,1.9280
cambodia,2021,1.9280
cambodia,2022,1.9280
cameroon,2000,0.73700
cameroon,2001,0.73700
cameroon,2002,0.73700
cameroon,2003,0.73700
cameroon,2004,0.73700
cameroon,2005,0.73700
cameroon,2006,0.73700
cameroon,2007,0.73700
cameroon,2008,0.73700
cameroon,2009,0.73700
cameroon,2010,0.73700
cameroon,2011,0.73700
cameroon,2012,0.73700
cameroon,2013,0.73700
cameroon,2014,0.73700
cameroon,2015,0.73700
cameroon,2016,0.73700
cameroon,2017,0.73700
cameroon,2018,0.73700
cameroon,2019,0.73700
cameroon,2020,0.73700
cameroon,2021,0.73700
cameroon,2022,0.73700
canada,1991,3.1930
canada,1992,3.3236
canada,1993,3.4542
canada,1994,3.5848
canada,1995,3.7154
canada,1996,3.8460
canada,1997,3.6674
canada,1998,3.4888
canada,1999,3.3102
canada,2000,3.1316
canada,2001,2.9530
canada,2002,2.7745
canada,2003,2.5959
canada,2004,2.4173
canada,2005,2.2387
canada,2006,2.0601
canada,2007,1.8815
canada,2008,1.7029
canada,2009,1.5243
canada,2010,0.83815
canada,2011,1.0179
canada,2012,1.6924
canada,2013,1.1979
canada,2014,1.6790
canada,2015,1.7948
canada,2016,2.0541
canada,2017,2.1983
canada,2018,2.9500
canada,2019,2.3655
canada,2020,1.7810
canada,2021,1.9835
canada,2022,2.1860
central_african_republic,1987,0.00040000
central_african_republic,1988,0.00040000
central_african_republic,1989,0.00040000
central_african_republic,1990,0.00040000
central_african_republic,1991,0.00040000
central_african_republic,1992,0.00040000
central_african_republic,1993,0.00040000
central_african_republic,1994,0.00040000
central_african_republic,1995,0.00040000
central_african_republic,1996,0.00040000
central_african_republic,1997,0.00040000
central_african_republic,1998,0.00040000
central_african_republic,1999,0.00040000
central_african_republic,2000,0.00040000
central_african_republic,2001,0.00040000
central_african_republic,2002,0.00040000
central_african_republic,2003,0.00040000
central_african_republic,2004,0.00040000
central_african_republic,2005,0.00040000
central_african_republic,2006,0.00040000
central_african_republic,2007,0.00040000
central_african_republic,2008,0.00040000
central_african_republic,2009,0.00040000
central_african_republic,2010,0.00040000
central_african_republic,2011,0.00040000
central_african_republic,2012,0.00040000
central_african_republic,2013,0.00040000
central_african_republic,2014,0.00040000
central_african_republic,2015,0.00040000
central_african_republic,2016,0.00040000
central_african_republic,2017,0.00040000
central_african_republic,2018,0.00040000
central_african_republic,2019,0.00040000
central_african_republic,2020,0.00040000
central_african_republic,2021,0.00040000
central_african_republic,2022,0.00040000
central_and_southern_asia,2000,9.3200
central_and_southern_asia,2001,9.3200
central_and_southern_asia,2002,9.3200
central_and_southern_asia,2003,9.3200
central_and_southern_asia,2004,35.570
central_and_southern_asia,2005,35.570
central_and_southern_asia,2006,35.570
central_and_southern_asia,2007,35.570
central_and_southern_asia,2008,35.570
central_and_southern_asia,2009,35.570
central_and_southern_asia,2010,35.570
central_and_southern_asia,2011,46.810
central_and_southern_asia,2012,46.890
central_and_southern_asia,2013,47.200
central_and_southern_asia,2014,94.110
central_and_southern_asia,2015,95.700
central_and_southern_asia,2016,96.950
central_and_southern_asia,2017,100.97
central_and_southern_asia,2018,105.54
central_and_southern_asia,2019,103.91
central_and_southern_asia,2020,101.14
central_and_southern_asia,2021,93.003
central_and_southern_asia,2022,94.118
central_asia,2004,26.250
central_asia,2005,26.250
central_asia,2006,26.250
central_asia,2007,26.250
central_asia,2008,26.250
central_asia,2009,26.250
central_asia,2010,26.250
central_asia,2011,37.490
central_asia,2012,37.570
central_asia,2013,37.880
central_asia,2014,84.790
central_asia,2015,86.380
central_asia,2016,87.630
central_asia,2017,91.654
central_asia,2018,96.218
central_asia,2019,94.591
central_asia,2020,91.818
central_asia,2021,83.683
central_asia,2022,84.798
chad,2002,0.67220
chad,2003,0.67220
chad,2004,0.67220
chad,2005,0.67220
chad,2006,0.67220
chad,2007,0.67220
chad,2008,0.67220
chad,2009,0.67220
chad,2010,0.67220
chad,2011,0.67220
chad,2012,0.67220
chad,2013,0.67220
chad,2014,0.67220
chad,2015,0.67220
chad,2016,0.67220
chad,2017,0.67220
chad,2018,0.67220
chad,2019,0.67220
chad,2020,0.67220
chad,2021,0.67220
chad,2022,0.67220
chile,2006,16.640
chile,2007,15.680
chile,2008,14.720
chile,2009,13.760
chile,2010,12.800
chile,2011,11.840
chile,2012,10.880
chile,2013,9.9200
chile,2014,8.9600
chile,2015,8.0000
chile,2016,7.8900
chile,2017,7.8900
chile,2018,7.8900
chile,2019,7.8900
chile,2020,7.8900
chile,2021,7.8900
chile,2022,7.8900
colombia,2010,11.147
colombia,2011,11.449
colombia,2012,11.809
colombia,2013,12.544
colombia,2014,12.757
colombia,2015,13.330
colombia,2016,13.817
colombia,2017,14.925
colombia,2018,15.082
colombia,2019,15.282
colombia,2020,15.605
colombia,2021,16.317
colombia,2022,16.497
costa_rica,2012,1.0560
costa_rica,2013,1.0062
costa_rica,2014,1.0756
costa_rica,2015,1.2944
costa_rica,2016,1.1095
costa_rica,2017,2.0000
costa_rica,2018,2.0406
costa_rica,2019,2.0121
costa_rica,2020,2.0055
costa_rica,2021,2.0096
costa_rica,2022,2.0096
cote_d_ivoire,2005,0.59530
cote_d_ivoire,2006,0.59530
cote_d_ivoire,2007,0.59530
cote_d_ivoire,2008,0.59530
cote_d_ivoire,2009,0.59530
cote_d_ivoire,2010,0.59530
cote_d_ivoire,2011,0.59530
cote_d_ivoire,2012,0.59530
cote_d_ivoire,2013,0.59530
cote_d_ivoire,2014,0.59530
cote_d_ivoire,2015,0.59530
cote_d_ivoire,2016,0.59530
cote_d_ivoire,2017,0.59530
cote_d_ivoire,2018,0.59530
cote_d_ivoire,2019,0.59530
cote_d_ivoire,2020,0.59530
cote_d_ivoire,2021,0.59530
cote_d_ivoire,2022,0.59530
croatia,2006,0.0053000
croatia,2007,0.0032000
croatia,2008,0.0063000
croatia,2009,0.010600
croatia,2010,0.030000
croatia,2011,0.030000
croatia,2012,0.030000
croatia,2013,0.030000
croatia,2014,0.030000
croatia,2015,0.030000
croatia,2016,0.030000
croatia,2017,0.030000
croatia,2018,0.030000
croatia,2019,0.030000
croatia,2020,0.030000
croatia,2021,0.030000
croatia,2022,0.030000
cyprus,2000,0.14420
cyprus,2001,0.13850
cyprus,2002,0.15960
cyprus,2003,0.17970
cyprus,2004,0.20270
cyprus,2005,0.16430
cyprus,2006,0.15220
cyprus,2007,0.14200
cyprus,2008,0.11000
cyprus,2009,0.14000
cyprus,2010,0.15000
cyprus,2011,0.16000
cyprus,2012,0.17000
cyprus,2013,0.16660
cyprus,2014,0.17500
cyprus,2015,0.19400
cyprus,2016,0.19900
cyprus,2017,0.18500
cyprus,2018,0.17400
cyprus,2019,0.16500
cyprus,2020,0.17100
cyprus,2021,0.17900
cyprus,2022,0.17600
czechia,1993,0.053333
czechia,1994,0.041667
czechia,1995,0.030000
czechia,1996,0.022000
czechia,1997,0.014000
czechia,1998,0.012433
czechia,1999,0.010867
czechia,2000,0.0093000
czechia,2001,0.0069000
czechia,2002,0.011300
czechia,2003,0.010800
czechia,2004,0.010300
czechia,2005,0.0098000
czechia,2006,0.0093000
czechia,2007,0.0088000
czechia,2008,0.016100
czechia,2009,0.023300
czechia,2010,0.023967
czechia,2011,0.024633
czechia,2012,0.025300
czechia,2013,0.013900
czechia,2014,0.026950
czechia,2015,0.040000
czechia,2016,0.030000
czechia,2017,0.030000
czechia,2018,0.030000
czechia,2019,0.022000
czechia,2020,0.018000
czechia,2021,0.016000
czechia,2022,0.023000
democratic_republic_of_the_congo,2000,0.071900
democratic_republic_of_the_congo,2001,0.071900
democratic_republic_of_the_congo,2002,0.071900
democratic_republic_of_the_congo,2003,0.071900
democratic_republic_of_the_congo,2004,0.071900
democratic_republic_of_the_congo,2005,0.071900
democratic_republic_of_the_congo,2006,0.071900
democratic_republic_of_the_congo,2007,0.071900
democratic_republic_of_the_congo,2008,0.071900
democratic_republic_of_the_congo,2009,0.071900
democratic_republic_of_the_congo,2010,0.071900
democratic_republic_of_the_congo,2011,0.071900
democratic_republic_of_the_congo,2012,0.071900
democratic_republic_of_the_congo,2013,0.071900
democratic_republic_of_the_congo,2014,0.071900
democratic_republic_of_the_congo,2015,0.071900
democratic_republic_of_the_congo,2016,0.071900
democratic_republic_of_the_congo,2017,0.071900
democratic_republic_of_the_congo,2018,0.071900
democratic_republic_of_the_congo,2019,0.071900
democratic_republic_of_the_congo,2020,0.071900
democratic_republic_of_the_congo,2021,0.071900
democratic_republic_of_the_congo,2022,0.071900
denmark,1970,0.10500
denmark,1971,0.10200
denmark,1972,0.099000
denmark,1973,0.096000
denmark,1974,0.093000
denmark,1975,0.090000
denmark,1976,0.090000
denmark,1977,0.090000
denmark,1978,0.090000
denmark,1979,0.090000
denmark,1980,0.090000
denmark,1981,0.19000
denmark,1982,0.29000
denmark,1983,0.39000
denmark,1984,0.49000
denmark,1985,0.59000
denmark,1986,0.54500
denmark,1987,0.50000
denmark,1988,0.45500
denmark,1989,0.41000
denmark,1990,0.36500
denmark,1991,0.34966
denmark,1992,0.33431
denmark,1993,0.31897
denmark,1994,0.30363
denmark,1995,0.28829
denmark,1996,0.27294
denmark,1997,0.25760
denmark,1998,0.24226
denmark,1999,0.22691
denmark,2000,0.21157
denmark,2001,0.19623
denmark,2002,0.18089
denmark,2003,0.16554
denmark,2004,0.15020
denmark,2005,0.12720
denmark,2006,0.17270
denmark,2007,0.085000
denmark,2008,0.19840
denmark,2009,0.18330
denmark,2010,0.15453
denmark,2011,0.12577
denmark,2012,0.097000
denmark,2013,0.10823
denmark,2014,0.11947
denmark,2015,0.13070
denmark,2016,0.17964
denmark,2017,0.20130
denmark,2018,0.37435
denmark,2019,0.24086
denmark,2020,0.20291
denmark,2021,0.23129
denmark,2022,0.24427
djibouti,2000,0.0025000
djibouti,2001,0.0025000
djibouti,2002,0.0025000
djibouti,2003,0.0025000
djibouti,2004,0.0025000
djibouti,2005,0.0025000
djibouti,2006,0.0025000
djibouti,2007,0.0025000
djibouti,2008,0.0025000
djibouti,2009,0.0025000
djibouti,2010,0.0025000
djibouti,2011,0.0025000
djibouti,2012,0.0025000
djibouti,2013,0.0025000
djibouti,2014,0.0025000
djibouti,2015,0.0025000
djibouti,2016,0.0025000
djibouti,2017,0.0025000
djibouti,2018,0.0025000
djibouti,2019,0.0025000
djibouti,2020,0.0025000
djibouti,2021,0.0025000
djibouti,2022,0.0025000
dominican_republic,2000,4.0000
dominican_republic,2001,3.9872
dominican_republic,2002,3.9745
dominican_republic,2003,3.9617
dominican_republic,2004,3.9490
dominican_republic,2005,4.1040
dominican_republic,2006,4.2590
dominican_republic,2007,4.4140
dominican_republic,2008,4.5690
dominican_republic,2009,4.7240
dominican_republic,2010,4.8790
dominican_republic,2011,5.1892
dominican_republic,2012,5.4994
dominican_republic,2013,5.8096
dominican_republic,2014,6.1198
dominican_republic,2015,6.4300
dominican_republic,2016,6.1877
dominican_republic,2017,5.9453
dominican_republic,2018,5.7030
dominican_republic,2019,5.5490
dominican_republic,2020,5.2640
dominican_republic,2021,5.2640
dominican_republic,2022,5.2640
eastern_and_south_eastern_asia,2000,74.723
eastern_and_south_eastern_asia,2001,74.467
eastern_and_south_eastern_asia,2002,74.210
eastern_and_south_eastern_asia,2003,72.270
eastern_and_south_eastern_asia,2004,71.940
eastern_and_south_eastern_asia,2005,74.803
eastern_and_south_eastern_asia,2006,76.899
eastern_and_south_eastern_asia,2007,143.38
eastern_and_south_eastern_asia,2008,143.77
eastern_and_south_eastern_asia,2009,144.48
eastern_and_south_eastern_asia,2010,145.13
eastern_and_south_eastern_asia,2011,145.47
eastern_and_south_eastern_asia,2012,145.81
eastern_and_south_eastern_asia,2013,146.14
eastern_and_south_eastern_asia,2014,312.49
eastern_and_south_eastern_asia,2015,318.24
eastern_and_south_eastern_asia,2016,323.47
eastern_and_south_eastern_asia,2017,323.07
eastern_and_south_eastern_asia,2018,322.88
eastern_and_south_eastern_asia,2019,322.71
eastern_and_south_eastern_asia,2020,322.66
eastern_and_south_eastern_asia,2021,322.47
eastern_and_south_eastern_asia,2022,322.56
eastern_asia,2000,72.213
eastern_asia,2001,71.957
eastern_asia,2002,71.700
eastern_asia,2003,69.760
eastern_asia,2004,69.430
eastern_asia,2005,69.100
eastern_asia,2006,68.864
eastern_asia,2007,68.646
eastern_asia,2008,68.627
eastern_asia,2009,68.609
eastern_asia,2010,68.530
eastern_asia,2011,68.450
eastern_asia,2012,68.371
eastern_asia,2013,68.291
eastern_asia,2014,68.212
eastern_asia,2015,68.132
eastern_asia,2016,68.002
eastern_asia,2017,67.916
eastern_asia,2018,67.716
eastern_asia,2019,67.516
eastern_asia,2020,67.416
eastern_asia,2021,67.216
eastern_asia,2022,67.216
ecuador,2000,8.0760
ecuador,2001,8.0760
ecuador,2002,8.0760
ecuador,2003,8.0760
ecuador,2004,8.0760
ecuador,2005,8.0760
ecuador,2006,8.0760
ecuador,2007,8.0760
ecuador,2008,8.0760
ecuador,2009,8.0760
ecuador,2010,8.0760
ecuador,2011,8.0760
ecuador,2012,8.0760
ecuador,2013,8.0760
ecuador,2014,8.0760
ecuador,2015,8.0760
ecuador,2016,8.0760
ecuador,2017,8.0760
ecuador,2018,8.0760
ecuador,2019,8.0760
ecuador,2020,8.0760
ecuador,2021,8.0760
ecuador,2022,8.0760
el_salvador,2005,1.3890
el_salvador,2006,1.3851
el_salvador,2007,1.3812
el_salvador,2008,1.3773
el_salvador,2009,1.3733
el_salvador,2010,1.3694
el_salvador,2011,1.3655
el_salvador,2012,1.3616
el_salvador,2013,1.3577
el_salvador,2014,1.3538
el_salvador,2015,1.3498
el_salvador,2016,1.3459
el_salvador,2017,1.3420
el_salvador,2018,1.3381
el_salvador,2019,1.3342
el_salvador,2020,1.3303
el_salvador,2021,1.3263
el_salvador,2022,1.3224
estonia,2010,0.00010000
estonia,2011,0.00011608
estonia,2012,0.00013215
estonia,2013,0.00014823
estonia,2014,0.00016430
estonia,2015,0.00018038
estonia,2016,0.00020510
estonia,2017,0.00018050
estonia,2018,0.00017150
estonia,2019,0.000059000
estonia,2020,0.000041872
estonia,2021,0.000081548
estonia,2022,0.00039000
eswatini,2000,0.99300
eswatini,2001,0.99300
eswatini,2002,0.99300
eswatini,2003,0.99300
eswatini,2004,0.99300
eswatini,2005,0.99300
eswatini,2006,0.99300
eswatini,2007,0.99300
eswatini,2008,0.99300
eswatini,2009,0.99300
eswatini,2010,0.99300
eswatini,2011,0.99300
eswatini,2012,0.99300
eswatini,2013,0.99300
eswatini,2014,0.99300
eswatini,2015,0.99300
eswatini,2016,0.99300
eswatini,2017,0.99300
eswatini,2018,0.99300
eswatini,2019,0.99300
eswatini,2020,0.99300
eswatini,2021,0.99300
eswatini,2022,0.99300
ethiopia,2016,9.0000
ethiopia,2017,9.0000
ethiopia,2018,9.0000
ethiopia,2019,9.0000
ethiopia,2020,9.0000
ethiopia,2021,9.0000
ethiopia,2022,9.0000
europe,2000,47.091
europe,2001,46.297
europe,2002,44.991
europe,2003,47.128
europe,2004,45.214
europe,2005,43.905
europe,2006,43.320
europe,2007,56.023
europe,2008,52.774
europe,2009,52.473
europe,2010,53.067
europe,2011,54.358
europe,2012,57.091
europe,2013,54.967
europe,2014,55.794
europe,2015,65.848
europe,2016,64.991
europe,2017,68.677
europe,2018,63.062
europe,2019,63.208
europe,2020,62.439
europe,2021,62.023
europe,2022,61.396
europe_and_northern_america,2000,239.32
europe_and_northern_america,2001,235.89
europe_and_northern_america,2002,231.95
europe_and_northern_america,2003,231.44
europe_and_northern_america,2004,226.89
europe_and_northern_america,2005,222.94
europe_and_northern_america,2006,218.68
europe_and_northern_america,2007,227.70
europe_and_northern_america,2008,220.78
europe_and_northern_america,2009,216.80
europe_and_northern_america,2010,213.21
europe_and_northern_america,2011,215.42
europe_and_northern_america,2012,219.56
europe_and_northern_america,2013,217.69
europe_and_northern_america,2014,219.73
europe_and_northern_america,2015,230.64
europe_and_northern_america,2016,218.01
europe_and_northern_america,2017,209.81
europe_and_northern_america,2018,192.92
europe_and_northern_america,2019,180.45
europe_and_northern_america,2020,167.07
europe_and_northern_america,2021,166.86
europe_and_northern_america,2022,166.43
finland,1990,0.020000
finland,1991,0.024000
finland,1992,0.028000
finland,1993,0.032000
finland,1994,0.036000
finland,1995,0.040000
finland,1996,0.040000
finland,1997,0.040000
finland,1998,0.040000
finland,1999,0.040000
finland,2000,0.040000
finland,2001,0.040000
finland,2002,0.040000
finland,2003,0.040000
finland,2004,0.040000
finland,2005,0.040000
finland,2006,0.072857
finland,2007,0.10571
finland,2008,0.13857
finland,2009,0.17143
finland,2010,0.20429
finland,2011,0.23714
finland,2012,0.27000
finland,2013,0.30286
finland,2014,0.33571
finland,2015,0.36857
finland,2016,0.40143
finland,2017,0.43429
finland,2018,0.46714
finland,2019,0.50000
finland,2020,0.50000
finland,2021,0.50000
finland,2022,0.50000
france,1992,4.9190
france,1993,4.9131
france,1994,4.9073
france,1995,4.9014
france,1996,4.8955
france,1997,4.8896
france,1998,4.8838
france,1999,4.8779
france,2000,4.8720
france,2001,4.7670
france,2002,4.2910
france,2003,5.5170
france,2004,5.1480
france,2005,4.6960
france,2006,4.7570
france,2007,3.9330
france,2008,2.5880
france,2009,2.5880
france,2010,2.5880
france,2011,2.5880
france,2012,2.5880
france,2013,2.5880
france,2014,2.5880
france,2015,2.5880
france,2016,2.5880
france,2017,2.5880
france,2018,2.5880
france,2019,2.5880
france,2020,2.5880
france,2021,2.5880
france,2022,2.5880
gabon,2000,0.040300
gabon,2001,0.040300
gabon,2002,0.040300
gabon,2003,0.040300
gabon,2004,0.040300
gabon,2005,0.040300
gabon,2006,0.040300
gabon,2007,0.040300
gabon,2008,0.040300
gabon,2009,0.040300
gabon,2010,0.040300
gabon,2011,0.040300
gabon,2012,0.040300
gabon,2013,0.040300
gabon,2014,0.040300
gabon,2015,0.040300
gabon,2016,0.040300
gabon,2017,0.040300
gabon,2018,0.040300
gabon,2019,0.040300
gabon,2020,0.040300
gabon,2021,0.040300
gabon,2022,0.040300
gambia,1999,0.039200
gambia,2000,0.039200
gambia,2001,0.039200
gambia,2002,0.039200
gambia,2003,0.039200
gambia,2004,0.039200
gambia,2005,0.039200
gambia,2006,0.039200
gambia,2007,0.039200
gambia,2008,0.039200
gambia,2009,0.039200
gambia,2010,0.039200
gambia,2011,0.039200
gambia,2012,0.039200
gambia,2013,0.039200
gambia,2014,0.039200
gambia,2015,0.039200
gambia,2016,0.039200
gambia,2017,0.039200
gambia,2018,0.039200
gambia,2019,0.039200
gambia,2020,0.039200
gambia,2021,0.039200
gambia,2022,0.039200
georgia,2005,0.86700
georgia,2006,0.82767
georgia,2007,0.78834
georgia,2008,0.74902
georgia,2009,0.70969
georgia,2010,0.67036
georgia,2011,0.63103
georgia,2012,0.59170
georgia,2013,0.55237
georgia,2014,0.51305
georgia,2015,0.47372
georgia,2016,0.43439
georgia,2017,0.47347
georgia,2018,0.44025
georgia,2019,0.57500
georgia,2020,0.69625
georgia,2021,0.73066
georgia,2022,0.41732
germany,2002,0.14240
germany,2003,0.13280
germany,2004,0.12320
germany,2005,0.11360
germany,2006,0.10400
germany,2007,0.094400
germany,2008,0.12280
germany,2009,0.15120
germany,2010,0.17960
germany,2011,0.21017
germany,2012,0.24073
germany,2013,0.27130
germany,2014,0.30187
germany,2015,0.33243
germany,2016,0.36300
germany,2017,0.37433
germany,2018,0.38567
germany,2019,0.39700
germany,2020,0.40833
germany,2021,0.41967
germany,2022,0.43100
greece,1970,2.4250
greece,1971,2.6552
greece,1972,2.8854
greece,1973,3.1156
greece,1974,3.3458
greece,1975,3.5760
greece,1976,3.6784
greece,1977,3.7808
greece,1978,3.8832
greece,1979,3.9856
greece,1980,4.0880
greece,1981,4.1904
greece,1982,4.2928
greece,1983,4.3952
greece,1984,4.4976
greece,1985,4.6000
greece,1986,5.2200
greece,1987,5.8400
greece,1988,6.4600
greece,1989,7.0800
greece,1990,7.7000
greece,1991,7.8000
greece,1992,7.9000
greece,1993,7.8000
greece,1994,7.7000
greece,1995,7.6000
greece,1996,7.6000
greece,1997,7.6000
greece,1998,8.0890
greece,1999,8.5780
greece,2000,9.0670
greece,2001,8.9410
greece,2002,8.4200
greece,2003,8.5320
greece,2004,8.6210
greece,2005,8.6990
greece,2006,8.4550
greece,2007,8.4580
greece,2008,8.3105
greece,2009,8.1630
greece,2010,8.0155
greece,2011,7.8680
greece,2012,7.8879
greece,2013,7.9078
greece,2014,7.9276
greece,2015,7.9475
greece,2016,7.9674
greece,2017,7.9873
greece,2018,8.0071
greece,2019,8.0270
greece,2020,8.0270
greece,2021,8.0270
greece,2022,8.0266
grenada,1997,0.0022000
grenada,1998,0.0021941
grenada,1999,0.0021882
grenada,2000,0.0021824
grenada,2001,0.0021765
grenada,2002,0.0021706
grenada,2003,0.0021647
grenada,2004,0.0021588
grenada,2005,0.0021529
grenada,2006,0.0021471
grenada,2007,0.0021412
grenada,2008,0.0021353
grenada,2009,0.0021294
grenada,2010,0.0021235
grenada,2011,0.0021176
grenada,2012,0.0021118
grenada,2013,0.0021059
grenada,2014,0.0021000
grenada,2015,0.0021000
grenada,2016,0.0021000
grenada,2017,0.0021000
grenada,2018,0.0021000
grenada,2019,0.0021000
grenada,2020,0.0021000
grenada,2021,0.0021000
grenada,2022,0.0021000
guinea,2001,0.29290
guinea,2002,0.31096
guinea,2003,0.32903
guinea,2004,0.34709
guinea,2005,0.36516
guinea,2006,0.38322
guinea,2007,0.40129
guinea,2008,0.41935
guinea,2009,0.43742
guinea,2010,0.45548
guinea,2011,0.47355
guinea,2012,0.49161
guinea,2013,0.50968
guinea,2014,0.52774
guinea,2015,0.54581
guinea,2016,0.56387
guinea,2017,0.58194
guinea,2018,0.60000
guinea,2019,0.60000
guinea,2020,0.60000
guinea,2021,0.60000
guinea,2022,0.60000
guyana,2010,1.3630
guyana,2011,1.3630
guyana,2012,1.3630
guyana,2013,1.3630
guyana,2014,1.3630
guyana,2015,1.3630
guyana,2016,1.3630
guyana,2017,1.3630
guyana,2018,1.3630
guyana,2019,1.3630
guyana,2020,1.3630
guyana,2021,1.3630
guyana,2022,1.3630
haiti,2009,1.2090
haiti,2010,1.2090
haiti,2011,1.2090
haiti,2012,1.2090
haiti,2013,1.2090
haiti,2014,1.2090
haiti,2015,1.2090
haiti,2016,1.2090
haiti,2017,1.2090
haiti,2018,1.2090
haiti,2019,1.2090
haiti,2020,1.2090
haiti,2021,1.2090
haiti,2022,1.2090
honduras,2003,1.1530
honduras,2004,1.1530
honduras,2005,1.1530
honduras,2006,1.1530
honduras,2007,1.1530
honduras,2008,1.1530
honduras,2009,1.1530
honduras,2010,1.1530
honduras,2011,1.1530
honduras,2012,1.1530
honduras,2013,1.1530
honduras,2014,1.1530
honduras,2015,1.1530
honduras,2016,1.1530
honduras,2017,1.1530
honduras,2018,1.1530
honduras,2019,1.1530
honduras,2020,1.1530
honduras,2021,1.1530
honduras,2022,1.1530
hungary,1970,0.40520
hungary,1971,0.42646
hungary,1972,0.44772
hungary,1973,0.46898
hungary,1974,0.49024
hungary,1975,0.51150
hungary,1976,0.50688
hungary,1977,0.50226
hungary,1978,0.49765
hungary,1979,0.49303
hungary,1980,0.48841
hungary,1981,0.48379
hungary,1982,0.47918
hungary,1983,0.47456
hungary,1984,0.46994
hungary,1985,0.46532
hungary,1986,0.46071
hungary,1987,0.45609
hungary,1988,0.45147
hungary,1989,0.44685
hungary,1990,0.44224
hungary,1991,0.43762
hungary,1992,0.43300
hungary,1993,0.36535
hungary,1994,0.29770
hungary,1995,0.23005
hungary,1996,0.16240
hungary,1997,0.11500
hungary,1998,0.067600
hungary,1999,0.025000
hungary,2000,0.21580
hungary,2001,0.11070
hungary,2002,0.15770
hungary,2003,0.18920
hungary,2004,0.10900
hungary,2005,0.056800
hungary,2006,0.069900
hungary,2007,0.16270
hungary,2008,0.14330
hungary,2009,0.16110
hungary,2010,0.055000
hungary,2011,0.10520
hungary,2012,0.19200
hungary,2013,0.28230
hungary,2014,0.17300
hungary,2015,0.19280
hungary,2016,0.11580
hungary,2017,0.13294
hungary,2018,0.12145
hungary,2019,0.11000
hungary,2020,0.12700
hungary,2021,0.12900
hungary,2022,0.17900
iceland,2000,0.0000
iceland,2001,0.0000
iceland,2002,0.0000
iceland,2003,0.0000
iceland,2004,0.0000
iceland,2005,0.0000
iceland,2006,0.0000
iceland,2007,0.0000
iceland,2008,0.0000
iceland,2009,0.0000
iceland,2010,0.0000
iceland,2011,0.0000
iceland,2012,0.0000
iceland,2013,0.0000
iceland,2014,0.0000
iceland,2015,0.0000
iceland,2016,0.0000
iceland,2017,0.0000
iceland,2018,0.0000
iceland,2019,0.0000
iceland,2020,0.0000
iceland,2021,0.0000
iceland,2022,0.0000
indonesia,2014,166.00
indonesia,2015,171.55
indonesia,2016,177.10
indonesia,2017,177.10
indonesia,2018,177.10
indonesia,2019,177.10
indonesia,2020,177.10
indonesia,2021,177.10
indonesia,2022,177.10
ireland,1998,0.0033000
ireland,1999,0.0031550
ireland,2000,0.0030100
ireland,2001,0.0028650
ireland,2002,0.0027200
ireland,2003,0.0025750
ireland,2004,0.0024300
ireland,2005,0.0022850
ireland,2006,0.0021400
ireland,2007,0.0019950
ireland,2008,0.0018500
ireland,2009,0.0017050
ireland,2010,0.0015600
ireland,2011,0.0014150
ireland,2012,0.0012700
ireland,2013,0.0011250
ireland,2014,0.00098000
ireland,2015,0.00083500
ireland,2016,0.00069000
ireland,2017,0.00054500
ireland,2018,0.00040000
ireland,2019,0.00050000
ireland,2020,0.0010000
ireland,2021,0.0010000
ireland,2022,0.0010000
italy,2007,12.890
italy,2008,13.408
italy,2009,13.927
italy,2010,14.445
italy,2011,14.963
italy,2012,15.482
italy,2013,16.000
italy,2014,16.066
italy,2015,16.132
italy,2016,16.198
italy,2017,16.264
italy,2018,16.330
italy,2019,16.850
italy,2020,16.850
italy,2021,16.850
italy,2022,16.850
jamaica,2007,0.44800
jamaica,2008,0.42429
jamaica,2009,0.40057
jamaica,2010,0.37686
jamaica,2011,0.35314
jamaica,2012,0.32943
jamaica,2013,0.30571
jamaica,2014,0.28200
jamaica,2015,0.13300
jamaica,2016,0.11000
jamaica,2017,0.11000
jamaica,2018,0.11000
jamaica,2019,0.11000
jamaica,2020,0.11000
jamaica,2021,0.11000
jamaica,2022,0.11000
japan,1995,58.530
japan,1996,58.111
japan,1997,57.693
japan,1998,57.274
japan,1999,56.856
japan,2000,56.437
japan,2001,56.019
japan,2002,55.600
japan,2003,55.270
japan,2004,54.940
japan,2005,54.610
japan,2006,54.280
japan,2007,54.050
japan,2008,54.020
japan,2009,53.990
japan,2010,53.904
japan,2011,53.818
japan,2012,53.731
japan,2013,53.645
japan,2014,53.559
japan,2015,53.472
japan,2016,53.386
japan,2017,53.300
japan,2018,53.100
japan,2019,52.900
japan,2020,52.800
japan,2021,52.600
japan,2022,52.600
jordan,2014,0.53950
jordan,2015,0.50680
jordan,2016,0.54700
jordan,2017,0.54470
jordan,2018,0.55530
jordan,2019,0.56054
jordan,2020,0.56054
jordan,2021,0.56054
jordan,2022,0.56054
kazakhstan,2011,11.240
kazakhstan,2012,11.320
kazakhstan,2013,11.630
kazakhstan,2014,11.680
kazakhstan,2015,10.160
kazakhstan,2016,11.950
kazakhstan,2017,11.704
kazakhstan,2018,11.458
kazakhstan,2019,12.400
kazakhstan,2020,12.290
kazakhstan,2021,11.555
kazakhstan,2022,11.570
kenya,2010,1.6020
kenya,2011,1.4115
kenya,2012,1.2210
kenya,2013,1.0305
kenya,2014,0.84000
kenya,2015,0.64950
kenya,2016,0.45900
kenya,2017,0.45900
kenya,2018,0.45900
kenya,2019,0.45900
kenya,2020,0.45900
kenya,2021,0.45900
kenya,2022,0.45900
kuwait,2015,0.68600
kuwait,2016,0.72130
kuwait,2017,0.77680
kuwait,2018,0.77680
kuwait,2019,0.77680
kuwait,2020,0.77680
kuwait,2021,0.77680
kuwait,2022,0.77680
land_locked_developing_countries,2000,12.706
land_locked_developing_countries,2001,13.050
land_locked_developing_countries,2002,16.014
land_locked_developing_countries,2003,16.125
land_locked_developing_countries,2004,42.226
land_locked_developing_countries,2005,46.085
land_locked_developing_countries,2006,51.602
land_locked_developing_countries,2007,52.052
land_locked_developing_countries,2008,52.712
land_locked_developing_countries,2009,53.302
land_locked_developing_countries,2010,53.804
land_locked_developing_countries,2011,66.625
land_locked_developing_countries,2012,68.618
land_locked_developing_countries,2013,68.227
land_locked_developing_countries,2014,115.65
land_locked_developing_countries,2015,131.40
land_locked_developing_countries,2016,141.61
land_locked_developing_countries,2017,145.50
land_locked_developing_countries,2018,150.24
land_locked_developing_countries,2019,149.93
land_locked_developing_countries,2020,143.45
land_locked_developing_countries,2021,136.17
land_locked_developing_countries,2022,137.34
lao_people_s_democratic_republic,2005,3.1930
lao_people_s_democratic_republic,2006,3.5971
lao_people_s_democratic_republic,2007,4.0012
lao_people_s_democratic_republic,2008,4.4053
lao_people_s_democratic_republic,2009,4.8094
lao_people_s_democratic_republic,2010,5.2136
lao_people_s_democratic_republic,2011,5.6177
lao_people_s_democratic_republic,2012,6.0218
lao_people_s_democratic_republic,2013,6.4259
lao_people_s_democratic_republic,2014,6.8300
lao_people_s_democratic_republic,2015,7.1100
lao_people_s_democratic_republic,2016,6.9200
lao_people_s_democratic_republic,2017,6.5800
lao_people_s_democratic_republic,2018,6.5800
lao_people_s_democratic_republic,2019,6.5800
lao_people_s_democratic_republic,2020,6.5800
lao_people_s_democratic_republic,2021,6.5800
lao_people_s_democratic_republic,2022,6.5800
latin_america_and_the_caribbean,2000,14.053
latin_america_and_the_caribbean,2001,14.026
latin_america_and_the_caribbean,2002,14.000
latin_america_and_the_caribbean,2003,15.126
latin_america_and_the_caribbean,2004,15.100
latin_america_and_the_caribbean,2005,16.630
latin_america_and_the_caribbean,2006,33.850
latin_america_and_the_caribbean,2007,92.267
latin_america_and_the_caribbean,2008,108.78
latin_america_and_the_caribbean,2009,109.82
latin_america_and_the_caribbean,2010,122.61
latin_america_and_the_caribbean,2011,124.01
latin_america_and_the_caribbean,2012,125.45
latin_america_and_the_caribbean,2013,126.15
latin_america_and_the_caribbean,2014,156.62
latin_america_and_the_caribbean,2015,156.42
latin_america_and_the_caribbean,2016,162.95
latin_america_and_the_caribbean,2017,164.42
latin_america_and_the_caribbean,2018,164.49
latin_america_and_the_caribbean,2019,201.38
latin_america_and_the_caribbean,2020,203.73
latin_america_and_the_caribbean,2021,190.82
latin_america_and_the_caribbean,2022,192.56
latvia,2014,0.00020000
latvia,2015,0.00030000
latvia,2016,0.00058762
latvia,2017,0.00036613
latvia,2018,0.00041600
latvia,2019,0.00037000
latvia,2020,0.00035900
latvia,2021,0.00048000
latvia,2022,0.00045800
least_developed_countries,2000,48.846
least_developed_countries,2001,50.294
least_developed_countries,2002,57.796
least_developed_countries,2003,57.837
least_developed_countries,2004,59.100
least_developed_countries,2005,63.137
least_developed_countries,2006,70.602
least_developed_countries,2007,71.139
least_developed_countries,2008,71.676
least_developed_countries,2009,73.422
least_developed_countries,2010,73.959
least_developed_countries,2011,74.496
least_developed_countries,2012,48.883
least_developed_countries,2013,49.420
least_developed_countries,2014,49.957
least_developed_countries,2015,50.506
least_developed_countries,2016,59.397
least_developed_countries,2017,61.267
least_developed_countries,2018,61.874
least_developed_countries,2019,62.270
least_developed_countries,2020,62.306
least_developed_countries,2021,62.563
least_developed_countries,2022,62.587
lesotho,1999,0.0038000
lesotho,2000,0.0038000
lesotho,2001,0.0038000
lesotho,2002,0.0038000
lesotho,2003,0.0038000
lesotho,2004,0.0038000
lesotho,2005,0.0038000
lesotho,2006,0.0038000
lesotho,2007,0.0038000
lesotho,2008,0.0038000
lesotho,2009,0.0038000
lesotho,2010,0.0038000
lesotho,2011,0.0038000
lesotho,2012,0.0038000
lesotho,2013,0.0038000
lesotho,2014,0.0038000
lesotho,2015,0.0038000
lesotho,2016,0.0038000
lesotho,2017,0.0038000
lesotho,2018,0.0038000
lesotho,2019,0.0038000
lesotho,2020,0.0038000
lesotho,2021,0.0038000
lesotho,2022,0.0038000
liberia,2000,0.012300
liberia,2001,0.012300
liberia,2002,0.012300
liberia,2003,0.012300
liberia,2004,0.012300
liberia,2005,0.012300
liberia,2006,0.012300
liberia,2007,0.012300
liberia,2008,0.012300
liberia,2009,0.012300
liberia,2010,0.012300
liberia,2011,0.012300
liberia,2012,0.012300
liberia,2013,0.012300
liberia,2014,0.012300
liberia,2015,0.012300
liberia,2016,0.012300
liberia,2017,0.012300
liberia,2018,0.012300
liberia,2019,0.012300
liberia,2020,0.012300
liberia,2021,0.012300
liberia,2022,0.012300
lithuania,2003,0.0010000
lithuania,2004,0.0012000
lithuania,2005,0.0014000
lithuania,2006,0.0018000
lithuania,2007,0.0019000
lithuania,2008,0.0012000
lithuania,2009,0.0010000
lithuania,2010,0.00095000
lithuania,2011,0.00090000
lithuania,2012,0.00090000
lithuania,2013,0.00090000
lithuania,2014,0.00090000
lithuania,2015,0.00090000
lithuania,2016,0.00070000
lithuania,2017,0.00050000
lithuania,2018,0.00055000
lithuania,2019,0.00052500
lithuania,2020,0.00050000
lithuania,2021,0.00060000
lithuania,2022,0.00072000
luxembourg,1989,0.00020000
luxembourg,1990,0.00020000
luxembourg,1991,0.00020000
luxembourg,1992,0.00020000
luxembourg,1993,0.00020000
luxembourg,1994,0.00020000
luxembourg,1995,0.00020000
luxembourg,1996,0.00018941
luxembourg,1997,0.00017882
luxembourg,1998,0.00016824
luxembourg,1999,0.00015765
luxembourg,2000,0.00014706
luxembourg,2001,0.00013647
luxembourg,2002,0.00012588
luxembourg,2003,0.00011529
luxembourg,2004,0.00010471
luxembourg,2005,0.000094100
luxembourg,2006,0.000083500
luxembourg,2007,0.000072900
luxembourg,2008,0.000062400
luxembourg,2009,0.000051800
luxembourg,2010,0.000041200
luxembourg,2011,0.000030600
luxembourg,2012,0.000020000
luxembourg,2013,0.0000
luxembourg,2014,0.000050000
luxembourg,2015,0.00010000
luxembourg,2016,0.00011400
luxembourg,2017,0.00012800
luxembourg,2018,0.00014200
luxembourg,2019,0.00015600
luxembourg,2020,0.00017000
luxembourg,2021,0.000030000
luxembourg,2022,0.000090000
madagascar,2000,13.000
madagascar,2001,13.000
madagascar,2002,13.000
madagascar,2003,13.000
madagascar,2004,13.000
madagascar,2005,13.000
madagascar,2006,13.000
madagascar,2007,13.000
madagascar,2008,13.000
madagascar,2009,13.000
madagascar,2010,13.000
madagascar,2011,13.000
madagascar,2012,13.000
madagascar,2013,13.000
madagascar,2014,13.000
madagascar,2015,13.000
madagascar,2016,13.000
madagascar,2017,13.000
madagascar,2018,13.000
madagascar,2019,13.000
madagascar,2020,13.000
madagascar,2021,13.000
madagascar,2022,13.000
malawi,2002,1.1660
malawi,2003,1.1660
malawi,2004,1.1660
malawi,2005,1.1660
malawi,2006,1.2018
malawi,2007,1.2376
malawi,2008,1.2734
malawi,2009,1.3092
malawi,2010,1.3450
malawi,2011,1.3808
malawi,2012,1.4166
malawi,2013,1.4524
malawi,2014,1.4882
malawi,2015,1.5240
malawi,2016,1.5598
malawi,2017,1.5956
malawi,2018,1.6314
malawi,2019,1.6672
malawi,2020,1.7030
malawi,2021,1.9600
malawi,2022,1.9840
malaysia,1996,2.5050
malaysia,1997,2.5050
malaysia,1998,2.5050
malaysia,1999,2.5050
malaysia,2000,2.5050
malaysia,2001,2.5050
malaysia,2002,2.5050
malaysia,2003,2.5050
malaysia,2004,2.5050
malaysia,2005,2.5050
malaysia,2006,2.5050
malaysia,2007,2.5050
malaysia,2008,2.5050
malaysia,2009,2.5050
malaysia,2010,2.5050
malaysia,2011,2.5050
malaysia,2012,2.5050
malaysia,2013,2.5050
malaysia,2014,2.5050
malaysia,2015,2.5050
malaysia,2016,2.5050
malaysia,2017,2.5050
malaysia,2018,2.5050
malaysia,2019,2.5050
malaysia,2020,2.5050
malaysia,2021,2.5050
malaysia,2022,2.5050
maldives,2008,0.0000
maldives,2009,0.00000021700
maldives,2010,0.00000043400
maldives,2011,0.00000065100
maldives,2012,0.00000086800
maldives,2013,0.0000010900
maldives,2014,0.0000013000
maldives,2015,0.0000015200
maldives,2016,0.0000017400
maldives,2017,0.0000019500
maldives,2018,0.0000021700
maldives,2019,0.0000023900
maldives,2020,0.0000056600
maldives,2021,0.0000089300
maldives,2022,0.0000089300
mali,2006,5.0000
mali,2007,5.0000
mali,2008,5.0000
mali,2009,5.0000
mali,2010,5.0000
mali,2011,5.0000
mali,2012,5.0000
mali,2013,5.0000
mali,2014,5.0000
mali,2015,5.0000
mali,2016,5.0000
mali,2017,5.0000
mali,2018,5.0000
mali,2019,5.0000
mali,2020,5.0000
mali,2021,5.0000
mali,2022,5.0000
malta,2001,0.020100
malta,2002,0.018900
malta,2003,0.016600
malta,2004,0.016600
malta,2005,0.015900
malta,2006,0.017000
malta,2007,0.020300
malta,2008,0.019300
malta,2009,0.016500
malta,2010,0.019033
malta,2011,0.021567
malta,2012,0.024100
malta,2013,0.029000
malta,2014,0.028300
malta,2015,0.025400
malta,2016,0.025500
malta,2017,0.027000
malta,2018,0.023946
malta,2019,0.021759
malta,2020,0.022727
malta,2021,0.021332
malta,2022,0.020057
mauritania,2004,1.2230
mauritania,2005,1.2230
mauritania,2006,1.2230
mauritania,2007,1.2230
mauritania,2008,1.2230
mauritania,2009,1.2230
mauritania,2010,1.2230
mauritania,2011,1.2230
mauritania,2012,1.2230
mauritania,2013,1.2230
mauritania,2014,1.2230
mauritania,2015,1.2230
mauritania,2016,1.2230
mauritania,2017,1.2230
mauritania,2018,1.2230
mauritania,2019,1.2230
mauritania,2020,1.2230
mauritania,2021,1.2230
mauritania,2022,1.2230
mexico,2007,58.780
mexico,2008,59.380
mexico,2009,60.043
mexico,2010,60.706
mexico,2011,61.370
mexico,2012,62.033
mexico,2013,62.696
mexico,2014,63.359
mexico,2015,64.023
mexico,2016,64.686
mexico,2017,65.422
mexico,2018,65.870
mexico,2019,66.250
mexico,2020,66.420
mexico,2021,66.666
mexico,2022,67.112
mongolia,2006,0.094000
mongolia,2007,0.10567
mongolia,2008,0.11733
mongolia,2009,0.12900
mongolia,2010,0.13580
mongolia,2011,0.14260
mongolia,2012,0.14940
mongolia,2013,0.15620
mongolia,2014,0.16300
mongolia,2015,0.16980
mongolia,2016,0.12610
mongolia,2017,0.12610
mongolia,2018,0.12610
mongolia,2019,0.12610
mongolia,2020,0.12610
mongolia,2021,0.12610
mongolia,2022,0.12610
montenegro,2020,0.0073500
montenegro,2021,0.0081700
montenegro,2022,0.0067600
mozambique,2001,0.69000
mozambique,2002,0.71250
mozambique,2003,0.73500
mozambique,2004,0.75750
mozambique,2005,0.78000
mozambique,2006,0.80250
mozambique,2007,0.82500
mozambique,2008,0.84750
mozambique,2009,0.87000
mozambique,2010,0.89250
mozambique,2011,0.91500
mozambique,2012,0.93750
mozambique,2013,0.96000
mozambique,2014,0.98250
mozambique,2015,1.0050
mozambique,2016,1.0050
mozambique,2017,1.0050
mozambique,2018,1.0050
mozambique,2019,1.0050
mozambique,2020,1.0050
mozambique,2021,1.0050
mozambique,2022,1.0050
namibia,2000,0.13600
namibia,2001,0.14000
namibia,2002,0.14400
namibia,2003,0.13867
namibia,2004,0.13335
namibia,2005,0.12802
namibia,2006,0.12270
namibia,2007,0.11737
namibia,2008,0.11205
namibia,2009,0.10672
namibia,2010,0.10139
namibia,2011,0.096068
namibia,2012,0.090742
namibia,2013,0.085416
namibia,2014,0.080090
namibia,2015,0.074764
namibia,2016,0.069438
namibia,2017,0.064113
namibia,2018,0.058787
namibia,2019,0.053461
namibia,2020,0.048135
namibia,2021,0.027560
namibia,2022,0.027560
nepal,2000,9.3200
nepal,2001,9.3200
nepal,2002,9.3200
nepal,2003,9.3200
nepal,2004,9.3200
nepal,2005,9.3200
nepal,2006,9.3200
nepal,2007,9.3200
nepal,2008,9.3200
nepal,2009,9.3200
nepal,2010,9.3200
nepal,2011,9.3200
nepal,2012,9.3200
nepal,2013,9.3200
nepal,2014,9.3200
nepal,2015,9.3200
nepal,2016,9.3200
nepal,2017,9.3200
nepal,2018,9.3200
nepal,2019,9.3200
nepal,2020,9.3200
nepal,2021,9.3200
nepal,2022,9.3200
netherlands_kingdom_of_the,1996,0.23000
netherlands_kingdom_of_the,1997,0.20876
netherlands_kingdom_of_the,1998,0.18751
netherlands_kingdom_of_the,1999,0.16627
netherlands_kingdom_of_the,2000,0.14502
netherlands_kingdom_of_the,2001,0.12378
netherlands_kingdom_of_the,2002,0.10253
netherlands_kingdom_of_the,2003,0.081289
netherlands_kingdom_of_the,2004,0.060044
netherlands_kingdom_of_the,2005,0.038800
netherlands_kingdom_of_the,2006,0.089800
netherlands_kingdom_of_the,2007,0.038700
netherlands_kingdom_of_the,2008,0.036100
netherlands_kingdom_of_the,2009,0.059200
netherlands_kingdom_of_the,2010,0.082300
netherlands_kingdom_of_the,2011,0.052650
netherlands_kingdom_of_the,2012,0.023000
netherlands_kingdom_of_the,2013,0.038333
netherlands_kingdom_of_the,2014,0.053667
netherlands_kingdom_of_the,2015,0.069000
netherlands_kingdom_of_the,2016,0.038100
netherlands_kingdom_of_the,2017,0.080200
netherlands_kingdom_of_the,2018,0.26460
netherlands_kingdom_of_the,2019,0.21526
netherlands_kingdom_of_the,2020,0.26850
netherlands_kingdom_of_the,2021,0.044612
netherlands_kingdom_of_the,2022,0.22457
new_zealand,1999,1.6000
new_zealand,2000,1.7329
new_zealand,2001,1.8657
new_zealand,2002,1.9986
new_zealand,2003,2.1314
new_zealand,2004,2.2643
new_zealand,2005,2.3971
new_zealand,2006,2.5300
new_zealand,2007,2.5975
new_zealand,2008,2.6650
new_zealand,2009,2.7325
new_zealand,2010,2.8000
new_zealand,2011,2.8000
new_zealand,2012,2.8000
new_zealand,2013,2.8000
new_zealand,2014,2.8000
new_zealand,2015,2.8000
new_zealand,2016,2.8000
new_zealand,2017,2.8000
new_zealand,2018,2.8000
new_zealand,2019,2.8000
new_zealand,2020,2.8000
new_zealand,2021,2.8000
new_zealand,2022,2.8000
nicaragua,2011,1.1100
nicaragua,2012,1.1392
nicaragua,2013,1.1685
nicaragua,2014,1.1977
nicaragua,2015,1.2269
nicaragua,2016,1.2562
nicaragua,2017,1.2854
nicaragua,2018,1.3146
nicaragua,2019,1.3146
nicaragua,2020,1.3146
nicaragua,2021,1.3146
nicaragua,2022,1.3146
niger,2005,0.65650
niger,2006,0.71300
niger,2007,0.76950
niger,2008,0.82600
niger,2009,0.88250
niger,2010,0.93900
niger,2011,0.99550
niger,2012,1.0520
niger,2013,1.1085
niger,2014,1.1650
niger,2015,1.3580
niger,2016,1.3630
niger,2017,1.3660
niger,2018,1.3660
niger,2019,1.3660
niger,2020,1.3660
niger,2021,1.3660
niger,2022,1.3660
nigeria,2004,7.0470
nigeria,2005,6.6307
nigeria,2006,6.2143
nigeria,2007,5.7980
nigeria,2008,5.3817
nigeria,2009,4.9653
nigeria,2010,4.5490
nigeria,2011,4.5490
nigeria,2012,4.5490
nigeria,2013,4.5490
nigeria,2014,4.5490
nigeria,2015,4.5490
nigeria,2016,4.5490
nigeria,2017,4.5490
nigeria,2018,4.5490
nigeria,2019,4.5490
nigeria,2020,4.5490
nigeria,2021,4.5490
nigeria,2022,4.5490
north_macedonia,2000,0.38300
north_macedonia,2001,0.30670
north_macedonia,2002,0.28140
north_macedonia,2003,0.39330
north_macedonia,2004,0.24480
north_macedonia,2005,0.25510
north_macedonia,2006,0.18200
north_macedonia,2007,0.12550
north_macedonia,2008,0.27800
north_macedonia,2009,0.36000
north_macedonia,2010,0.36000
north_macedonia,2011,0.29300
north_macedonia,2012,1.3530
north_macedonia,2013,0.15600
north_macedonia,2014,0.20930
north_macedonia,2015,0.13900
north_macedonia,2016,0.13900
north_macedonia,2017,0.13900
north_macedonia,2018,0.13900
north_macedonia,2019,0.13900
north_macedonia,2020,0.13900
north_macedonia,2021,0.13900
north_macedonia,2022,0.13900
northern_africa,2000,26.150
northern_africa,2001,29.652
northern_africa,2002,29.652
northern_africa,2003,29.652
northern_africa,2004,29.652
northern_africa,2005,29.652
northern_africa,2006,29.652
northern_africa,2007,29.652
northern_africa,2008,29.652
northern_africa,2009,29.652
northern_africa,2010,29.652
northern_africa,2011,29.652
northern_africa,2012,3.5020
northern_africa,2013,3.5020
northern_africa,2014,3.5020
northern_africa,2015,3.5020
northern_africa,2016,6.4809
northern_africa,2017,6.1930
northern_africa,2018,6.4346
northern_africa,2019,6.4346
northern_africa,2020,6.4346
northern_africa,2021,6.4346
northern_africa,2022,6.4346
northern_africa_and_western_asia,2000,26.294
northern_africa_and_western_asia,2001,29.791
northern_africa_and_western_asia,2002,29.812
northern_africa_and_western_asia,2003,29.832
northern_africa_and_western_asia,2004,29.855
northern_africa_and_western_asia,2005,30.683
northern_africa_and_western_asia,2006,30.632
northern_africa_and_western_asia,2007,30.582
northern_africa_and_western_asia,2008,30.511
northern_africa_and_western_asia,2009,30.502
northern_africa_and_western_asia,2010,30.472
northern_africa_and_western_asia,2011,31.588
northern_africa_and_western_asia,2012,5.7597
northern_africa_and_western_asia,2013,7.3170
northern_africa_and_western_asia,2014,43.614
northern_africa_and_western_asia,2015,60.126
northern_africa_and_western_asia,2016,68.068
northern_africa_and_western_asia,2017,67.050
northern_africa_and_western_asia,2018,68.911
northern_africa_and_western_asia,2019,71.978
northern_africa_and_western_asia,2020,67.377
northern_africa_and_western_asia,2021,67.612
northern_africa_and_western_asia,2022,68.584
northern_america,2000,192.23
northern_america,2001,189.59
northern_america,2002,186.95
northern_america,2003,184.32
northern_america,2004,181.68
northern_america,2005,179.04
northern_america,2006,175.36
northern_america,2007,171.68
northern_america,2008,168.00
northern_america,2009,164.32
northern_america,2010,160.14
northern_america,2011,161.06
northern_america,2012,162.47
northern_america,2013,162.72
northern_america,2014,163.94
northern_america,2015,164.79
northern_america,2016,153.02
northern_america,2017,141.14
northern_america,2018,129.86
northern_america,2019,117.24
northern_america,2020,104.63
northern_america,2021,104.83
northern_america,2022,105.03
norway,1996,0.18860
norway,1997,0.17370
norway,1998,0.15880
norway,1999,0.14390
norway,2000,0.080000
norway,2001,0.17680
norway,2002,0.11310
norway,2003,0.068500
norway,2004,0.073500
norway,2005,0.10290
norway,2006,0.11280
norway,2007,0.11280
norway,2008,0.11280
norway,2009,0.11280
norway,2010,0.11280
norway,2011,0.11280
norway,2012,0.11280
norway,2013,0.11280
norway,2014,0.11280
norway,2015,0.11280
norway,2016,0.11280
norway,2017,0.11280
norway,2018,0.11280
norway,2019,0.11280
norway,2020,0.11280
norway,2021,0.11280
norway,2022,0.11280
oceania,2000,1.7329
oceania,2001,1.8657
oceania,2002,1.9986
oceania,2003,2.1314
oceania,2004,2.2643
oceania,2005,2.3971
oceania,2006,13.270
oceania,2007,10.233
oceania,2008,8.9500
oceania,2009,9.2335
oceania,2010,9.3960
oceania,2011,11.167
oceania,2012,12.939
oceania,2013,14.710
oceania,2014,12.449
oceania,2015,11.208
oceania,2016,12.960
oceania,2017,13.789
oceania,2018,14.458
oceania,2019,12.150
oceania,2020,10.310
oceania,2021,12.530
oceania,2022,12.780
oman,2013,1.6070
oman,2014,1.5870
oman,2015,1.5670
oman,2016,1.5470
oman,2017,1.5470
oman,2018,1.5470
oman,2019,1.5470
oman,2020,1.5470
oman,2021,1.5470
oman,2022,1.5470
panama,2010,0.44600
panama,2011,0.45090
panama,2012,0.45580
panama,2013,0.46070
panama,2014,0.46560
panama,2015,0.44710
panama,2016,0.44610
panama,2017,0.44610
panama,2018,0.44610
panama,2019,0.44610
panama,2020,0.44610
panama,2021,0.44610
panama,2022,0.44610
peru,2019,32.790
peru,2020,32.790
peru,2021,19.074
peru,2022,20.183
philippines,2007,66.290
philippines,2008,66.300
philippines,2009,66.625
philippines,2010,66.950
philippines,2011,66.960
philippines,2012,66.980
philippines,2013,66.980
philippines,2014,67.010
philippines,2015,67.010
philippines,2016,67.010
philippines,2017,67.040
philippines,2018,67.047
philippines,2019,67.078
philippines,2020,67.125
philippines,2021,67.131
philippines,2022,67.226
poland,1975,0.82460
poland,1976,0.71780
poland,1977,0.61100
poland,1978,0.50420
poland,1979,0.39740
poland,1980,0.29060
poland,1981,0.33688
poland,1982,0.38316
poland,1983,0.42944
poland,1984,0.47572
poland,1985,0.52200
poland,1986,0.51074
poland,1987,0.49948
poland,1988,0.48822
poland,1989,0.47696
poland,1990,0.46570
poland,1991,0.38285
poland,1992,0.30000
poland,1993,0.26200
poland,1994,0.22400
poland,1995,0.18600
poland,1996,0.14800
poland,1997,0.11000
poland,1998,0.11010
poland,1999,0.11020
poland,2000,0.11030
poland,2001,0.083300
poland,2002,0.087600
poland,2003,0.086300
poland,2004,0.086300
poland,2005,0.092900
poland,2006,0.089600
poland,2007,0.098100
poland,2008,0.10200
poland,2009,0.094700
poland,2010,0.089833
poland,2011,0.084967
poland,2012,0.080100
poland,2013,0.080550
poland,2014,0.081000
poland,2015,0.085000
poland,2016,0.089000
poland,2017,0.081000
poland,2018,0.084000
poland,2019,0.084000
poland,2020,0.084000
poland,2021,0.084000
poland,2022,0.084000
portugal,1991,5.1000
portugal,1992,5.3084
portugal,1993,5.5169
portugal,1994,5.7253
portugal,1995,5.9337
portugal,1996,6.1421
portugal,1997,6.3506
portugal,1998,6.5590
portugal,1999,6.5599
portugal,2000,6.5608
portugal,2001,6.5617
portugal,2002,6.5626
portugal,2003,6.5634
portugal,2004,6.5643
portugal,2005,6.5652
portugal,2006,6.5661
portugal,2007,6.5670
portugal,2008,5.1670
portugal,2009,3.7670
portugal,2010,3.7206
portugal,2011,3.6741
portugal,2012,3.6277
portugal,2013,3.5812
portugal,2014,3.5348
portugal,2015,3.4884
portugal,2016,3.4419
portugal,2017,3.3955
portugal,2018,3.3954
portugal,2019,3.3954
portugal,2020,3.3954
portugal,2021,3.3954
portugal,2022,3.3954
puerto_rico,1990,0.19480
puerto_rico,1991,0.18838
puerto_rico,1992,0.18196
puerto_rico,1993,0.17554
puerto_rico,1994,0.16912
puerto_rico,1995,0.16270
puerto_rico,1996,0.15628
puerto_rico,1997,0.14986
puerto_rico,1998,0.14344
puerto_rico,1999,0.13702
puerto_rico,2000,0.13060
puerto_rico,2001,0.11696
puerto_rico,2002,0.10332
puerto_rico,2003,0.089680
puerto_rico,2004,0.076040
puerto_rico,2005,0.062400
puerto_rico,2006,0.060480
puerto_rico,2007,0.058560
puerto_rico,2008,0.056640
puerto_rico,2009,0.054720
puerto_rico,2010,0.052800
puerto_rico,2011,0.052800
puerto_rico,2012,0.052800
puerto_rico,2013,0.052800
puerto_rico,2014,0.052800
puerto_rico,2015,0.052800
puerto_rico,2016,0.052800
puerto_rico,2017,0.052800
puerto_rico,2018,0.052800
puerto_rico,2019,0.052800
puerto_rico,2020,0.052800
puerto_rico,2021,0.052800
puerto_rico,2022,0.052800
qatar,2020,0.23000
qatar,2021,0.23000
qatar,2022,0.23000
republic_of_korea,1990,14.100
republic_of_korea,1991,14.270
republic_of_korea,1992,14.440
republic_of_korea,1993,14.610
republic_of_korea,1994,14.780
republic_of_korea,1995,14.950
republic_of_korea,1996,15.120
republic_of_korea,1997,15.290
republic_of_korea,1998,15.452
republic_of_korea,1999,15.614
republic_of_korea,2000,15.776
republic_of_korea,2001,15.938
republic_of_korea,2002,16.100
republic_of_korea,2003,14.490
republic_of_korea,2004,14.490
republic_of_korea,2005,14.490
republic_of_korea,2006,14.490
republic_of_korea,2007,14.490
republic_of_korea,2008,14.490
republic_of_korea,2009,14.490
republic_of_korea,2010,14.490
republic_of_korea,2011,14.490
republic_of_korea,2012,14.490
republic_of_korea,2013,14.490
republic_of_korea,2014,14.490
republic_of_korea,2015,14.490
republic_of_korea,2016,14.490
republic_of_korea,2017,14.490
republic_of_korea,2018,14.490
republic_of_korea,2019,14.490
republic_of_korea,2020,14.490
republic_of_korea,2021,14.490
republic_of_korea,2022,14.490
republic_of_moldova,2017,0.038000
republic_of_moldova,2018,0.039000
republic_of_moldova,2019,0.039000
republic_of_moldova,2020,0.050000
republic_of_moldova,2021,0.050000
republic_of_moldova,2022,0.050000
romania,2000,0.51300
romania,2001,0.75100
romania,2002,0.78400
romania,2003,0.91200
romania,2004,0.37400
romania,2005,0.16000
romania,2006,0.17600
romania,2007,0.71800
romania,2008,0.58100
romania,2009,0.73100
romania,2010,0.61100
romania,2011,0.49100
romania,2012,0.37100
romania,2013,0.34300
romania,2014,0.22600
romania,2015,0.36400
romania,2016,0.33000
romania,2017,0.44100
romania,2018,0.50150
romania,2019,0.56200
romania,2020,1.1140
romania,2021,1.2550
romania,2022,1.6730
russian_federation,2015,10.960
russian_federation,2016,10.110
russian_federation,2017,12.460
russian_federation,2018,7.0000
russian_federation,2019,7.0000
russian_federation,2020,7.0000
russian_federation,2021,7.0000
russian_federation,2022,7.0000
rwanda,2019,0.36000
rwanda,2020,0.36000
rwanda,2021,0.36000
rwanda,2022,0.36000
saint_kitts_and_nevis,1997,0.00020000
saint_kitts_and_nevis,1998,0.00020000
saint_kitts_and_nevis,1999,0.00020000
saint_kitts_and_nevis,2000,0.00020000
saint_kitts_and_nevis,2001,0.00020000
saint_kitts_and_nevis,2002,0.00020000
saint_kitts_and_nevis,2003,0.00020000
saint_kitts_and_nevis,2004,0.00020000
saint_kitts_and_nevis,2005,0.00020000
saint_kitts_and_nevis,2006,0.00020000
saint_kitts_and_nevis,2007,0.00020000
saint_kitts_and_nevis,2008,0.00020000
saint_kitts_and_nevis,2009,0.00020000
saint_kitts_and_nevis,2010,0.00020000
saint_kitts_and_nevis,2011,0.00020000
saint_kitts_and_nevis,2012,0.00020000
saint_kitts_and_nevis,2013,0.00020000
saint_kitts_and_nevis,2014,0.00020000
saint_kitts_and_nevis,2015,0.00020000
saint_kitts_and_nevis,2016,0.00020000
saint_kitts_and_nevis,2017,0.00020000
saint_kitts_and_nevis,2018,0.00020000
saint_kitts_and_nevis,2019,0.00020000
saint_kitts_and_nevis,2020,0.00020000
saint_kitts_and_nevis,2021,0.00020000
saint_kitts_and_nevis,2022,0.00020000
saint_vincent_and_the_grenadines,1990,0.010100
saint_vincent_and_the_grenadines,1991,0.010100
saint_vincent_and_the_grenadines,1992,0.010100
saint_vincent_and_the_grenadines,1993,0.010100
saint_vincent_and_the_grenadines,1994,0.010100
saint_vincent_and_the_grenadines,1995,0.010100
saint_vincent_and_the_grenadines,1996,0.010100
saint_vincent_and_the_grenadines,1997,0.010100
saint_vincent_and_the_grenadines,1998,0.010100
saint_vincent_and_the_grenadines,1999,0.010100
saint_vincent_and_the_grenadines,2000,0.010100
saint_vincent_and_the_grenadines,2001,0.010100
saint_vincent_and_the_grenadines,2002,0.010100
saint_vincent_and_the_grenadines,2003,0.010100
saint_vincent_and_the_grenadines,2004,0.010100
saint_vincent_and_the_grenadines,2005,0.010100
saint_vincent_and_the_grenadines,2006,0.010100
saint_vincent_and_the_grenadines,2007,0.010100
saint_vincent_and_the_grenadines,2008,0.010100
saint_vincent_and_the_grenadines,2009,0.010100
saint_vincent_and_the_grenadines,2010,0.010100
saint_vincent_and_the_grenadines,2011,0.010100
saint_vincent_and_the_grenadines,2012,0.010100
saint_vincent_and_the_grenadines,2013,0.010100
saint_vincent_and_the_grenadines,2014,0.010100
saint_vincent_and_the_grenadines,2015,0.010100
saint_vincent_and_the_grenadines,2016,0.010100
saint_vincent_and_the_grenadines,2017,0.010100
saint_vincent_and_the_grenadines,2018,0.010100
saint_vincent_and_the_grenadines,2019,0.010100
saint_vincent_and_the_grenadines,2020,0.010100
saint_vincent_and_the_grenadines,2021,0.010100
saint_vincent_and_the_grenadines,2022,0.010100
sao_tome_and_principe,2016,0.022400
sao_tome_and_principe,2017,0.022400
sao_tome_and_principe,2018,0.022400
sao_tome_and_principe,2019,0.022400
sao_tome_and_principe,2020,0.022400
sao_tome_and_principe,2021,0.022400
sao_tome_and_principe,2022,0.022400
senegal,2017,2.1524
senegal,2018,2.7061
senegal,2019,2.7061
senegal,2020,2.7061
senegal,2021,2.7061
senegal,2022,2.7061
serbia,2006,0.089600
serbia,2007,0.092400
serbia,2008,0.048400
serbia,2009,0.043500
serbia,2010,0.054800
serbia,2011,0.066100
serbia,2012,0.076950
serbia,2013,0.087800
serbia,2014,0.050600
serbia,2015,0.088500
serbia,2016,0.045300
serbia,2017,0.075300
serbia,2018,0.054500
serbia,2019,0.067600
serbia,2020,0.069100
serbia,2021,0.092000
serbia,2022,0.099000
sierra_leone,1992,0.045700
sierra_leone,1993,0.045700
sierra_leone,1994,0.045700
sierra_leone,1995,0.045700
sierra_leone,1996,0.045700
sierra_leone,1997,0.045700
sierra_leone,1998,0.045700
sierra_leone,1999,0.045700
sierra_leone,2000,0.045700
sierra_leone,2001,0.045700
sierra_leone,2002,0.045700
sierra_leone,2003,0.045700
sierra_leone,2004,0.045700
sierra_leone,2005,0.045700
sierra_leone,2006,0.045700
sierra_leone,2007,0.045700
sierra_leone,2008,0.045700
sierra_leone,2009,0.045700
sierra_leone,2010,0.045700
sierra_leone,2011,0.045700
sierra_leone,2012,0.045700
sierra_leone,2013,0.045700
sierra_leone,2014,0.045700
sierra_leone,2015,0.045700
sierra_leone,2016,0.045700
sierra_leone,2017,0.045700
sierra_leone,2018,0.045700
sierra_leone,2019,0.045700
sierra_leone,2020,0.045700
sierra_leone,2021,0.045700
sierra_leone,2022,0.045700
slovakia,2000,0.077200
slovakia,2001,0.056100
slovakia,2002,0.043600
slovakia,2003,0.077100
slovakia,2004,0.021100
slovakia,2005,0.013900
slovakia,2006,0.018800
slovakia,2007,0.014000
slovakia,2008,0.011600
slovakia,2009,0.0092000
slovakia,2010,0.0068000
slovakia,2011,0.013950
slovakia,2012,0.021100
slovakia,2013,0.017350
slovakia,2014,0.013600
slovakia,2015,0.021600
slovakia,2016,0.011500
slovakia,2017,0.022400
slovakia,2018,0.016100
slovakia,2019,0.019400
slovakia,2020,0.019600
slovakia,2021,0.020287
slovakia,2022,0.018895
slovenia,1992,0.0037000
slovenia,1993,0.0040667
slovenia,1994,0.0044333
slovenia,1995,0.0048000
slovenia,1996,0.0050571
slovenia,1997,0.0053143
slovenia,1998,0.0055714
slovenia,1999,0.0058286
slovenia,2000,0.0060857
slovenia,2001,0.0063429
slovenia,2002,0.0066000
slovenia,2003,0.0064000
slovenia,2004,0.0046000
slovenia,2005,0.0023000
slovenia,2006,0.0063000
slovenia,2007,0.0046000
slovenia,2008,0.0023000
slovenia,2009,0.0025000
slovenia,2010,0.0016000
slovenia,2011,0.0019500
slovenia,2012,0.0023000
slovenia,2013,0.0036000
slovenia,2014,0.0016000
slovenia,2015,0.0035000
slovenia,2016,0.0033000
slovenia,2017,0.0038980
slovenia,2018,0.0031190
slovenia,2019,0.0030000
slovenia,2020,0.0028410
slovenia,2021,0.0030000
slovenia,2022,0.0034000
small_island_developing_states,2000,4.1999
small_island_developing_states,2001,4.1733
small_island_developing_states,2002,4.1468
small_island_developing_states,2003,4.1203
small_island_developing_states,2004,4.1187
small_island_developing_states,2005,4.2643
small_island_developing_states,2006,4.8527
small_island_developing_states,2007,5.4581
small_island_developing_states,2008,5.5918
small_island_developing_states,2009,6.9344
small_island_developing_states,2010,8.4311
small_island_developing_states,2011,8.7219
small_island_developing_states,2012,9.0127
small_island_developing_states,2013,9.3034
small_island_developing_states,2014,9.5942
small_island_developing_states,2015,9.7597
small_island_developing_states,2016,9.5211
small_island_developing_states,2017,9.2831
small_island_developing_states,2018,9.0450
small_island_developing_states,2019,8.8953
small_island_developing_states,2020,8.6340
small_island_developing_states,2021,8.6301
small_island_developing_states,2022,8.6240
south_africa,2013,9.3000
south_africa,2014,10.275
south_africa,2015,11.250
south_africa,2016,11.240
south_africa,2017,11.290
south_africa,2018,11.380
south_africa,2019,11.400
south_africa,2020,11.890
south_africa,2021,11.922
south_africa,2022,11.727
south_eastern_asia,2000,2.5103
south_eastern_asia,2001,2.5103
south_eastern_asia,2002,2.5103
south_eastern_asia,2003,2.5103
south_eastern_asia,2004,2.5103
south_eastern_asia,2005,5.7033
south_eastern_asia,2006,8.0354
south_eastern_asia,2007,74.730
south_eastern_asia,2008,75.144
south_eastern_asia,2009,75.873
south_eastern_asia,2010,76.602
south_eastern_asia,2011,77.016
south_eastern_asia,2012,77.440
south_eastern_asia,2013,77.844
south_eastern_asia,2014,244.28
south_eastern_asia,2015,250.11
south_eastern_asia,2016,255.47
south_eastern_asia,2017,255.16
south_eastern_asia,2018,255.17
south_eastern_asia,2019,255.20
south_eastern_asia,2020,255.24
south_eastern_asia,2021,255.25
south_eastern_asia,2022,255.34
southern_asia,2000,9.3200
southern_asia,2001,9.3200
southern_asia,2002,9.3200
southern_asia,2003,9.3200
southern_asia,2004,9.3200
southern_asia,2005,9.3200
southern_asia,2006,9.3200
southern_asia,2007,9.3200
southern_asia,2008,9.3200
southern_asia,2009,9.3200
southern_asia,2010,9.3200
southern_asia,2011,9.3200
southern_asia,2012,9.3200
southern_asia,2013,9.3200
southern_asia,2014,9.3200
southern_asia,2015,9.3200
southern_asia,2016,9.3200
southern_asia,2017,9.3200
southern_asia,2018,9.3200
southern_asia,2019,9.3200
southern_asia,2020,9.3200
southern_asia,2021,9.3200
southern_asia,2022,9.3200
spain,1991,23.700
spain,1992,23.598
spain,1993,23.497
spain,1994,23.395
spain,1995,23.293
spain,1996,23.192
spain,1997,23.090
spain,1998,23.250
spain,1999,23.410
spain,2000,23.570
spain,2001,23.230
spain,2002,22.930
spain,2003,23.170
spain,2004,22.650
spain,2005,22.020
spain,2006,20.890
spain,2007,21.200
spain,2008,20.300
spain,2009,20.800
spain,2010,21.300
spain,2011,22.335
spain,2012,23.370
spain,2013,21.690
spain,2014,20.010
spain,2015,18.872
spain,2016,18.645
spain,2017,18.109
spain,2018,17.574
spain,2019,17.467
spain,2020,17.360
spain,2021,17.360
spain,2022,17.360
sub_saharan_africa,2000,15.311
sub_saharan_africa,2001,16.763
sub_saharan_africa,2002,24.268
sub_saharan_africa,2003,24.303
sub_saharan_africa,2004,32.632
sub_saharan_africa,2005,33.653
sub_saharan_africa,2006,38.368
sub_saharan_africa,2007,38.083
sub_saharan_africa,2008,37.797
sub_saharan_africa,2009,37.512
sub_saharan_africa,2010,38.829
sub_saharan_africa,2011,38.770
sub_saharan_africa,2012,38.710
sub_saharan_africa,2013,47.951
sub_saharan_africa,2014,48.866
sub_saharan_africa,2015,52.495
sub_saharan_africa,2016,61.424
sub_saharan_africa,2017,63.727
sub_saharan_africa,2018,64.706
sub_saharan_africa,2019,65.681
sub_saharan_africa,2020,66.924
sub_saharan_africa,2021,67.185
sub_saharan_africa,2022,66.990
suriname,2006,0.43110
suriname,2007,0.43110
suriname,2008,0.43110
suriname,2009,0.43110
suriname,2010,0.43110
suriname,2011,0.43110
suriname,2012,0.43110
suriname,2013,0.43110
suriname,2014,0.43110
suriname,2015,0.43110
suriname,2016,0.43110
suriname,2017,0.43110
suriname,2018,0.43110
suriname,2019,0.43110
suriname,2020,0.43110
suriname,2021,0.43110
suriname,2022,0.43110
sweden,1970,0.064000
sweden,1971,0.064000
sweden,1972,0.064000
sweden,1973,0.064000
sweden,1974,0.064000
sweden,1975,0.064000
sweden,1976,0.064000
sweden,1977,0.064000
sweden,1978,0.064000
sweden,1979,0.064000
sweden,1980,0.064000
sweden,1981,0.067333
sweden,1982,0.070667
sweden,1983,0.074000
sweden,1984,0.077333
sweden,1985,0.080667
sweden,1986,0.084000
sweden,1987,0.087333
sweden,1988,0.090667
sweden,1989,0.094000
sweden,1990,0.094000
sweden,1991,0.10050
sweden,1992,0.10700
sweden,1993,0.10700
sweden,1994,0.10700
sweden,1995,0.10700
sweden,1996,0.10700
sweden,1997,0.10700
sweden,1998,0.10700
sweden,1999,0.10700
sweden,2000,0.10700
sweden,2001,0.094000
sweden,2002,0.094000
sweden,2003,0.094000
sweden,2004,0.094000
sweden,2005,0.069000
sweden,2006,0.069000
sweden,2007,0.069000
sweden,2008,0.066667
sweden,2009,0.064333
sweden,2010,0.062000
sweden,2011,0.059200
sweden,2012,0.056400
sweden,2013,0.053600
sweden,2014,0.050800
sweden,2015,0.048000
sweden,2016,0.053200
sweden,2017,0.058400
sweden,2018,0.063600
sweden,2019,0.068800
sweden,2020,0.074000
sweden,2021,0.074000
sweden,2022,0.074000
switzerland,2012,0.13560
switzerland,2013,0.13560
switzerland,2014,0.13560
switzerland,2015,0.13560
switzerland,2016,0.13560
switzerland,2017,0.13560
switzerland,2018,0.13560
switzerland,2019,0.13560
switzerland,2020,0.13560
switzerland,2021,0.13560
switzerland,2022,0.13560
tajikistan,2018,7.3780
tajikistan,2019,7.3780
tajikistan,2020,7.3780
tajikistan,2021,7.3780
tajikistan,2022,7.3780
togo,2002,0.046000
togo,2003,0.046000
togo,2004,0.046000
togo,2005,0.046000
togo,2006,0.046000
togo,2007,0.046000
togo,2008,0.046000
togo,2009,0.046000
togo,2010,0.046000
togo,2011,0.046000
togo,2012,0.046000
togo,2013,0.046000
togo,2014,0.046000
togo,2015,0.046000
togo,2016,0.046000
togo,2017,0.046000
togo,2018,0.046000
togo,2019,0.046000
togo,2020,0.046000
togo,2021,0.046000
togo,2022,0.046000
tunisia,2016,2.9789
tunisia,2017,2.6910
tunisia,2018,2.9326
tunisia,2019,2.9326
tunisia,2020,2.9326
tunisia,2021,2.9326
tunisia,2022,2.9326
turkiye,2014,35.850
turkiye,2015,40.610
turkiye,2016,43.060
turkiye,2017,42.210
turkiye,2018,43.950
turkiye,2019,46.570
turkiye,2020,46.132
turkiye,2021,45.801
turkiye,2022,46.811
turkmenistan,2004,26.250
turkmenistan,2005,26.250
turkmenistan,2006,26.250
turkmenistan,2007,26.250
turkmenistan,2008,26.250
turkmenistan,2009,26.250
turkmenistan,2010,26.250
turkmenistan,2011,26.250
turkmenistan,2012,26.250
turkmenistan,2013,26.250
turkmenistan,2014,26.250
turkmenistan,2015,26.250
turkmenistan,2016,26.250
turkmenistan,2017,26.250
turkmenistan,2018,26.250
turkmenistan,2019,26.250
turkmenistan,2020,26.250
turkmenistan,2021,26.250
turkmenistan,2022,26.250
ukraine,2014,2.4710
ukraine,2015,2.3170
ukraine,2016,2.5000
ukraine,2017,4.0520
ukraine,2018,4.0520
ukraine,2019,3.7270
ukraine,2020,2.5400
ukraine,2021,2.0330
ukraine,2022,0.72100
united_arab_emirates,2016,2.3857
united_arab_emirates,2017,2.3465
united_arab_emirates,2018,2.4056
united_arab_emirates,2019,2.3546
united_arab_emirates,2020,2.2929
united_arab_emirates,2021,2.2156
united_arab_emirates,2022,2.4431
united_kingdom_of_great_britain_and_northern_ireland,2000,0.10610
united_kingdom_of_great_britain_and_northern_ireland,2001,0.094300
united_kingdom_of_great_britain_and_northern_ireland,2002,0.090600
united_kingdom_of_great_britain_and_northern_ireland,2003,0.11500
united_kingdom_of_great_britain_and_northern_ireland,2004,0.082000
united_kingdom_of_great_britain_and_northern_ireland,2005,0.082300
united_kingdom_of_great_britain_and_northern_ireland,2006,0.10110
united_kingdom_of_great_britain_and_northern_ireland,2007,0.058700
united_kingdom_of_great_britain_and_northern_ireland,2008,0.056900
united_kingdom_of_great_britain_and_northern_ireland,2009,0.077200
united_kingdom_of_great_britain_and_northern_ireland,2010,0.097500
united_kingdom_of_great_britain_and_northern_ireland,2011,0.11780
united_kingdom_of_great_britain_and_northern_ireland,2012,0.049000
united_kingdom_of_great_britain_and_northern_ireland,2013,0.064000
united_kingdom_of_great_britain_and_northern_ireland,2014,0.079000
united_kingdom_of_great_britain_and_northern_ireland,2015,0.094000
united_kingdom_of_great_britain_and_northern_ireland,2016,0.084000
united_kingdom_of_great_britain_and_northern_ireland,2017,0.084000
united_kingdom_of_great_britain_and_northern_ireland,2018,0.084000
united_kingdom_of_great_britain_and_northern_ireland,2019,0.084000
united_kingdom_of_great_britain_and_northern_ireland,2020,0.084000
united_kingdom_of_great_britain_and_northern_ireland,2021,0.084000
united_kingdom_of_great_britain_and_northern_ireland,2022,0.084000
united_republic_of_tanzania,2002,4.4250
united_republic_of_tanzania,2003,4.4250
united_republic_of_tanzania,2004,4.4250
united_republic_of_tanzania,2005,4.4250
united_republic_of_tanzania,2006,4.4250
united_republic_of_tanzania,2007,4.4250
united_republic_of_tanzania,2008,4.4250
united_republic_of_tanzania,2009,4.4250
united_republic_of_tanzania,2010,4.4250
united_republic_of_tanzania,2011,4.4250
united_republic_of_tanzania,2012,4.4250
united_republic_of_tanzania,2013,4.4250
united_republic_of_tanzania,2014,4.4250
united_republic_of_tanzania,2015,4.4250
united_republic_of_tanzania,2016,4.4250
united_republic_of_tanzania,2017,4.4250
united_republic_of_tanzania,2018,4.4250
united_republic_of_tanzania,2019,4.4250
united_republic_of_tanzania,2020,4.4250
united_republic_of_tanzania,2021,4.4250
united_republic_of_tanzania,2022,4.4250
united_states_of_america,1990,188.50
united_states_of_america,1991,188.56
united_states_of_america,1992,188.62
united_states_of_america,1993,188.68
united_states_of_america,1994,188.74
united_states_of_america,1995,188.80
united_states_of_america,1996,188.86
united_states_of_america,1997,188.92
united_states_of_america,1998,188.98
united_states_of_america,1999,189.04
united_states_of_america,2000,189.10
united_states_of_america,2001,186.64
united_states_of_america,2002,184.18
united_states_of_america,2003,181.72
united_states_of_america,2004,179.26
united_states_of_america,2005,176.80
united_states_of_america,2006,173.30
united_states_of_america,2007,169.80
united_states_of_america,2008,166.30
united_states_of_america,2009,162.80
united_states_of_america,2010,159.30
united_states_of_america,2011,160.04
united_states_of_america,2012,160.78
united_states_of_america,2013,161.52
united_states_of_america,2014,162.26
united_states_of_america,2015,163.00
united_states_of_america,2016,150.97
united_states_of_america,2017,138.94
united_states_of_america,2018,126.91
united_states_of_america,2019,114.88
united_states_of_america,2020,102.85
united_states_of_america,2021,102.85
united_states_of_america,2022,102.85
uruguay,2020,3.3182
uruguay,2021,3.3773
uruguay,2022,3.3866
uzbekistan,2014,46.860
uzbekistan,2015,49.970
uzbekistan,2016,49.430
uzbekistan,2017,53.700
uzbekistan,2018,51.132
uzbekistan,2019,48.563
uzbekistan,2020,45.900
uzbekistan,2021,38.500
uzbekistan,2022,39.600
venezuela_bolivarian_republic_of,2008,16.710
venezuela_bolivarian_republic_of,2009,16.710
venezuela_bolivarian_republic_of,2010,16.710
venezuela_bolivarian_republic_of,2011,16.710
venezuela_bolivarian_republic_of,2012,16.710
venezuela_bolivarian_republic_of,2013,16.710
venezuela_bolivarian_republic_of,2014,16.710
venezuela_bolivarian_republic_of,2015,16.710
venezuela_bolivarian_republic_of,2016,16.710
venezuela_bolivarian_republic_of,2017,16.710
venezuela_bolivarian_republic_of,2018,16.710
venezuela_bolivarian_republic_of,2019,16.710
venezuela_bolivarian_republic_of,2020,16.710
venezuela_bolivarian_republic_of,2021,16.710
venezuela_bolivarian_republic_of,2022,16.710
western_asia,2000,0.14420
western_asia,2001,0.13850
western_asia,2002,0.15960
western_asia,2003,0.17970
western_asia,2004,0.20270
western_asia,2005,1.0313
western_asia,2006,0.97987
western_asia,2007,0.93034
western_asia,2008,0.85902
western_asia,2009,0.84969
western_asia,2010,0.82036
western_asia,2011,1.9360
western_asia,2012,2.2577
western_asia,2013,3.8150
western_asia,2014,40.112
western_asia,2015,56.624
western_asia,2016,61.587
western_asia,2017,60.857
western_asia,2018,62.476
western_asia,2019,65.543
western_asia,2020,60.943
western_asia,2021,61.178
western_asia,2022,62.150
world,2000,380.76
world,2001,382.12
world,2002,385.55
world,2003,384.43
world,2004,414.25
world,2005,416.68
world,2006,447.27
world,2007,577.82
world,2008,586.16
world,2009,583.92
world,2010,595.21
world,2011,613.23
world,2012,595.12
world,2013,607.15
world,2014,887.88
world,2015,924.83
world,2016,943.84
world,2017,942.85
world,2018,933.90
world,2019,958.27
world,2020,939.20
world,2021,920.47
world,2022,924.02
zambia,2002,1.1520
zambia,2003,1.1520
zambia,2004,1.1520
zambia,2005,1.1520
zambia,2006,1.1520
zambia,2007,1.1520
zambia,2008,1.1520
zambia,2009,1.1520
zambia,2010,1.1520
zambia,2011,1.1520
zambia,2012,1.1520
zambia,2013,1.1520
zambia,2014,1.1520
zambia,2015,1.1520
zambia,2016,1.1520
zambia,2017,1.1520
zambia,2018,1.1520
zambia,2019,1.1520
zambia,2020,1.1520
zambia,2021,1.1520
zambia,2022,1.1520
zimbabwe,2015,2.5730
zimbabwe,2016,2.6110
zimbabwe,2017,2.6620
zimbabwe,2018,2.9331
zimbabwe,2019,3.4970
zimbabwe,2020,4.1897
zimbabwe,2021,4.1897
zimbabwe,2022,4.1897
