area,year,population_density
afg,1962,14.3238075545
afg,1967,15.9297950556
afg,1972,18.0608629722
afg,1977,20.1747786662
afg,1982,19.7324510615
afg,1987,17.7749195846
afg,1992,22.1878289373
afg,1997,29.6497350121
afg,2002,34.6180957633
afg,2007,41.5104861686
afg,2012,47.73056398
afg,2017,55.5955534111
afg,2018,56.9370477591
alb,1962,60.4412521739
alb,1967,69.5213913043
alb,1972,78.4019478261
alb,1977,87.6064347826
alb,1982,97.0530434783
alb,1987,108.6919652174
alb,1992,112.9003826087
alb,1997,107.8174608696
alb,2002,108.7369391304
alb,2007,105.5303652174
alb,2012,101.3598608696
alb,2017,104.0089794446
alb,2018,103.9574468085
dza,1962,4.8787138814
dza,1967,5.5736671509
dza,1972,6.417992728
dza,1977,7.3823775895
dza,1982,8.5873781353
dza,1987,9.9818972684
dza,1992,11.3481429543
dza,1997,12.487920176
dza,2002,13.3747214222
dza,2007,14.3453827874
dza,2012,15.6960436488
dza,2017,17.377703537
dza,2018,17.7300588099
and,1962,32.7021276596
and,1967,44.1659574468
and,1972,57.2170212766
and,1977,69.7255319149
and,1982,83.2212765957
and,1987,103.0957446809
and,1992,125.2936170213
and,1997,136.8659574468
and,2002,149.0404255319
and,2007,175.9234042553
and,2012,175.3765957447
and,2017,163.8319148936
and,2018,163.8425531915
ago,1962,4.4987077886
ago,1967,4.6316218818
ago,1972,5.012073474
ago,1977,6.0429413652
ago,1982,7.1813186813
ago,1987,8.5740354536
ago,1992,10.1526959172
ago,1997,11.9287478944
ago,2002,14.0526325499
ago,2007,16.7685593968
ago,2012,20.1395131146
ago,2017,23.9165524986
ago,2018,24.7130721104
atg,1962,126.9113636364
atg,1967,139.1840909091
atg,1972,145.7568181818
atg,1977,141.2704545455
atg,1982,140.4068181818
atg,1987,140.2659090909
atg,1992,146.525
atg,1997,162.9636363636
atg,2002,177.9431818182
atg,2007,190.9681818182
atg,2012,205.475
atg,2017,216.8772727273
atg,2018,218.8318181818
arg,1962,7.6079168465
arg,1967,8.210641994
arg,1972,8.8667727665
arg,1977,9.5890512157
arg,1982,10.3562609696
arg,1987,11.2158016832
arg,1992,12.0591735002
arg,1997,12.8245680478
arg,2002,13.5526359517
arg,2007,14.2728726083
arg,2012,15.017693857
arg,2017,15.8024528845
arg,2018,15.9549525248
arm,1992,115.7638533961
arm,1997,105.349327505
arm,2002,102.0167451244
arm,2007,98.6085406859
arm,2012,96.9816408877
arm,2017,99.0178547411
arm,2018,99.2516812374
aus,1962,1.3749017597
aus,1967,1.5371787651
aus,1972,1.7108635331
aus,1977,1.8204556904
aus,1982,1.9349928048
aus,1987,2.0905190655
aus,1992,2.2479884308
aus,1997,2.3752346529
aus,2002,2.5062416518
aus,2007,2.701944138
aus,2012,2.9587000499
aus,2017,3.1758069142
aus,2018,3.2163085405
aut,1962,85.3222818312
aut,1967,88.1875417263
aut,1972,90.3805078684
aut,1977,91.0416785885
aut,1982,90.6316285169
aut,1987,91.0747734859
aut,1992,93.3587625179
aut,1997,95.7662851693
aut,2002,96.9767763472
aut,2007,99.1146518836
aut,2012,101.3617906533
aut,2017,105.1502879147
aut,2018,106.0025512941
aze,1992,86.2809006928
aze,1997,91.5204157044
aze,2002,95.5780715935
aze,2007,100.7418360277
aze,2012,106.9825866051
aze,2017,113.6872979215
aze,2018,114.8907274827
bhs,1962,8.7241354467
bhs,1967,10.9956772334
bhs,1972,12.8145533141
bhs,1977,14.2003602305
bhs,1982,15.8634005764
bhs,1987,17.5267291066
bhs,1992,19.1663544669
bhs,1997,20.7030259366
bhs,2002,22.1657060519
bhs,2007,24.3075648415
bhs,2012,26.1948126801
bhs,2017,27.503962536
bhs,2018,27.7836455331
bhr,1962,250.9333333333
bhr,1967,284.1492753623
bhr,1972,332.1086956522
bhr,1977,439.384057971
bhr,1982,559.347826087
bhr,1987,650.6826086957
bhr,1992,736.7408450704
bhr,1997,837.9309859155
bhr,2002,1035.4169014084
bhr,2007,1381.2253333333
bhr,2012,1688.238961039
bhr,2017,1915.482051282
bhr,2018,2012.1102564103
bgd,1962,341.8574498181
bgd,1967,397.6441398356
bgd,1972,448.7788293143
bgd,1977,494.8375589384
bgd,1982,565.3517917284
bgd,1987,644.4238380709
bgd,1992,727.3589114913
bgd,1997,809.3800619696
bgd,2002,892.3486865149
bgd,2007,960.9347703085
bgd,2012,1017.1476424626
bgd,2017,1079.1232691567
bgd,2018,1093.560398455
brb,1962,541.0069767442
brb,1967,550.3697674419
brb,1972,561.6627906977
brb,1977,578.923255814
brb,1982,590.888372093
brb,1987,600.0441860465
brb,1992,611.3627906977
brb,1997,623.6906976744
brb,2002,635.8720930233
brb,2007,648.1395348837
brb,2012,659.7697674419
brb,2017,665.6558139535
brb,2018,666.6069767442
blr,1992,48.9129768786
blr,1997,48.2148073218
blr,2002,46.9456791908
blr,2007,45.6672206166
blr,2012,45.3614932563
blr,2017,45.5213439306
blr,2018,45.5328371869
bel,2002,339.4983622666
bel,2007,350.3954143465
bel,2012,363.0972158533
bel,2017,374.050049132
bel,2018,376.0949230265
blz,1962,4.2396168916
blz,1967,4.9060513714
blz,1972,5.5354810623
blz,1977,5.963822377
blz,1982,6.5955594253
blz,1987,7.5890291685
blz,1992,8.4599042229
blz,1997,9.6464954288
blz,2002,11.4226382238
blz,2007,13.018067044
blz,2012,14.7148454506
blz,2017,16.3591205921
blz,2018,16.6770134959
ben,1962,21.8098292088
ben,1967,23.8350209132
ben,1972,26.5211484838
ben,1977,29.9184297665
ben,1982,34.2254618334
ben,1987,39.5195451377
ben,1992,46.4604653189
ben,1997,54.7371819449
ben,2002,63.5708783548
ben,2007,73.6736929244
ben,2012,84.7790955037
ben,2017,97.37886023
ben,2018,100.078807947
btn,1962,4.9905106383
btn,1967,5.7435531915
btn,1972,6.7410212766
btn,1977,7.9027234043
btn,1982,9.1262553191
btn,1987,10.5172765957
btn,1992,11.3726808511
btn,1997,13.7651946108
btn,2002,15.3697105788
btn,2007,17.3189893201
btn,2012,18.2750976817
btn,2017,19.4187373027
btn,2018,19.650638187
bol,1962,3.4617324182
bol,1967,3.8310145825
bol,1972,4.2622203208
bol,1977,4.759099929
bol,1982,5.2926004479
bol,1987,5.8646898724
bol,1992,6.5183418595
bol,1997,7.2251979829
bol,2002,7.9582861512
bol,2007,8.7007218409
bol,2012,9.4464454113
bol,2017,10.1884751224
bol,2018,10.3343789255
bih,1992,82.6728373365
bih,1997,72.9558679945
bih,2002,73.4111892209
bih,2007,73.477562976
bih,2012,70.3958601836
bih,2017,65.4466900996
bih,2018,64.9077328647
bwa,1962,0.9003799013
bwa,1967,1.0040603029
bwa,1972,1.1467381775
bwa,1977,1.3761177866
bwa,1982,1.6551922713
bwa,1987,1.9852955839
bwa,1992,2.3439636945
bwa,1997,2.6480068073
bwa,2002,2.9302975607
bwa,2007,3.2239337837
bwa,2012,3.5060182559
bwa,2017,3.7905557561
bwa,2018,3.8747666443
bra,1962,8.9850158001
bra,1967,10.3379746048
bra,1972,11.7264067724
bra,1977,13.2020230701
bra,1982,14.8545949456
bra,1987,16.544787142
bra,1992,18.1145545265
bra,1997,19.6352226516
bra,2002,21.0829461106
bra,2007,22.3268645114
bra,2012,23.4021467231
bra,2017,24.4057581405
bra,2018,24.5978135859
brn,1962,15.5079722704
brn,1967,19.4883882149
brn,1972,24.613864818
brn,1977,30.2797227036
brn,1982,35.7131715771
brn,1987,41.1720970537
brn,1992,47.4682842288
brn,1997,54.0655112652
brn,2002,60.1008665511
brn,2007,64.9852686308
brn,2012,69.1488734835
brn,2017,73.5655112652
brn,2018,74.3436741768
bgr,1962,72.2782052437
bgr,1967,75.1733309307
bgr,1972,77.5625191459
bgr,1977,79.3035768988
bgr,1982,80.464068835
bgr,1987,80.7330029732
bgr,1992,78.1726011352
bgr,1997,73.9869717993
bgr,2002,70.8734030093
bgr,2007,68.2583063063
bgr,2012,66.0720990991
bgr,2017,64.0148174854
bgr,2018,63.5566291122
bfa,1962,18.0888556633
bfa,1967,19.4844249143
bfa,1972,21.2426992925
bfa,1977,23.3350412078
bfa,1982,26.1040587849
bfa,1987,29.6844613814
bfa,1992,33.9038472759
bfa,1997,38.8941215083
bfa,2002,44.8293341113
bfa,2007,51.9729450806
bfa,2012,60.4305047043
bfa,2017,69.9921012326
bfa,2018,72.0278097878
bdi,1962,104.4671577434
bdi,1967,116.8960833633
bdi,1972,128.2668343514
bdi,1977,138.4996406755
bdi,1982,157.3742005031
bdi,1987,180.6373697449
bdi,1992,204.2962630255
bdi,1997,219.9831117499
bdi,2002,240.8951850521
bdi,2007,282.5085878548
bdi,2012,332.2309737693
bdi,2017,389.0412863816
bdi,2018,401.5585339562
cpv,1962,52.1444168734
cpv,1967,61.4210918114
cpv,1972,67.4548387097
cpv,1977,67.8250620347
cpv,1982,73.0158808933
cpv,1987,79.6861042184
cpv,1992,88.2771712159
cpv,1997,100.3124069479
cpv,2002,109.9133995037
cpv,2007,117.8808933002
cpv,2012,125.3684863524
cpv,2017,133.3741935484
cpv,2018,134.9297766749
khm,1962,33.2988897481
khm,1967,36.9308440124
khm,1972,40.3342410517
khm,1977,39.7483539549
khm,1982,38.2224977905
khm,1987,45.2832633672
khm,1992,53.1589096332
khm,1997,62.4094122846
khm,2002,69.8062693327
khm,2007,75.5632015024
khm,2012,81.6419244366
khm,2017,88.4302308882
khm,2018,89.758020327
cmr,1962,11.3552267373
cmr,1967,12.7301447081
cmr,1972,14.4438372876
cmr,1977,16.5900218745
cmr,1982,19.2806999832
cmr,1987,22.5708059902
cmr,1992,26.2903815413
cmr,1997,30.1708922261
cmr,2002,34.4051867744
cmr,2007,39.3956797914
cmr,2012,45.1902763756
cmr,2017,51.6701855124
cmr,2018,53.0377481911
can,1962,1.8625398736
can,1967,2.0355984725
can,1972,2.2106082625
can,1977,2.3670674143
can,1982,2.4954797705
can,1987,2.647347684
can,1992,2.8267743451
can,1997,2.9788047076
can,2002,3.1226132661
can,2007,3.2981354416
can,2012,3.4975647668
can,2017,3.7179174574
can,2018,3.7525809864
caf,1962,2.4911072587
caf,1967,2.7421458153
caf,1972,2.9981411923
caf,1977,3.2744534335
caf,1982,3.7486484317
caf,1987,4.2486757199
caf,1992,4.7501300202
caf,1997,5.4454974478
caf,2002,6.1031301165
caf,2007,6.7385951395
caf,2012,7.1212815821
caf,2017,7.377480818
caf,2018,7.4903977656
tcd,1962,2.4308691589
tcd,1967,2.675097352
tcd,1972,2.9713862928
tcd,1977,3.3140560748
tcd,1982,3.6745809969
tcd,1987,4.2156129283
tcd,1992,4.9507383178
tcd,1997,5.8438419003
tcd,2002,7.0243247664
tcd,2007,8.4252523364
tcd,2012,9.956970405
tcd,2017,11.6952904984
tcd,2018,12.0543060748
chl,1962,11.2113437376
chl,1967,12.315956884
chl,1972,13.3628805714
chl,1977,14.4462094961
chl,1982,15.5322192832
chl,1987,16.7212326412
chl,1992,18.1455085306
chl,1997,19.5559053035
chl,2002,20.7438288586
chl,2007,21.8624454437
chl,2012,23.0132879249
chl,2017,24.4286955625
chl,2018,24.770875656
chn,1962,72.6213039583
chn,1967,81.2679985417
chn,1972,92.6349034375
chn,1977,102.04518125
chn,1982,109.5558
chn,1987,118.9244889583
chn,1992,128.521504375
chn,1997,134.4068323958
chn,2002,139.24637
chn,2007,143.3610030208
chn,2012,147.4129358333
chn,2017,151.314959354
chn,2018,152.0182969754
col,1962,14.9708062185
col,1967,17.374652945
col,1972,19.7209765711
col,1977,22.0403284432
col,1982,24.6129354062
col,1987,27.3224550033
col,1992,30.1489546748
col,1997,33.0403328224
col,2002,35.8006218524
col,2007,38.3074368294
col,2012,40.3553474929
col,2017,42.8376455771
col,2018,43.4955533173
com,1962,105.9634605051
com,1967,116.0112842558
com,1972,128.551853842
com,1977,148.2536270822
com,1982,175.6829661472
com,1987,202.3933369156
com,1992,234.5233745298
com,1997,269.7221923697
com,2002,306.0069854917
com,2007,344.7716281569
com,2012,388.9688339602
com,2017,437.3412144009
com,2018,447.2444922085
cog,1962,3.1264269006
cog,1967,3.5659093567
cog,1972,4.1126374269
cog,1977,4.7637690058
cog,1982,5.5113304094
cog,1987,6.3488918129
cog,1992,7.2805614035
cog,1997,8.3838596491
cog,2002,9.679494152
cog,2007,11.3336812865
cog,2012,13.1877163743
cog,2017,14.9435526316
cog,2018,15.3343830409
cok,1962,76.8958333333
cok,1967,82.8875
cok,1972,88.775
cok,1977,79.4583333333
cok,1982,71.9291666667
cok,1987,74.1708333333
cok,1992,77.8416666667
cok,1997,77.7416666667
cok,2002,76.1583333333
cok,2007,79.1708333333
cok,2012,75.0458333333
cok,2017,72.9458333333
cok,2018,72.9916666667
cri,1962,28.0496086106
cri,1967,33.204148728
cri,1972,38.0463600783
cri,1977,43.1627201566
cri,1982,49.380704501
cri,1987,56.4550097847
cri,1992,64.3154598826
cri,1997,72.7778669276
cri,2002,80.2529354207
cri,2007,86.1962426614
cri,2012,91.7416829746
cri,2017,96.8679843444
cri,2018,97.8364187867
civ,1962,11.6937480618
civ,1967,14.0921788749
civ,1972,17.2921850772
civ,1977,21.7902871674
civ,1982,27.1816318303
civ,1987,33.1768095268
civ,1992,39.7333653787
civ,1997,46.922604354
civ,2002,53.437756621
civ,2007,59.4530701482
civ,2012,66.8212739565
civ,2017,75.7845004032
civ,2018,77.7436891397
hrv,1992,83.7082065794
hrv,1997,80.0636106695
hrv,2002,77.7467102936
hrv,2007,77.0882841491
hrv,2012,75.9123166637
hrv,2017,73.9099021098
hrv,2018,73.4425027388
cub,1962,67.8272818273
cub,1967,75.2241332241
cub,1972,82.1307216307
cub,1977,87.77997998
cub,1982,90.456975157
cub,1987,93.6085449085
cub,1992,97.7012194012
cub,1997,100.0066612067
cub,2002,101.9169260169
cub,2007,102.3853125853
cub,2012,102.4490717146
cub,2017,103.1967054969
cub,2018,103.1865125592
cyp,1962,62.4530810811
cyp,1967,63.9251891892
cyp,1972,67.8916756757
cyp,1977,71.9486486486
cyp,1982,74.7785945946
cyp,1987,78.2028108108
cyp,1992,86.5525405405
cyp,1997,96.3448648649
cyp,2002,105.6177297297
cyp,2007,114.996
cyp,2012,122.7076756757
cyp,2017,127.5327567568
cyp,2018,128.5691891892
cze,1997,131.0807531381
cze,2002,129.9893622417
cze,2007,131.3241790288
cze,2012,134.1611892988
cze,2017,134.9186509446
cze,2018,135.2139579108
prk,1962,98.48773851
prk,1967,109.6954869753
prk,1972,126.1636884022
prk,1977,139.3444333831
prk,1982,149.3990708479
prk,1987,161.2077816492
prk,1992,173.6967313755
prk,1997,185.2934046789
prk,2002,193.6241330679
prk,2007,200.6664260826
prk,2012,205.7461838394
prk,2017,210.9658619545
prk,2018,211.9595486975
cod,1962,6.8410011685
cod,1967,7.8378346682
cod,1972,9.0075155873
cod,1977,10.3413977807
cod,1982,11.8204459968
cod,1987,13.4458807775
cod,1992,15.9215961721
cod,1997,18.6907448632
cod,2002,21.2685047295
cod,2007,24.9284319746
cod,2012,29.4349116792
cod,2017,34.7136988989
cod,2018,35.8520726184
dnk,1962,107.8984915294
dnk,1967,112.131631469
dnk,1972,115.8168020422
dnk,1977,118.2883499652
dnk,1982,118.8987932235
dnk,1987,118.7578788582
dnk,1992,120.0197261546
dnk,1997,122.4811093061
dnk,2002,124.6878858204
dnk,2007,126.9417730332
dnk,2012,130.7315936626
dnk,2017,133.5571761417
dnk,2018,134.0197110904
dji,1962,4.0605172414
dji,1967,5.6636637931
dji,1972,7.7251724138
dji,1977,11.9603017241
dji,1982,16.6065086207
dji,1987,21.1349137931
dji,1992,26.5109482759
dji,1997,28.4854741379
dji,2002,32.1957758621
dji,2007,34.7177155172
dji,2012,37.4196982759
dji,2017,40.6939224138
dji,2018,41.332887931
dma,1962,82.6426666667
dma,1967,90.248
dma,1972,95.6413333333
dma,1977,97.92
dma,1982,100.004
dma,1987,95.7893333333
dma,1992,94.0586666667
dma,1997,94.132
dma,2002,93.116
dma,2007,94.3933333333
dma,2012,94.62
dma,2017,95.2773333333
dma,2018,95.5
dom,1962,72.344729813
dom,1967,84.7152660777
dom,1972,97.7082186152
dom,1977,111.1054037395
dom,1982,124.6716663242
dom,1987,138.2768235052
dom,1992,152.2157797411
dom,1997,166.1065748921
dom,2002,179.268029587
dom,2007,191.8812615574
dom,2012,204.0459420588
dom,2017,216.0078898706
dom,2018,218.350955414
ecu,1962,16.9600825222
ecu,1967,19.6078854563
ecu,1972,22.6737868529
ecu,1977,26.0393708563
ecu,1982,29.6564995063
ecu,1987,33.5814642404
ecu,1992,37.7913986458
ecu,1997,42.1478769925
ecu,2002,51.2675625073
ecu,2007,55.7653274564
ecu,2012,60.3584701798
ecu,2017,65.4731871904
ecu,2018,66.639458595
egy,1962,28.0715522492
egy,1967,32.0100953617
egy,1972,36.0503859404
egy,1977,40.2711957661
egy,1982,45.4733596285
egy,1987,51.9164211893
egy,1992,58.5818702881
egy,1997,64.798312447
egy,2002,71.3815397673
egy,2007,78.1188536622
egy,2012,86.2971121873
egy,2017,96.30295172
egy,2018,98.2810904189
slv,1962,139.3152091255
slv,1967,160.9972908745
slv,1972,183.8074619772
slv,1977,206.2004752852
slv,1982,225.1548003802
slv,1987,240.8525190114
slv,1992,257.4298003802
slv,1997,273.1123574144
slv,2002,283.3714828897
slv,2007,290.200095057
slv,2012,296.479230038
slv,2017,303.6181558935
slv,2018,305.1685361217
gnq,1962,9.3482709447
gnq,1967,10.4024955437
gnq,1972,10.3208912656
gnq,1977,8.6330124777
gnq,1982,10.1472370766
gnq,1987,13.6535115865
gnq,1992,15.945311943
gnq,1997,19.1251336898
gnq,2002,23.4718003565
gnq,2007,29.2936541889
gnq,2012,36.7626024955
gnq,2017,44.9911586453
gnq,2018,46.6657754011
eri,1997,18.6664880952
eri,2002,21.0974319728
eri,2007,25.4807482993
eri,2012,27.6369047619
eri,2017,28.0283340931
eri,2018,28.3559547751
est,1992,33.6239885032
est,1997,31.166769843
est,2002,30.5711253593
est,2007,29.7213353969
est,2012,29.2540128233
est,2017,29.0999117777
est,2018,29.1777679753
swz,1962,20.1702764977
swz,1967,22.7394585253
swz,1972,26.3271313364
swz,1977,30.6601382488
swz,1982,36.2794354839
swz,1987,43.1239631336
swz,1992,49.9419930876
swz,1997,55.4968894009
swz,2002,58.7015552995
swz,2007,60.0605990783
swz,2012,62.1709677419
swz,2017,64.7929147465
swz,2018,65.4539746544
eth,1997,54.9646318935
eth,2002,63.5172425971
eth,2007,73.0547387485
eth,2012,83.9690165716
eth,2017,93.6418521369
eth,2018,96.12773179
fro,1962,25.446991404
fro,1967,27.0093123209
fro,1972,28.5995702006
fro,1977,30.1819484241
fro,1982,31.5959885387
fro,1987,33.2012893983
fro,1992,33.4806590258
fro,1997,32.8051575931
fro,2002,33.8345272206
fro,2007,34.2585959885
fro,2012,34.2714899713
fro,2017,34.6210601719
fro,2018,34.7399713467
fji,1962,23.0796387521
fji,1967,26.7094143404
fji,1972,29.7123152709
fji,1977,32.747454844
fji,1982,36.5779967159
fji,1987,39.5064586754
fji,1992,40.748166393
fji,1997,43.3900383142
fji,2002,44.6227148331
fji,2007,45.7684729064
fji,2012,47.3491516147
fji,2017,48.0273125342
fji,2018,48.3570333881
fin,1962,13.3042052344
fin,1967,13.5698831879
fin,1972,13.754759722
fin,1977,14.0379476564
fin,1982,14.298684016
fin,1987,14.6277480408
fin,1992,14.919192666
fin,1997,15.235090936
fin,2002,15.4173177584
fin,2007,15.6543318953
fin,2012,16.0001477454
fin,2017,16.2841512779
fin,2018,16.3172580883
fra,1962,85.4268735544
fra,1967,90.4243074906
fra,1972,93.9249758692
fra,1977,96.9031561311
fra,1982,99.0574787375
fra,1987,101.6912109126
fra,1992,104.0762224772
fra,1997,106.0311770384
fra,2002,108.9137318108
fra,2007,112.675931086
fra,2012,115.7628457994
fra,2017,118.0915028037
fra,2018,118.3610447889
gab,1962,1.9101393507
gab,1967,2.0699331266
gab,1972,2.2852915904
gab,1977,2.5264504801
gab,1982,2.8539993275
gab,1987,3.2647177495
gab,1992,3.7455785109
gab,1997,4.2639742967
gab,2002,4.8130720664
gab,2007,5.501457018
gab,2012,6.5367131169
gab,2017,7.7140620914
gab,2018,7.9174916875
gmb,1962,33.6189380531
gmb,1967,37.7547787611
gmb,1972,43.5775221239
gmb,1977,51.0404424779
gmb,1982,60.01
gmb,1987,73.5418584071
gmb,1992,90.9269911504
gmb,1997,106.2412389381
gmb,2002,124.2708849558
gmb,2007,145.1192920354
gmb,2012,168.5852212389
gmb,2017,195.919380531
gmb,2018,201.7782300885
geo,1992,76.0965423242
geo,1997,67.5696843615
geo,2002,61.098579627
geo,2007,59.7828837877
geo,2012,58.3085509326
geo,2017,57.5138593974
geo,2018,57.4310186514
deu,1962,208.6714681906
deu,1967,216.7051993165
deu,1972,221.0320699218
deu,1977,220.4311930975
deu,1982,218.2984872678
deu,1987,218.5498249153
deu,1992,224.0052637477
deu,1997,227.9899476234
deu,2002,228.3641104638
deu,2007,227.6052366284
deu,2012,226.7061287342
deu,2017,231.3741329601
deu,2018,232.67856683
gha,1962,29.6468977949
gha,1967,34.0940848495
gha,1972,38.6921732204
gha,1977,43.5794919091
gha,1982,48.951215729
gha,1987,56.8123627065
gha,1992,65.6214303681
gha,1997,75.0774922445
gha,2002,84.8762513625
gha,2007,96.2687431877
gha,2012,108.9815125346
gha,2017,122.0821036304
gha,2018,124.7887230653
grc,1962,63.2834571082
grc,1967,64.6258714762
grc,1972,66.4937405274
grc,1977,70.1347226432
grc,1982,74.2408987572
grc,1987,76.2147393149
grc,1992,78.9651106396
grc,1997,82.6482040012
grc,2002,84.7401106396
grc,2007,84.2706729312
grc,2012,81.6999469536
grc,2017,80.0958623825
grc,2018,79.7381479236
grd,1962,272.0117647059
grd,1967,279.4705882353
grd,1972,276.4205882353
grd,1977,265.3735294118
grd,1982,273.8882352941
grd,1987,292.4588235294
grd,1992,285.7794117647
grd,1997,298.7264705882
grd,2002,304.8058823529
grd,2007,309.3823529412
grd,2012,316.0176470588
grd,2017,326.1
grd,2018,327.8058823529
gtm,1962,40.9977867573
gtm,1967,47.3928643585
gtm,1972,54.5648544403
gtm,1977,62.1316557994
gtm,1982,70.2986408302
gtm,1987,79.337937368
gtm,1992,89.1591881715
gtm,1997,99.98745523
gtm,2002,112.1209293783
gtm,2007,125.8180457342
gtm,2012,140.2403434659
gtm,2017,155.3399761227
gtm,2018,158.3969969694
gin,1962,14.6889652648
gin,1967,16.029663223
gin,1972,17.4511266574
gin,1977,18.8272878874
gin,1982,20.6502969169
gin,1987,23.5960546653
gin,1992,27.3165134629
gin,1997,31.1643821687
gin,2002,34.9226144961
gin,2007,38.7137476613
gin,2012,43.3255958676
gin,2017,49.0828886358
gin,2018,50.4933417392
gnb,1962,17.4061168004
gnb,1967,18.5230279546
gnb,1972,20.2746471077
gnb,1977,21.3600055356
gnb,1982,22.4302518683
gnb,1987,25.2630500969
gnb,1992,28.2410738998
gnb,1997,31.3454193191
gnb,2002,34.7205369499
gnb,2007,39.0684472737
gnb,2012,44.4223360089
gnb,2017,50.5990866316
gnb,2018,51.8766399114
guy,1962,2.8203237661
guy,1967,3.1440247476
guy,1972,3.3583662837
guy,1977,3.5466530214
guy,1982,3.6342094246
guy,1987,3.5235056054
guy,1992,3.4823556775
guy,1997,3.5259338512
guy,2002,3.4646183188
guy,2007,3.4724566219
guy,2012,3.5139740429
guy,2017,3.6061869098
guy,2018,3.623789366
hti,1962,144.8350630631
hti,1967,159.4703783784
hti,1972,174.3182702703
hti,1977,190.7970810811
hti,1982,212.9811531532
hti,1987,238.5132972973
hti,1992,263.7655135135
hti,1997,289.3955315315
hti,2002,315.4648648649
hti,2007,342.173981982
hti,2012,369.4028828829
hti,2017,395.7609369369
hti,2018,400.8352432432
vat,1962,2040.9090909091
vat,1967,1740.9090909091
vat,1972,1493.1818181818
vat,1977,1675.0
vat,1982,1656.8181818182
vat,1987,1725.0
vat,1992,1770.4545454546
vat,1997,1777.2727272727
vat,2002,1800.0
vat,2007,1809.0909090909
vat,2012,1827.2727272727
vat,2017,1802.2727272727
vat,2018,1820.4545454546
hnd,1962,19.1630100453
hnd,1967,22.1034314161
hnd,1972,25.6210596497
hnd,1977,29.8055382701
hnd,1982,34.7643346075
hnd,1987,40.3788247844
hnd,1992,46.6235043115
hnd,1997,53.7443239399
hnd,2002,61.5989421282
hnd,2007,69.4152191306
hnd,2012,76.8129700418
hnd,2017,83.8208996355
hnd,2018,85.2299937772
hun,1962,108.1640868537
hun,1967,110.1655809954
hun,1972,112.0722992583
hun,1977,114.3347522305
hun,1982,115.1870041922
hun,1987,112.593227991
hun,1992,111.3470815866
hun,1997,110.8081264108
hun,2002,109.2903686983
hun,2007,107.7517897452
hun,2012,106.0341610233
hun,2017,104.5880146189
hun,2018,104.3480490164
isl,1962,1.7738932039
isl,1967,1.9165145631
isl,1972,2.0381456311
isl,1977,2.1579223301
isl,1982,2.2647475728
isl,1987,2.3986019417
isl,1992,2.5257378641
isl,1997,2.6476601942
isl,2002,2.770184466
isl,2007,2.9629417476
isl,2012,3.1616699029
isl,2017,3.2465339806
isl,2018,3.2690582524
ind,1962,142.6954941197
ind,1967,158.3083102645
ind,1972,176.7694846164
ind,1977,198.4658274673
ind,1982,222.7507115348
ind,1987,249.3511623662
ind,1992,276.6154840201
ind,1997,304.4785109787
ind,2002,332.5922467344
ind,2007,359.9379032994
ind,2012,385.0563225909
ind,2017,407.2317933477
ind,2018,411.4801628104
idn,1962,48.4153668633
idn,1967,55.400025642
idn,1972,63.3290146683
idn,1977,71.8383499134
idn,1982,80.8340593324
idn,1987,89.8529841491
idn,1992,98.2452449854
idn,1997,106.140175726
idn,2002,113.7445081714
idn,2007,121.602698686
idn,2012,130.0161293192
idn,2017,138.0677178869
idn,2018,139.6399506443
irn,1962,13.2202475432
irn,1967,15.0805277483
irn,1972,17.2336458184
irn,1977,19.9427241211
irn,1982,23.9917691889
irn,1987,29.3348892645
irn,1992,33.6821304759
irn,1997,36.1781577515
irn,2002,38.5553081397
irn,2007,40.8769876515
irn,2012,43.2856075409
irn,2017,46.2274778672
irn,2018,46.8728693809
irq,1962,17.5082588064
irq,1967,20.4129494433
irq,1972,24.1824876802
irq,1977,28.4314427815
irq,1982,32.9267840847
irq,1987,37.0895008213
irq,1992,41.9847006753
irq,1997,48.9130635152
irq,2002,56.880632871
irq,2007,63.6777879175
irq,2012,73.2699453175
irq,2017,86.3179137207
irq,2018,88.3425429604
irl,1962,39.7321286283
irl,1967,40.5000996016
irl,1972,42.4952475811
irl,1977,46.1406943654
irl,1982,49.1432270916
irl,1987,50.0260102447
irl,1992,50.225569152
irl,1997,51.95071144
irl,2002,55.6061183836
irl,2007,61.5344479226
irl,2012,65.569123506
irl,2017,67.6334519067
irl,2018,68.5641718839
isr,1962,101.2323969189
isr,1967,118.6726325328
isr,1972,135.7717263253
isr,1977,157.3229723607
isr,1982,173.9063434527
isr,1987,188.814091527
isr,1992,215.3522428636
isr,1997,252.2226098777
isr,2002,279.5338921613
isr,2007,310.2465337562
isr,2012,345.0363389216
isr,2017,373.5318531944
isr,2018,379.769642048
ita,1962,167.3934393044
ita,1967,174.00109179
ita,1972,180.0582099954
ita,1977,185.0994889494
ita,1982,187.9765812703
ita,1987,189.1807957789
ita,1992,189.6373066968
ita,1997,188.8353355014
ita,2002,189.7607984337
ita,2007,194.9554025353
ita,2012,198.7106623747
ita,2017,200.8604027557
ita,2018,200.7067623622
jam,1962,152.5478616924
jam,1967,164.0872611465
jam,1972,176.0782529572
jam,1977,189.3385805278
jam,1982,203.2808917197
jam,1987,216.1413102821
jam,1992,223.9353048226
jam,1997,235.1151956324
jam,2002,245.0268425842
jam,2007,251.8859872611
jam,2012,258.6107370337
jam,2017,265.7732484076
jam,2018,267.0470427662
jpn,1962,252.6694653256
jpn,1967,266.8668369508
jpn,1972,285.8020831128
jpn,1977,303.9381471678
jpn,1982,316.5835097935
jpn,1987,325.7615404976
jpn,1992,331.7398014823
jpn,1997,335.8727845421
jpn,2002,338.4399640107
jpn,2007,339.9943296378
jpn,2012,339.7808524712
jpn,2017,337.398055041
jpn,2018,336.6027838052
jor,1962,11.3838477134
jor,1967,15.532755125
jor,1972,21.2202635729
jor,1977,24.5479049335
jor,1982,28.8751295337
jor,1987,35.2759179995
jor,1992,44.8036945258
jor,1997,54.6129871593
jor,2002,59.89531426
jor,2007,70.4582113089
jor,2012,90.5727944469
jor,2017,109.5593708016
jor,2018,111.5687192118
kaz,1992,5.9829006569
kaz,1997,5.653786561
kaz,2002,5.4960504973
kaz,2007,5.7624514661
kaz,2012,6.1475742229
kaz,2017,6.6351079782
kaz,2018,6.723037379
ken,1962,14.8991350345
ken,1967,17.5534193704
ken,1972,20.928145838
ken,1977,25.2233747437
ken,1982,30.5603770009
ken,1987,36.8422075572
ken,1992,43.6378138084
ken,1997,50.6843203474
ken,2002,58.1555542154
ken,2007,66.691820735
ken,2012,76.405512001
ken,2017,86.5329737926
ken,2018,88.5513810156
kir,1962,53.4333333333
kir,1967,59.7740740741
kir,1972,65.1604938272
kir,1977,70.0790123457
kir,1982,75.1691358025
kir,1987,83.0222222222
kir,1992,92.3037037037
kir,1997,98.9962962963
kir,2002,107.7839506173
kir,2007,119.1691358025
kir,2012,131.3209876543
kir,2017,140.9358024691
kir,2018,143.0209876543
kwt,1962,18.9308641975
kwt,1967,32.3885521886
kwt,1972,47.8067340067
kwt,1977,64.7352974186
kwt,1982,84.6040965208
kwt,1987,108.8052188552
kwt,1992,107.3194725028
kwt,1997,95.9739618406
kwt,2002,119.9212682379
kwt,2007,140.5173400673
kwt,2012,187.9266554433
kwt,2017,227.614983165
kwt,2018,232.1723905724
kgz,1992,22.2765341335
kgz,1997,23.5341085271
kgz,2002,24.963655914
kgz,2007,25.9284421105
kgz,2012,28.1149087272
kgz,2017,30.9565589225
kgz,2018,31.5281896884
lao,1962,9.3797508446
lao,1967,10.5444256757
lao,1972,11.9967947635
lao,1977,13.2425760135
lao,1982,14.3631376689
lao,1987,16.4929476351
lao,1992,19.0048606419
lao,1997,21.32734375
lao,2002,23.1978293919
lao,2007,25.1053547297
lao,2012,27.2150760135
lao,2017,29.3624788851
lao,2018,29.8205532095
lva,1992,40.58633829
lva,1997,38.0004182156
lva,2002,36.1296468401
lva,2007,34.0472273854
lva,2012,32.0877171216
lva,2017,30.2055454067
lva,2018,29.8550794191
lbn,1962,184.2389473684
lbn,1967,208.1088995215
lbn,1972,231.3718660287
lbn,1977,248.9703349282
lbn,1982,249.391291866
lbn,1987,255.3071770335
lbn,1992,294.3666985646
lbn,1997,350.0884210526
lbn,2002,400.2110047847
lbn,2007,456.2051674641
lbn,2012,529.9150239234
lbn,2017,652.5715789474
lbn,2018,656.4026794258
lso,1962,28.6276679842
lso,1967,31.6954216074
lso,1972,35.4774374177
lso,1977,40.4656126482
lso,1982,46.6194664032
lso,1987,52.5821475626
lso,1992,58.7050395257
lso,1997,64.8235836627
lso,2002,66.8586627141
lso,2007,65.4453886693
lso,2012,66.3700263505
lso,2017,68.8911067194
lso,2018,69.4442687747
lbr,1962,10.4754242615
lbr,1967,11.7000538745
lbr,1972,13.24025321
lbr,1977,15.1938583101
lbr,1982,17.8637245219
lbr,1987,19.3347939301
lbr,1992,17.9727395169
lbr,1997,20.8871509383
lbr,2002,27.1592798779
lbr,2007,31.0847714824
lbr,2012,37.1344078298
lbr,2017,42.2216575379
lbr,2018,43.2699380444
lby,1962,0.8813741091
lby,1967,1.0678228401
lby,1972,1.3227832274
lby,1977,1.6286285052
lby,1982,1.9780476716
lby,1987,2.3356814849
lby,1992,2.643239142
lby,1997,2.908718756
lby,2002,3.1434857974
lby,2007,3.3956528411
lby,2012,3.5723814179
lby,2017,3.7400252339
lby,2018,3.7956278345
lie,1962,108.05625
lie,1967,123.06875
lie,1972,138.44375
lie,1977,152.8
lie,1982,165.85
lie,1987,173.98125
lie,1992,184.70625
lie,1997,198.9375
lie,2002,211.74375
lie,2007,220.10625
lie,2012,228.84375
lie,2017,236.25
lie,2018,236.9375
ltu,1992,56.4794180704
ltu,1997,54.8225114855
ltu,2002,52.7528790199
ltu,2007,49.9078101072
ltu,2012,46.639525268
ltu,2017,43.583831143
ltu,2018,42.9049471588
lux,2002,171.3227799228
lux,2007,183.3648648649
lux,2012,204.9640926641
lux,2017,228.5366795367
lux,2018,233.2992277992
mdg,1962,9.1177824339
mdg,1967,10.3460173072
mdg,1972,11.8332992641
mdg,1977,13.6245639139
mdg,1982,15.7299826247
mdg,1987,18.1380382938
mdg,1992,20.9548514582
mdg,1997,24.4410159444
mdg,2002,28.5587302398
mdg,2007,33.1042688744
mdg,2012,38.0497956751
mdg,2017,43.53946824
mdg,2018,44.7174128845
mwi,1962,32.4024561107
mwi,1967,36.7188723835
mwi,1972,41.8513588791
mwi,1977,48.2609132343
mwi,1982,55.4185094531
mwi,1987,68.7132511816
mwi,1992,81.7519665766
mwi,1997,86.6383018231
mwi,2002,98.8661715057
mwi,2007,112.6080857529
mwi,2012,129.9461090479
mwi,2017,149.1407494936
mwi,2018,153.1331617151
mys,1962,26.2767291415
mys,1967,30.3697853688
mys,1972,34.2330018138
mys,1977,38.6647883918
mys,1982,43.7461033857
mys,1987,49.9455864571
mys,1992,57.4445465538
mys,1997,65.1837756953
mys,2002,73.1813512696
mys,2007,80.775
mys,2012,87.8723972189
mys,2017,94.0285550181
mys,2018,95.3084431681
mdv,1962,316.35
mdv,1967,358.26
mdv,1972,411.18
mdv,1977,482.1033333333
mdv,1982,566.17
mdv,1987,676.76
mdv,1992,787.55
mdv,1997,879.4733333333
mdv,2002,980.62
mdv,2007,1117.23
mdv,2012,1324.1233333333
mdv,2017,1654.6733333333
mdv,2018,1718.9866666667
mli,1962,4.3391480338
mli,1967,4.6010683847
mli,1972,4.9568678993
mli,1977,5.412289246
mli,1982,5.9576903539
mli,1987,6.5007934268
mli,1992,7.1362726679
mli,1997,8.139372193
mli,2002,9.3670219886
mli,2007,11.0075585193
mli,2012,12.8847160516
mli,2017,14.9270918166
mli,2018,15.3829243906
mlt,1962,989.13125
mlt,1967,1007.68125
mlt,1972,1001.3625
mlt,1977,1016.021875
mlt,1982,1053.015625
mlt,1987,1101.946875
mlt,1992,1149.659375
mlt,1997,1199.25
mlt,2002,1245.99375
mlt,2007,1274.5375
mlt,2012,1318.153125
mlt,2017,1368.540625
mlt,2018,1372.65
mhl,1962,107.1666666667
mhl,1967,123.7777777778
mhl,1972,140.3333333333
mhl,1977,153.1111111111
mhl,1982,185.0
mhl,1987,232.2222222222
mhl,1992,273.5833333333
mhl,1997,280.2777777778
mhl,2002,290.9444444444
mhl,2007,311.3944444444
mhl,2012,315.0944444444
mhl,2017,322.5444444444
mhl,2018,324.5166666667
mrt,1962,0.8748287572
mrt,1967,1.0161482488
mrt,1972,1.1811836616
mrt,1977,1.369108373
mrt,1982,1.5849927234
mrt,1987,1.8237731639
mrt,1992,2.0788250703
mrt,1997,2.3610779082
mrt,2002,2.6953517027
mrt,2007,3.1071281653
mrt,2012,3.5961530998
mrt,2017,4.1550111575
mrt,2018,4.2721577569
mus,1962,342.3053921569
mus,1967,384.6960784314
mus,1972,417.8431372549
mus,1977,452.1176470588
mus,1982,484.7509803922
mus,1987,504.9892156863
mus,1992,530.8607843137
mus,1997,565.7549019608
mus,2002,589.1235294118
mus,2007,604.8475490196
mus,2012,614.4549019608
mus,2017,619.8524509804
mus,2018,621.1691176471
mex,1962,20.4620893106
mex,1967,23.9038312343
mex,1972,27.8408164408
mex,1977,32.0049598347
mex,1982,36.1735784319
mex,1987,40.3181059673
mex,1992,44.327033466
mex,1997,48.1632891803
mex,2002,51.7643012045
mex,2007,55.5750425071
mex,2012,59.7003405655
mex,2017,63.5199523514
mex,2018,64.2394994858
fsm,1962,56.8428571429
fsm,1967,65.6428571429
fsm,1972,74.4428571429
fsm,1977,81.2
fsm,1982,98.1142857143
fsm,1987,123.1571428571
fsm,1992,144.8414285714
fsm,1997,154.9714285714
fsm,2002,152.9
fsm,2007,149.2057142857
fsm,2012,149.2942857143
fsm,2017,159.2271428571
fsm,2018,160.9142857143
mco,1962,11366.0582141095
mco,1967,11490.8732116428
mco,1972,11865.3182042427
mco,1977,12732.6097681302
mco,1982,13629.5017266897
mco,1987,14389.7385298471
mco,1992,14733.5964479526
mco,1997,15431.672422299
mco,2002,16184.5091267884
mco,2007,17032.5604341391
mco,2012,17987.1731623088
mco,2017,18940.3058707449
mco,2018,19083.3744449926
mng,1962,0.646576989
mng,1967,0.7500645731
mng,1972,0.8673695113
mng,1977,0.9987782267
mng,1982,1.1365668875
mng,1987,1.299992328
mng,1992,1.4343496663
mng,1997,1.4933214843
mng,2002,1.5620738818
mng,2007,1.6583254482
mng,2012,1.8059343273
mng,2017,1.9907638576
mng,2018,2.0268419989
mne,2007,44.8627805938
mne,2012,45.3240405503
mne,2017,45.4426502534
mne,2018,45.4604634323
mar,1962,29.3245728362
mar,1967,33.4879207256
mar,1972,37.3908655246
mar,1977,41.6976665547
mar,1982,46.9913984996
mar,1987,52.507562423
mar,1992,57.5778882544
mar,1997,62.1533333333
mar,2002,65.960738999
mar,2007,69.7876452805
mar,2012,74.4416078827
mar,2017,79.680338148
mar,2018,80.6832224835
moz,1962,9.3914070905
moz,1967,10.5302884736
moz,1972,11.8169581426
moz,1977,13.4335772724
moz,1982,15.249098051
moz,1987,15.9953326328
moz,1992,17.2708861868
moz,1997,20.5123758413
moz,2002,23.4733856239
moz,2007,27.1126573094
moz,2012,31.1024343866
moz,2017,35.839047762
moz,2018,36.8986014161
mmr,1962,33.5471511551
mmr,1967,37.5560679289
mmr,1972,42.2266025215
mmr,1977,47.3355237293
mmr,1982,52.8152529597
mmr,1987,58.2396059652
mmr,1992,62.6696876986
mmr,1997,66.550249043
mmr,2002,70.5038073279
mmr,2007,73.3405385832
mmr,2012,75.9894529922
mmr,2017,78.8947031613
mmr,2018,79.3750295578
nam,1962,0.8068944182
nam,1967,0.9143481056
nam,1972,1.0541896663
nam,1977,1.2046197333
nam,1982,1.340673792
nam,1987,1.5610974293
nam,1992,1.8403207609
nam,1997,2.0599934489
nam,2002,2.2462033993
nam,2007,2.4342330976
nam,2012,2.6626345097
nam,2017,2.914790911
nam,2018,2.9701937425
nru,1962,247.2
nru,1967,311.15
nru,1972,340.15
nru,1977,369.95
nru,1982,400.9
nru,1987,443.25
nru,1992,501.5
nru,1997,532.35
nru,2002,505.1
nru,2007,492.1
nru,2012,507.0
nru,2017,528.65
nru,2018,533.5
npl,1962,70.8869751325
npl,1967,77.3404470716
npl,1972,85.4949041989
npl,1977,95.315504824
npl,1982,106.8720682158
npl,1987,119.7424446256
npl,1992,135.4689495855
npl,1997,153.4500271776
npl,2002,167.9958350319
npl,2007,179.2538456312
npl,2012,183.3752072292
npl,2017,187.7475268379
npl,2018,190.8935589075
nld,1962,283.3307488562
nld,1967,302.3558632314
nld,1972,320.0547315194
nld,1977,334.5272574043
nld,1982,344.2142306766
nld,1987,353.5431976884
nld,1992,365.1784733927
nld,1997,376.967854563
nld,2002,387.9209005538
nld,2007,397.3677178623
nld,2012,404.2330284064
nld,2017,455.2379513239
nld,2018,456.2599625568
nzl,1962,9.2532927421
nzl,1967,10.0955362146
nzl,1972,10.9435060326
nzl,1977,11.6633894886
nzl,1982,11.910421725
nzl,1987,12.3669007508
nzl,1992,13.0857308281
nzl,1997,14.0165178738
nzl,2002,14.8041014531
nzl,2007,15.8120578238
nzl,2012,16.6914086138
nzl,2017,17.5639087072
nzl,2018,17.7174218371
nic,1962,14.4774487996
nic,1967,16.8543223134
nic,1972,19.6264401319
nic,1977,22.9001227276
nic,1982,26.5024392115
nic,1987,29.9890388893
nic,1992,33.4778860167
nic,1997,37.0304594615
nic,2002,40.0347319169
nic,2007,42.8783845977
nic,2012,45.888824116
nic,2017,48.9748101557
nic,2018,49.5934724246
ner,1962,2.8320662983
ner,1967,3.2711854775
ner,1972,3.7633993686
ner,1977,4.3339802684
ner,1982,5.006726914
ner,1987,5.7844853986
ner,1992,6.7614601421
ner,1997,8.0333078137
ner,2002,9.6211389108
ner,2007,11.5906858721
ner,2012,14.0451539069
ner,2017,17.0500252565
ner,2018,17.713355959
nga,1962,50.9107483464
nga,1967,56.6615423753
nga,1972,63.5069422042
nga,1977,72.7487664678
nga,1982,83.8169089708
nga,1987,95.3138032194
nga,1992,108.4271084794
nga,1997,122.8202507118
nga,2002,139.2078937398
nga,2007,158.4160310467
nga,2012,181.0286045228
nga,2017,206.6242073243
nga,2018,212.0383677755
niu,1962,18.9653846154
niu,1967,20.0307692308
niu,1972,18.1692307692
niu,1977,14.1769230769
niu,1982,12.0269230769
niu,1987,9.6961538462
niu,1992,8.6846153846
niu,1997,7.95
niu,2002,6.8884615385
niu,2007,6.3192307692
niu,2012,6.1923076923
niu,2017,6.1884615385
niu,2018,6.2307692308
mkd,1992,77.349630494
mkd,1997,77.7751069623
mkd,2002,79.6938156359
mkd,2007,80.3355114741
mkd,2012,80.6798133022
mkd,2017,80.9800077791
mkd,2018,81.017386231
nor,1962,9.4480762241
nor,1967,9.8262318916
nor,1972,10.212692767
nor,1977,10.4998442287
nor,1982,10.6746378317
nor,1987,10.870159406
nor,1992,11.1446155044
nor,1997,11.4758346747
nor,2002,11.802323589
nor,2007,12.2524585908
nor,2012,13.0165351264
nor,2017,13.7494372774
nor,2018,13.8573645447
omn,1962,1.870187399
omn,1967,2.1328400646
omn,1972,2.5084975767
omn,1977,3.1593021002
omn,1982,4.168371567
omn,1987,5.2338061389
omn,1992,6.407996769
omn,1997,7.2690210016
omn,2002,7.5439676898
omn,2007,8.5853247173
omn,2012,11.3021938611
omn,2017,15.0756962843
omn,2018,15.6041130856
pak,1962,59.2876246703
pak,1967,67.398302977
pak,1972,77.1033626429
pak,1977,89.1322308755
pak,1982,104.8004082402
pak,1987,123.4590566512
pak,1992,143.0864539631
pak,1997,164.6243323703
pak,2002,187.8529079261
pak,2007,210.7877213918
pak,2012,235.2469903278
pak,2017,261.1558962442
pak,2018,266.584959176
plw,1962,13.1065217391
plw,1967,15.1347826087
plw,1972,17.1630434783
plw,1977,18.7217391304
plw,1982,22.6304347826
plw,1987,28.3913043478
plw,1992,34.4695652174
plw,1997,39.1608695652
plw,2002,42.6891304348
plw,2007,41.647826087
plw,2012,38.347826087
plw,2017,38.7130434783
plw,2018,38.9282608696
pse,1962,187.4710963455
pse,1967,193.646179402
pse,1972,196.4161129568
pse,1977,232.5779069767
pse,1982,265.9380398671
pse,1987,312.2508305648
pse,1992,380.0102990033
pse,1997,477.0774086379
pse,2002,561.4890365449
pse,2007,623.9966777409
pse,2012,704.5802325581
pse,2017,788.5759136213
pse,2018,807.803820598
pan,1962,15.9433704588
pan,1967,18.4808406258
pan,1972,21.3178997613
pan,1977,24.3675417661
pan,1982,27.4961150888
pan,1987,30.7380535667
pan,1992,34.1547865288
pan,1997,37.8402678335
pan,2002,41.7553434102
pan,2007,45.7925616547
pan,2012,49.9950411032
pan,2017,54.6112898936
pan,2018,55.4549787573
png,1962,5.0565033273
png,1967,5.610621381
png,1972,6.3048548094
png,1977,7.1355824907
png,1982,8.142085818
png,1987,9.2743993605
png,1992,10.4490039755
png,1997,11.7678701063
png,2002,13.176521044
png,2007,14.710297295
png,2012,16.4873411978
png,2017,18.2309999136
png,2018,18.5945964048
pry,1962,4.9334234788
pry,1967,5.6319557468
pry,1972,6.3851358328
pry,1977,7.2174849416
pry,1982,8.2821708666
pry,1987,9.5678770744
pry,1992,10.9281278427
pry,1997,12.2878918254
pry,2002,13.600398279
pry,2007,14.7472083589
pry,2012,15.7873706208
pry,2017,16.8826729801
pry,2018,17.1014918181
per,1962,8.363911237
per,1967,9.6379444764
per,1972,11.0657793996
per,1977,12.6502240861
per,1982,14.3371679557
per,1987,16.0994094396
per,1992,17.8699506699
per,1997,19.6160610635
per,2002,21.0866373072
per,2007,22.0452934128
per,2012,22.9585502871
per,2017,24.4660820716
per,2018,24.8901044179
phl,1962,93.59113
phl,1967,109.4132266667
phl,1972,126.41132
phl,1977,145.4313733333
phl,1982,166.74521
phl,1987,190.8794533333
phl,1992,216.73372
phl,1997,243.43628
phl,2002,271.2175266667
phl,2007,298.0182733333
phl,2012,324.0421433333
phl,2017,350.5764166667
phl,2018,355.5046466667
pol,1962,97.1868208129
pol,1967,102.0233745882
pol,1972,106.0061786434
pol,1977,110.560702293
pol,1982,115.8385045892
pol,1987,120.0688573347
pol,1992,122.1580063322
pol,1997,123.2685439253
pol,2002,123.0888323899
pol,2007,122.6600294231
pol,2012,122.2561212741
pol,2017,121.3724976015
pol,2018,121.2753589817
prt,1962,96.4884172818
prt,1967,94.99411637
prt,1972,95.4092705167
prt,1977,102.3778006947
prt,1982,107.151791142
prt,1987,107.6212114633
prt,1992,108.0254342162
prt,1997,110.4490121581
prt,2002,112.7441055145
prt,2007,114.8131501792
prt,2012,114.155818241
prt,2017,111.5582549748
prt,2018,111.2076581773
pri,1962,268.1368658399
pri,1967,288.7305524239
pri,1972,305.0545659526
pri,1977,332.1139797069
pri,1982,357.197632469
pri,1987,374.1639233371
pri,1992,391.1012401353
pri,1997,408.3313416009
pri,2002,413.1147688839
pri,2007,407.7046223224
pri,2012,398.7116121759
pri,2017,356.6704622322
pri,2018,342.6827508455
qat,1962,4.845994832
qat,1967,7.433419466
qat,1972,11.2403100775
qat,1977,15.7035314384
qat,1982,23.878208441
qat,1987,36.3607235142
qat,1992,42.6696813092
qat,1997,46.1086132644
qat,2002,55.1996554694
qat,2007,104.9469422911
qat,2012,189.1535745047
qat,2017,237.1390774587
qat,2018,242.0959094865
kor,1962,270.1197461213
kor,1967,304.6211666331
kor,1972,337.5631976627
kor,1977,367.4734334072
kor,1982,394.6726979649
kor,1987,419.9734031836
kor,1992,441.7511384243
kor,1997,465.4045335483
kor,2002,481.9715533688
kor,2007,491.7249298034
kor,2012,499.8566050924
kor,2017,509.3850563254
kor,2018,510.0847886762
mda,1992,129.6443424171
mda,1997,126.6687943262
mda,2002,123.4701536643
mda,2007,122.0128803545
mda,2012,120.4079172821
mda,2017,119.9315805022
mda,2018,119.7029246677
rou,1962,79.3831830194
rou,1967,83.1017030916
rou,1972,88.1376609757
rou,1977,92.6544569823
rou,1982,95.7697638324
rou,1987,97.6903393599
rou,1992,98.0570577625
rou,1997,94.9603758547
rou,2002,91.6702588196
rou,2007,88.2343596627
rou,2012,84.8503250975
rou,2017,82.4411451342
rou,2018,81.8209479866
rus,1992,8.6715697639
rus,1997,8.6400716682
rus,2002,8.4930203343
rus,2007,8.379003453
rus,2012,8.4215572939
rus,2017,8.511402161
rus,2018,8.5233306333
rwa,1962,115.9049354594
rwa,1967,129.8745254366
rwa,1972,151.375246773
rwa,1977,176.7419514047
rwa,1982,208.9917236143
rwa,1987,257.4025436598
rwa,1992,254.4511769172
rwa,1997,243.7320045558
rwa,2002,319.9339407745
rwa,2007,352.0788534548
rwa,2012,400.5190964313
rwa,2017,454.8580485953
rwa,2018,467.0451784358
kna,1962,145.6085714286
kna,1967,135.3742857143
kna,1972,126.6285714286
kna,1977,125.5485714286
kna,1982,164.3384615385
kna,1987,157.85
kna,1992,156.5269230769
kna,1997,164.8230769231
kna,2002,173.7115384615
kna,2007,183.7615384615
kna,2012,191.8730769231
kna,2017,200.1730769231
kna,2018,201.6961538462
lca,1962,148.2112903226
lca,1967,160.2661290323
lca,1972,171.4677419355
lca,1977,181.75
lca,1982,195.1419354839
lca,1987,211.0580645161
lca,1992,228.6451612903
lca,1997,243.4080645161
lca,2002,257.0838709677
lca,2007,270.385483871
lca,2012,284.9129032258
lca,2017,291.8612903226
lca,2018,293.3693548387
vct,1962,213.4282051282
vct,1967,225.0692307692
vct,1972,237.2128205128
vct,1977,250.5153846154
vct,1982,262.1948717949
vct,1987,271.5538461538
vct,1992,276.7948717949
vct,1997,276.6538461538
vct,2002,277.1717948718
vct,2007,278.2512820513
vct,2012,278.0384615385
vct,2017,281.6076923077
vct,2018,282.5923076923
wsm,1962,40.7661971831
wsm,1967,47.2454225352
wsm,1972,51.8647887324
wsm,1977,53.9521126761
wsm,1982,55.4126760563
wsm,1987,56.6778169014
wsm,1992,58.2711267606
wsm,1997,60.5873239437
wsm,2002,62.1151408451
wsm,2007,64.1007042254
wsm,2012,66.5806338028
wsm,2017,68.785915493
wsm,2018,69.0595070423
smr,1962,270.9166666667
smr,1967,305.1166666667
smr,1972,324.9
smr,1977,339.95
smr,1982,367.2833333333
smr,1987,388.25
smr,1992,413.7
smr,1997,442.7
smr,2002,469.5833333333
smr,2007,501.05
smr,2012,535.0833333333
smr,2017,561.1833333333
smr,2018,563.0833333333
stp,1962,67.165625
stp,1967,70.8822916667
stp,1972,81.18125
stp,1977,91.78125
stp,1982,103.6177083333
stp,1987,114.8479166667
stp,1992,129.7666666667
stp,1997,141.4916666667
stp,2002,153.590625
stp,2007,173.2291666667
stp,2012,196.2541666667
stp,2017,215.7177083333
stp,2018,219.8208333333
sau,1962,2.0294954156
sau,1967,2.4166903135
sau,1972,2.973903214
sau,1977,3.8180840028
sau,1982,5.1118314734
sau,1987,6.7198856579
sau,1992,8.0396201313
sau,1997,9.0278793687
sau,2002,10.1434685931
sau,2007,11.7154552517
sau,2012,13.5623741098
sau,2017,15.398117403
sau,2018,15.6779610083
sen,1962,17.2172538254
sen,1967,19.8243302323
sen,1972,22.99269483
sen,1977,26.3408774338
sen,1982,30.0429007168
sen,1987,34.9537593412
sen,1992,40.6186569061
sen,1997,46.4179604494
sen,2002,52.278475929
sen,2007,59.4127395659
sen,2012,68.1307101825
sen,2017,78.3862284581
sen,2018,80.5974429363
srb,2007,103.0011883205
srb,2012,101.1782820281
srb,2017,99.9278859212
srb,2018,99.6237437755
syc,1962,94.4717391304
syc,1967,106.35
syc,1972,119.8413043478
syc,1977,135.8195652174
syc,1982,148.0913043478
syc,1987,152.0565217391
syc,1992,157.9456521739
syc,1997,170.3369565217
syc,2002,182.7760869565
syc,2007,195.8434782609
syc,2012,201.3108695652
syc,2017,209.6043478261
syc,2018,211.0782608696
sle,1962,33.0396818811
sle,1967,35.9170816044
sle,1972,39.486473029
sle,1977,43.8521161826
sle,1982,48.9650069156
sle,1987,55.8526141079
sle,1992,60.1344951591
sle,1997,59.9626694329
sle,2002,68.6827939142
sle,2007,82.8441632089
sle,2012,92.8434854772
sle,2017,103.5743153527
sle,2018,105.8112033195
sgp,1962,2560.9705882353
sgp,1967,2880.4882352941
sgp,1972,3162.5058823529
sgp,1977,3404.3941176471
sgp,1982,3702.9191176471
sgp,1987,4142.6044117647
sgp,1992,4705.3558823529
sgp,1997,5517.8529411765
sgp,2002,5991.8525547445
sgp,2007,6494.5106382979
sgp,2012,7499.2681564246
sgp,2017,7905.8739612188
sgp,2018,7952.3466850829
svk,1997,109.9572506629
svk,2002,110.1391393025
svk,2007,110.1099734856
svk,2012,110.4178017945
svk,2017,111.113603916
svk,2018,111.2179074036
svn,1992,98.9321164282
svn,1997,98.0490873212
svn,2002,98.0398125308
svn,2007,99.2658115442
svn,2012,101.5206216083
svn,2017,102.4337710773
svn,2018,102.5034408931
slb,1962,4.3266435986
slb,1967,5.0282698962
slb,1972,5.9706574394
slb,1977,7.1934256055
slb,1982,8.5275778547
slb,1987,9.9262975779
slb,1992,11.4185121107
slb,1997,13.1487543253
slb,2002,15.0668512111
slb,2007,17.0287889273
slb,2012,19.2409342561
slb,2017,22.0082698962
slb,2018,22.5902076125
som,1962,4.5074459743
som,1967,5.0620095349
som,1972,5.4571244864
som,1977,7.5308800928
som,1982,10.3629583163
som,1987,10.7616488411
som,1992,11.4408681743
som,1997,12.4457030392
som,2002,14.9003261926
som,2007,17.3762208701
som,2012,19.9408822884
som,2017,22.8792444249
som,2018,23.5364081172
zaf,1962,14.7369964482
zaf,1967,16.7394236685
zaf,1972,19.0974480965
zaf,1977,21.721868771
zaf,1982,24.731929554
zaf,1987,28.1338760879
zaf,1992,31.7225200765
zaf,1997,35.2619256987
zaf,2002,37.8568547031
zaf,2007,40.2921515229
zaf,2012,43.3377831005
zaf,2017,46.7641896825
zaf,2018,47.406276813
ssd,2012,15.6963807366
ssd,2017,17.211931363
ssd,2018,17.3147391359
esp,1962,61.4151999051
esp,1967,64.8830747643
esp,1972,68.5077452124
esp,1977,72.4653985257
esp,1982,75.5147196585
esp,1987,76.9866934129
esp,1992,77.8886084705
esp,1997,79.1226961007
esp,2002,82.9565127048
esp,2007,89.8927043552
esp,2012,93.0210301617
esp,2017,92.2003949004
esp,2018,92.2861652854
lka,1962,157.7835543362
lka,1967,177.680993751
lka,1972,198.1745313214
lka,1977,217.5506020424
lka,1982,236.2628715135
lka,1987,253.6801097394
lka,1992,270.3371589697
lka,1997,281.5256820607
lka,2002,290.542325865
lka,2007,302.4240816949
lka,2012,312.9492455418
lka,2017,322.0147533988
lka,2018,323.5598689224
sdn,2012,19.2585683424
sdn,2017,22.0124289995
sdn,2018,22.545391911
sur,1962,1.8550543279
sur,1967,2.1222073007
sur,1972,2.2458002686
sur,1977,2.1832438042
sur,1982,2.2031497986
sur,1987,2.3259492126
sur,1992,2.5677878159
sur,1997,2.7723171774
sur,2002,2.9436881944
sur,2007,3.1203821267
sur,2012,3.3039006226
sur,2017,3.4824563545
sur,2018,3.5159931632
swe,1962,16.8322584943
swe,1967,17.4903553187
swe,1972,18.0480435265
swe,1977,18.3226626693
swe,1982,18.4975016656
swe,1987,18.7009904508
swe,1992,19.2910015545
swe,1997,19.6954319343
swe,2002,19.810592938
swe,2007,20.348520986
swe,2012,21.3285324751
swe,2017,22.137071639
swe,2018,22.2862375096
che,1962,132.8903608622
che,1967,144.6826108016
che,1972,151.3995640591
che,1977,153.1076531848
che,1982,153.0978202955
che,1987,157.6797529668
che,1992,164.5169774764
che,1997,171.1917655607
che,2002,174.8698716396
che,2007,182.5377088884
che,2012,193.9455558247
che,2017,204.7886687435
che,2018,206.4793042643
syr,1962,26.3280159844
syr,1967,31.0007020197
syr,1972,36.7217896101
syr,1977,43.5287234043
syr,1982,51.7886758829
syr,1987,61.3503186089
syr,1992,71.2153742305
syr,1997,81.949000972
syr,2002,92.2595960687
syr,2007,107.3455772762
syr,2012,110.3729128416
syr,2017,92.3192461389
syr,2018,91.5058699644
tjk,1992,38.6004489653
tjk,1997,41.6584005612
tjk,2002,45.0850017538
tjk,2007,49.5452262364
tjk,2012,55.2426166257
tjk,2017,62.8113453105
tjk,2018,64.371445749
tha,1962,56.6747310571
tha,1967,65.8302132055
tha,1972,76.119821874
tha,1977,86.5409728718
tha,1982,95.99294512
tha,1987,105.133070237
tha,1992,112.6656941846
tha,1997,118.5815832554
tha,2002,124.8618003586
tha,2007,128.9797065014
tha,2012,132.2029193951
tha,2017,134.8803593701
tha,2018,135.3064643748
tls,1962,33.0579018157
tls,1967,36.2413584398
tls,1972,40.3626092804
tls,1977,41.6823133826
tls,1982,41.2399462004
tls,1987,46.1648285138
tls,1992,52.6696704775
tls,1997,57.9600537996
tls,2002,62.0507061197
tls,2007,69.6968392737
tls,2012,76.1932750504
tls,2017,83.6084734364
tls,2018,85.2706119704
tgo,1962,28.3985736926
tgo,1967,32.6719845043
tgo,1972,39.5770734284
tgo,1977,44.3468392323
tgo,1982,51.3403768269
tgo,1987,61.1329283325
tgo,1992,69.4823912661
tgo,1997,78.9919175911
tgo,2002,91.5131361155
tgo,2007,104.2500264131
tgo,2012,119.2782003874
tgo,2017,135.5603803487
tgo,2018,138.916939602
tkl,1962,193.5
tkl,1967,181.8
tkl,1972,157.3
tkl,1977,155.6
tkl,1982,162.0
tkl,1987,169.7
tkl,1992,155.8
tkl,1997,154.7
tkl,2002,143.5
tkl,2007,114.1
tkl,2012,116.7
tkl,2017,130.0
tkl,2018,131.9
ton,1962,88.3133333333
ton,1967,105.372
ton,1972,115.0973333333
ton,1977,120.364
ton,1982,124.8546666667
ton,1987,125.7613333333
ton,1992,127.1986666667
ton,1997,128.8253333333
ton,2002,132.0293333333
ton,2007,136.7746666667
ton,2012,136.9826666667
ton,2017,135.9973333333
ton,2018,137.596
tto,1962,171.430994152
tto,1967,180.3576998051
tto,1972,188.7204678363
tto,1977,202.5754385965
tto,1982,218.3274853801
tto,1987,232.8539961014
tto,1992,241.0688109162
tto,1997,245.5844054581
tto,2002,248.9693957115
tto,2007,255.0586744639
tto,2012,262.1479532164
tto,2017,269.7970760234
tto,2018,270.9245614035
tun,1962,26.3155124992
tun,1967,28.9744575515
tun,1972,32.3411649655
tun,1977,36.1833934356
tun,1982,41.1987592445
tun,1987,47.0676364525
tun,1992,52.6487439643
tun,1997,57.4238921826
tun,2002,60.3340321496
tun,2007,62.9834728929
tun,2012,66.2979157753
tun,2017,69.8822993705
tun,2018,70.6876168938
tur,1962,36.7133469154
tur,1967,41.3547997708
tur,1972,46.5872044311
tur,1977,52.3439192717
tur,1982,58.6049672121
tur,1987,65.0677073916
tur,1992,70.9861182912
tur,1997,76.8734551474
tur,2002,82.9507442542
tur,2007,88.5997937225
tur,2012,95.0544979945
tur,2017,103.2870057936
tur,2018,104.8450856306
tkm,1992,7.9898442942
tkm,1997,8.9225896333
tkm,2002,9.4447961483
tkm,2007,9.9777525097
tkm,2012,10.7926654374
tkm,2017,11.7960807212
tkm,2018,11.9870948576
tuv,1962,178.0
tuv,1967,183.7
tuv,1972,193.0
tuv,1977,221.6666666667
tuv,1982,265.2
tuv,1987,282.8333333333
tuv,1992,303.7333333333
tuv,1997,310.7666666667
tuv,2002,319.8666666667
tuv,2007,340.7
tuv,2012,357.9666666667
tuv,2017,379.0
tuv,2018,383.6
uga,1962,29.8728876009
uga,1967,35.3982322501
uga,1972,41.1079942041
uga,1977,47.0652659905
uga,1982,54.7381121921
uga,1987,64.6357027531
uga,1992,76.8440240116
uga,1997,89.651823639
uga,2002,104.1906727386
uga,2007,122.0713641068
uga,2012,143.0706023598
uga,2017,170.4267770648
uga,2018,176.8952018216
ukr,1992,85.1878272251
ukr,1997,83.1534686439
ukr,2002,79.4963780963
ukr,2007,76.82272057
ukr,2012,75.3107547014
ukr,2017,73.7100637892
ukr,2018,73.3098434264
are,1962,1.3411244019
are,1967,2.0307535885
are,1972,3.9590191388
are,1977,8.7959808612
are,1982,13.9330861244
are,1987,18.3437320574
are,1992,24.5561124402
are,1997,31.9540909091
are,2002,41.6121650718
are,2007,73.7899282297
are,2012,109.3492344498
are,2017,133.2432377203
are,2018,135.262222123
gbr,1962,218.0099298058
gbr,1967,225.2228315751
gbr,1972,229.4340051722
gbr,1977,230.7113624235
gbr,1982,230.8665982513
gbr,1987,232.5777677435
gbr,1992,235.8114896761
gbr,1997,239.3469603054
gbr,2002,243.5297976274
gbr,2007,252.2686342925
gbr,2012,264.8713599606
gbr,2017,273.9110094003
gbr,2018,275.6113624235
tza,1962,11.244549773
tza,1967,13.0351409268
tza,1972,15.2310144622
tza,1977,17.8456814103
tza,1982,20.8205658186
tza,1987,24.2491291038
tza,1992,28.4610968014
tza,1997,32.9281716457
tza,2002,37.3005257046
tza,2007,42.9445941096
tza,2012,49.6706745487
tza,2017,57.7011918083
tza,2018,59.446255674
usa,1962,19.9721620631
usa,1967,21.1759449751
usa,1972,22.1484898365
usa,1977,23.1730789722
usa,1982,24.2828599587
usa,1987,25.4492157618
usa,1992,26.6889823441
usa,1997,28.2179972355
usa,2002,29.8254176949
usa,2007,31.2092496597
usa,2012,31.9425891852
usa,2017,33.0655978583
usa,2018,33.270196033
ury,1962,14.7763136988
ury,1967,15.6059811599
ury,1972,16.0110146408
ury,1977,16.2124503462
ury,1982,16.7622971286
ury,1987,17.3055328567
ury,1992,17.9007150153
ury,1997,18.5572806719
ury,2002,18.8743615935
ury,2007,18.9067585972
ury,2012,19.1747531495
ury,2017,19.5019918284
ury,2018,19.5737430485
uzb,1992,47.7763053196
uzb,1997,52.8397161377
uzb,2002,56.8420250335
uzb,2007,60.8062382655
uzb,2012,65.8234532857
uzb,2017,71.1919723606
uzb,2018,72.3424098511
vut,1962,5.5614438064
vut,1967,6.4396226415
vut,1972,7.449466776
vut,1977,8.7120590648
vut,1982,9.9585726005
vut,1987,11.1631665299
vut,1992,12.7292863002
vut,1997,14.3495488105
vut,2002,15.908121411
vut,2007,18.0042657916
vut,2012,20.467514356
vut,2017,23.421657096
vut,2018,24.0098441345
ven,1962,9.5858527493
ven,1967,11.3587467792
ven,1972,13.2642881421
ven,1977,15.3109796612
ven,1982,17.5621654515
ven,1987,19.9909325147
ven,1992,22.5400833288
ven,1997,25.0400120607
ven,2002,27.5208683734
ven,2007,29.8751274601
ven,2012,32.1921352996
ven,2017,32.2377983663
ven,2018,31.6727350474
vnm,1962,104.5657300491
vnm,1967,120.8144592843
vnm,1972,137.3224366125
vnm,1977,154.3258245593
vnm,1982,171.287364708
vnm,1987,192.8317602543
vnm,1992,214.0912772962
vnm,1997,232.9534414545
vnm,2002,247.5991709687
vnm,2007,257.9016062317
vnm,2012,271.3295041847
vnm,2017,285.6041059083
vnm,2018,288.4580563355
yem,1962,10.3673901926
yem,1967,11.1897910866
yem,1972,12.1040475785
yem,1977,13.5967479213
yem,1982,16.178201413
yem,1987,19.5504346838
yem,1992,24.535778548
yem,1997,30.2586662121
yem,2002,34.9332177965
yem,2007,40.3100839063
yem,2012,46.3533496221
yem,2017,52.7204557077
yem,2018,53.9778453321
zmb,1962,4.3324563851
zmb,1967,5.0462696483
zmb,1972,5.9342474854
zmb,1977,7.0256148603
zmb,1982,8.3255125497
zmb,1987,9.7963580075
zmb,1992,11.2293844089
zmb,1997,12.7524335313
zmb,2002,14.5781985358
zmb,2007,16.6127981292
zmb,2012,19.2199811323
zmb,2017,22.3935358286
zmb,2018,23.0553779514
zwe,1962,10.3367821681
zwe,1967,12.232129696
zwe,1972,14.520193981
zwe,1977,17.1789000921
zwe,1982,20.3660584502
zwe,1987,24.3812135326
zwe,1992,27.8956443853
zwe,1997,29.8219930392
zwe,2002,30.5924096632
zwe,2007,31.3643208107
zwe,2012,33.5631845634
zwe,2017,36.4330919234
zwe,2018,36.9505630054
