area,year,direct_use_of_treated_municipal_wastewater
albania,2015,0.0000
albania,2016,0.0000
albania,2017,0.0000
albania,2018,0.0000
albania,2019,0.0000
albania,2020,0.0000
albania,2021,0.0000
albania,2022,0.0000
algeria,2015,0.050000
algeria,2016,0.050000
algeria,2017,0.050000
algeria,2018,0.050000
algeria,2019,0.050000
algeria,2020,0.050000
algeria,2021,0.038000
algeria,2022,0.042000
argentina,1976,0.0000
argentina,1977,0.0000
argentina,1978,0.0000
argentina,1979,0.0000
argentina,1980,0.0000
argentina,1981,0.0000
argentina,1982,0.0000
argentina,1983,0.0000
argentina,1984,0.0000
argentina,1985,0.0000
argentina,1986,0.0000
argentina,1987,0.0000
argentina,1988,0.0000
argentina,1989,0.0000
argentina,1990,0.0000
argentina,1991,0.0000
argentina,1992,0.0000
argentina,1993,0.0000
argentina,1994,0.0000
argentina,1995,0.0000
argentina,1996,0.018140
argentina,1997,0.036280
argentina,1998,0.054420
argentina,1999,0.072560
argentina,2000,0.090700
argentina,2001,0.090727
argentina,2002,0.090755
argentina,2003,0.090782
argentina,2004,0.090809
argentina,2005,0.090836
argentina,2006,0.090864
argentina,2007,0.090891
argentina,2008,0.090918
argentina,2009,0.090945
argentina,2010,0.090973
argentina,2011,0.091000
argentina,2012,0.091000
argentina,2013,0.091000
argentina,2014,0.091000
argentina,2015,0.091000
argentina,2016,0.091000
argentina,2017,0.091000
argentina,2018,0.091000
argentina,2019,0.091000
argentina,2020,0.091000
argentina,2021,0.091000
argentina,2022,0.091000
armenia,1994,0.00010000
armenia,1995,0.00010000
armenia,1996,0.00010000
armenia,1997,0.00010000
armenia,1998,0.00010000
armenia,1999,0.00010000
armenia,2000,0.00010000
armenia,2001,0.00010000
armenia,2002,0.00010000
armenia,2003,0.00010000
armenia,2004,0.00010000
armenia,2005,0.00010000
armenia,2006,0.00010000
armenia,2007,0.000090900
armenia,2008,0.000081800
armenia,2009,0.000072700
armenia,2010,0.000063600
armenia,2011,0.000054500
armenia,2012,0.000045500
armenia,2013,0.000036400
armenia,2014,0.000027300
armenia,2015,0.000018200
armenia,2016,0.0000090900
armenia,2017,0.0000
armenia,2018,0.0000
armenia,2019,0.0000
armenia,2020,0.0000
armenia,2021,0.0000
armenia,2022,0.0000
australia,1997,0.13400
australia,1998,0.14200
australia,1999,0.15000
australia,2000,0.15800
australia,2001,0.16600
australia,2002,0.17467
australia,2003,0.18333
australia,2004,0.19200
australia,2005,0.20067
australia,2006,0.20933
australia,2007,0.21800
australia,2008,0.34800
australia,2009,0.36050
australia,2010,0.37300
australia,2011,0.38867
australia,2012,0.40433
australia,2013,0.42000
australia,2014,0.29500
australia,2015,0.17000
australia,2016,0.16000
australia,2017,0.14000
australia,2018,0.14000
australia,2019,0.14000
australia,2020,0.14000
australia,2021,0.14000
australia,2022,0.14000
australia_and_new_zealand,2000,0.15800
australia_and_new_zealand,2001,0.16600
australia_and_new_zealand,2002,0.17467
australia_and_new_zealand,2003,0.18333
australia_and_new_zealand,2004,0.19200
australia_and_new_zealand,2005,0.20067
australia_and_new_zealand,2006,0.20933
australia_and_new_zealand,2007,0.21800
australia_and_new_zealand,2008,0.34800
australia_and_new_zealand,2009,0.36050
australia_and_new_zealand,2010,0.37300
australia_and_new_zealand,2011,0.38867
australia_and_new_zealand,2012,0.40433
australia_and_new_zealand,2013,0.42000
australia_and_new_zealand,2014,0.29500
australia_and_new_zealand,2015,0.17000
australia_and_new_zealand,2016,0.16000
australia_and_new_zealand,2017,0.14000
australia_and_new_zealand,2018,0.14000
australia_and_new_zealand,2019,0.14000
australia_and_new_zealand,2020,0.14000
australia_and_new_zealand,2021,0.14000
australia_and_new_zealand,2022,0.14000
austria,2017,0.0000
austria,2018,0.0000
austria,2019,0.0000
austria,2020,0.0000
austria,2021,0.0000
austria,2022,0.0000
bahrain,1991,0.0080000
bahrain,1992,0.0086250
bahrain,1993,0.0092500
bahrain,1994,0.0098750
bahrain,1995,0.010500
bahrain,1996,0.011125
bahrain,1997,0.011750
bahrain,1998,0.012375
bahrain,1999,0.013000
bahrain,2000,0.013625
bahrain,2001,0.014250
bahrain,2002,0.014875
bahrain,2003,0.015500
bahrain,2004,0.015900
bahrain,2005,0.016300
bahrain,2006,0.016257
bahrain,2007,0.016214
bahrain,2008,0.016171
bahrain,2009,0.016129
bahrain,2010,0.016086
bahrain,2011,0.016043
bahrain,2012,0.016000
bahrain,2013,0.023700
bahrain,2014,0.031400
bahrain,2015,0.029600
bahrain,2016,0.039200
bahrain,2017,0.039200
bahrain,2018,0.039200
bahrain,2019,0.039200
bahrain,2020,0.039200
bahrain,2021,0.039200
bahrain,2022,0.039200
belgium,2000,0.0030000
belgium,2001,0.0030000
belgium,2002,0.0030000
belgium,2003,0.0030000
belgium,2004,0.0030000
belgium,2005,0.0030000
belgium,2006,0.0030000
belgium,2007,0.0030000
belgium,2008,0.0030000
belgium,2009,0.0030000
belgium,2010,0.0030000
belgium,2011,0.0030000
belgium,2012,0.0030000
belgium,2013,0.0030000
belgium,2014,0.0030000
belgium,2015,0.0030000
belgium,2016,0.0030000
belgium,2017,0.0030000
belgium,2018,0.0030000
belgium,2019,0.0030000
belgium,2020,0.0030000
belgium,2021,0.0030000
belgium,2022,0.0030000
brazil,2008,0.0090000
brazil,2009,0.014125
brazil,2010,0.019250
brazil,2011,0.024375
brazil,2012,0.029500
brazil,2013,0.034625
brazil,2014,0.039750
brazil,2015,0.044875
brazil,2016,0.050000
brazil,2017,0.050000
brazil,2018,0.050000
brazil,2019,0.050000
brazil,2020,0.050000
brazil,2021,0.050000
brazil,2022,0.050000
burkina_faso,2011,0.0013000
burkina_faso,2012,0.0013000
burkina_faso,2013,0.0013000
burkina_faso,2014,0.0013000
burkina_faso,2015,0.0013000
burkina_faso,2016,0.0013000
burkina_faso,2017,0.0013000
burkina_faso,2018,0.0013000
burkina_faso,2019,0.0013000
burkina_faso,2020,0.0013000
burkina_faso,2021,0.0013000
burkina_faso,2022,0.0013000
cabo_verde,2019,0.0030644
cabo_verde,2020,0.0074378
cabo_verde,2021,0.011903
cabo_verde,2022,0.015581
central_and_southern_asia,2000,0.00010000
central_and_southern_asia,2001,0.00010000
central_and_southern_asia,2002,0.15010
central_and_southern_asia,2003,0.15560
central_and_southern_asia,2004,0.16110
central_and_southern_asia,2005,0.16660
central_and_southern_asia,2006,0.17210
central_and_southern_asia,2007,0.17760
central_and_southern_asia,2008,0.18310
central_and_southern_asia,2009,0.18860
central_and_southern_asia,2010,0.19410
central_and_southern_asia,2011,0.17924
central_and_southern_asia,2012,0.16439
central_and_southern_asia,2013,0.14953
central_and_southern_asia,2014,0.13467
central_and_southern_asia,2015,0.11981
central_and_southern_asia,2016,0.10496
central_and_southern_asia,2017,0.090100
central_and_southern_asia,2018,0.050100
central_and_southern_asia,2019,0.97010
central_and_southern_asia,2020,0.090100
central_and_southern_asia,2021,0.090100
central_and_southern_asia,2022,0.090100
central_asia,2000,0.00010000
central_asia,2001,0.00010000
central_asia,2002,0.15010
central_asia,2003,0.15560
central_asia,2004,0.16110
central_asia,2005,0.16660
central_asia,2006,0.17210
central_asia,2007,0.17760
central_asia,2008,0.18310
central_asia,2009,0.18860
central_asia,2010,0.19410
central_asia,2011,0.17924
central_asia,2012,0.16439
central_asia,2013,0.14953
central_asia,2014,0.13467
central_asia,2015,0.11981
central_asia,2016,0.10496
central_asia,2017,0.090100
central_asia,2018,0.050100
central_asia,2019,0.97010
central_asia,2020,0.090100
central_asia,2021,0.090100
central_asia,2022,0.090100
chile,2009,0.0000
chile,2010,0.0000
chile,2011,0.0000
chile,2012,0.0000
chile,2013,0.0000
chile,2014,0.0000
chile,2015,0.0000
chile,2016,0.0000
chile,2017,0.0000
chile,2018,0.0000
chile,2019,0.0000
chile,2020,0.0000
chile,2021,0.0000
chile,2022,0.0000
china,2008,1.6600
china,2009,2.5150
china,2010,3.3700
china,2011,3.4500
china,2012,3.5300
china,2013,3.8600
china,2014,3.8600
china,2015,3.8600
china,2016,3.8600
china,2017,3.8600
china,2018,3.8600
china,2019,3.8600
china,2020,3.8600
china,2021,3.8600
china,2022,3.8600
croatia,2010,0.0000
croatia,2011,0.0000
croatia,2012,0.0000
croatia,2013,0.0000
croatia,2014,0.0000
croatia,2015,0.0000
croatia,2016,0.0000
croatia,2017,0.0000
croatia,2018,0.0000
croatia,2019,0.0000
croatia,2020,0.0000
croatia,2021,0.0000
croatia,2022,0.0000
cyprus,2001,0.0060000
cyprus,2002,0.0093333
cyprus,2003,0.012667
cyprus,2004,0.016000
cyprus,2005,0.018000
cyprus,2006,0.019000
cyprus,2007,0.019000
cyprus,2008,0.022000
cyprus,2009,0.020829
cyprus,2010,0.019657
cyprus,2011,0.018486
cyprus,2012,0.017314
cyprus,2013,0.016143
cyprus,2014,0.014971
cyprus,2015,0.013800
cyprus,2016,0.015400
cyprus,2017,0.015400
cyprus,2018,0.016800
cyprus,2019,0.016800
cyprus,2020,0.015000
cyprus,2021,0.015000
cyprus,2022,0.015000
denmark,2017,0.0000
denmark,2018,0.0000
denmark,2019,0.0000
denmark,2020,0.0000
denmark,2021,0.0000
denmark,2022,0.0000
djibouti,2000,0.00010000
djibouti,2001,0.00010000
djibouti,2002,0.00010000
djibouti,2003,0.00010000
djibouti,2004,0.00010000
djibouti,2005,0.00010000
djibouti,2006,0.00010000
djibouti,2007,0.00010000
djibouti,2008,0.00010000
djibouti,2009,0.00010000
djibouti,2010,0.00010000
djibouti,2011,0.00010000
djibouti,2012,0.00010000
djibouti,2013,0.00010000
djibouti,2014,0.00010000
djibouti,2015,0.00010000
djibouti,2016,0.00010000
djibouti,2017,0.00010000
djibouti,2018,0.00010000
djibouti,2019,0.00010000
djibouti,2020,0.00010000
djibouti,2021,0.00010000
djibouti,2022,0.00010000
eastern_and_south_eastern_asia,2000,0.14333
eastern_and_south_eastern_asia,2001,0.15000
eastern_and_south_eastern_asia,2002,0.19100
eastern_and_south_eastern_asia,2003,0.53840
eastern_and_south_eastern_asia,2004,0.61525
eastern_and_south_eastern_asia,2005,0.71342
eastern_and_south_eastern_asia,2006,0.80660
eastern_and_south_eastern_asia,2007,0.90078
eastern_and_south_eastern_asia,2008,2.6512
eastern_and_south_eastern_asia,2009,3.6067
eastern_and_south_eastern_asia,2010,4.5621
eastern_and_south_eastern_asia,2011,4.7426
eastern_and_south_eastern_asia,2012,4.8940
eastern_and_south_eastern_asia,2013,5.2955
eastern_and_south_eastern_asia,2014,5.3448
eastern_and_south_eastern_asia,2015,5.4078
eastern_and_south_eastern_asia,2016,5.4956
eastern_and_south_eastern_asia,2017,5.5081
eastern_and_south_eastern_asia,2018,5.5091
eastern_and_south_eastern_asia,2019,5.5114
eastern_and_south_eastern_asia,2020,5.5021
eastern_and_south_eastern_asia,2021,5.5021
eastern_and_south_eastern_asia,2022,5.5021
eastern_asia,2000,0.14333
eastern_asia,2001,0.15000
eastern_asia,2002,0.16500
eastern_asia,2003,0.33700
eastern_asia,2004,0.41345
eastern_asia,2005,0.48989
eastern_asia,2006,0.56134
eastern_asia,2007,0.63378
eastern_asia,2008,2.3662
eastern_asia,2009,3.2937
eastern_asia,2010,4.2211
eastern_asia,2011,4.3736
eastern_asia,2012,4.5250
eastern_asia,2013,4.9265
eastern_asia,2014,4.9979
eastern_asia,2015,5.0830
eastern_asia,2016,5.1730
eastern_asia,2017,5.1730
eastern_asia,2018,5.1730
eastern_asia,2019,5.1730
eastern_asia,2020,5.1730
eastern_asia,2021,5.1730
eastern_asia,2022,5.1730
egypt,1993,0.20000
egypt,1994,0.27000
egypt,1995,0.34000
egypt,1996,0.41000
egypt,1997,0.48000
egypt,1998,0.55000
egypt,1999,0.62000
egypt,2000,0.69000
egypt,2001,0.76000
egypt,2002,0.83000
egypt,2003,0.90000
egypt,2004,1.0000
egypt,2005,1.1000
egypt,2006,1.2000
egypt,2007,1.3000
egypt,2008,1.3000
egypt,2009,1.3000
egypt,2010,1.3000
egypt,2011,1.3000
egypt,2012,1.3000
egypt,2013,1.3000
egypt,2014,1.3000
egypt,2015,1.3000
egypt,2016,1.2000
egypt,2017,1.2000
egypt,2018,1.2000
egypt,2019,1.2000
egypt,2020,1.2000
egypt,2021,1.2000
egypt,2022,1.2000
ethiopia,2002,0.0000
ethiopia,2003,0.0000
ethiopia,2004,0.0000
ethiopia,2005,0.0000
ethiopia,2006,0.0000
ethiopia,2007,0.0000
ethiopia,2008,0.0000
ethiopia,2009,0.0000
ethiopia,2010,0.0000
ethiopia,2011,0.0000
ethiopia,2012,0.0000
ethiopia,2013,0.0000
ethiopia,2014,0.0000
ethiopia,2015,0.0000
ethiopia,2016,0.0000
ethiopia,2017,0.0000
ethiopia,2018,0.0000
ethiopia,2019,0.0000
ethiopia,2020,0.0000
ethiopia,2021,0.0000
ethiopia,2022,0.0000
europe,2000,0.58002
europe,2001,0.56970
europe,2002,0.57138
europe,2003,0.56005
europe,2004,0.96473
europe,2005,1.0389
europe,2006,1.0881
europe,2007,1.1026
europe,2008,1.2810
europe,2009,1.2955
europe,2010,1.3074
europe,2011,1.3083
europe,2012,1.3091
europe,2013,1.3100
europe,2014,1.3109
europe,2015,1.2887
europe,2016,1.3680
europe,2017,1.3046
europe,2018,1.3047
europe,2019,1.3075
europe,2020,1.5805
europe,2021,1.3234
europe,2022,1.3271
europe_and_northern_america,2000,2.6465
europe_and_northern_america,2001,2.7754
europe_and_northern_america,2002,2.9164
europe_and_northern_america,2003,2.9766
europe_and_northern_america,2004,3.4527
europe_and_northern_america,2005,3.5984
europe_and_northern_america,2006,3.7191
europe_and_northern_america,2007,3.8051
europe_and_northern_america,2008,4.0550
europe_and_northern_america,2009,4.0695
europe_and_northern_america,2010,4.0814
europe_and_northern_america,2011,4.0823
europe_and_northern_america,2012,4.0831
europe_and_northern_america,2013,4.0840
europe_and_northern_america,2014,4.0849
europe_and_northern_america,2015,4.0627
europe_and_northern_america,2016,4.1420
europe_and_northern_america,2017,4.0786
europe_and_northern_america,2018,4.0787
europe_and_northern_america,2019,4.0815
europe_and_northern_america,2020,4.3545
europe_and_northern_america,2021,4.0974
europe_and_northern_america,2022,4.1011
finland,2018,0.0000
finland,2019,0.0000
finland,2020,0.0000
finland,2021,0.0000
finland,2022,0.0000
france,2004,0.41100
france,2005,0.41100
france,2006,0.41100
france,2007,0.41100
france,2008,0.41100
france,2009,0.41100
france,2010,0.41100
france,2011,0.41100
france,2012,0.41100
france,2013,0.41100
france,2014,0.41100
france,2015,0.41100
france,2016,0.41100
france,2017,0.41100
france,2018,0.41100
france,2019,0.41100
france,2020,0.41100
france,2021,0.41100
france,2022,0.41100
georgia,2016,0.0000
georgia,2017,0.0000
georgia,2018,0.0000
georgia,2019,0.0000
georgia,2020,0.0000
georgia,2021,0.0000
georgia,2022,0.0000
germany,2000,0.042000
germany,2001,0.042000
germany,2002,0.042000
germany,2003,0.042000
germany,2004,0.042000
germany,2005,0.042000
germany,2006,0.042000
germany,2007,0.042000
germany,2008,0.042000
germany,2009,0.042000
germany,2010,0.042000
germany,2011,0.042000
germany,2012,0.042000
germany,2013,0.042000
germany,2014,0.042000
germany,2015,0.042000
germany,2016,0.042000
germany,2017,0.042000
germany,2018,0.042000
germany,2019,0.042000
germany,2020,0.042000
germany,2021,0.042000
germany,2022,0.042000
greece,2002,0.023000
greece,2003,0.027000
greece,2004,0.038000
greece,2005,0.049000
greece,2006,0.060000
greece,2007,0.071000
greece,2008,0.082000
greece,2009,0.093000
greece,2010,0.10400
greece,2011,0.10400
greece,2012,0.10400
greece,2013,0.10400
greece,2014,0.10400
greece,2015,0.10400
greece,2016,0.10400
greece,2017,0.10400
greece,2018,0.10400
greece,2019,0.10400
greece,2020,0.10400
greece,2021,0.10400
greece,2022,0.10400
hungary,2022,0.0064977
iraq,2012,0.0050000
iraq,2013,0.0050000
iraq,2014,0.0050000
iraq,2015,0.0050000
iraq,2016,0.0050000
iraq,2017,0.0050000
iraq,2018,0.0050000
iraq,2019,0.0050000
iraq,2020,0.0050000
iraq,2021,0.0050000
iraq,2022,0.0050000
ireland,2016,0.0000
ireland,2017,0.0000
ireland,2018,0.0000
ireland,2019,0.0000
ireland,2020,0.0000
ireland,2021,0.0000
ireland,2022,0.0000
israel,1963,0.010000
israel,1964,0.011575
israel,1965,0.013150
israel,1966,0.014725
israel,1967,0.016300
israel,1968,0.017725
israel,1969,0.019150
israel,1970,0.020575
israel,1971,0.022000
israel,1972,0.025000
israel,1973,0.028000
israel,1974,0.031000
israel,1975,0.034000
israel,1976,0.037000
israel,1977,0.040000
israel,1978,0.043000
israel,1979,0.047500
israel,1980,0.052000
israel,1981,0.054500
israel,1982,0.057000
israel,1983,0.068333
israel,1984,0.079667
israel,1985,0.091000
israel,1986,0.13550
israel,1987,0.18000
israel,1988,0.18700
israel,1989,0.19400
israel,1990,0.20600
israel,1991,0.21800
israel,1992,0.23000
israel,1993,0.24200
israel,1994,0.25400
israel,1995,0.25340
israel,1996,0.25280
israel,1997,0.25220
israel,1998,0.25160
israel,1999,0.25100
israel,2000,0.28500
israel,2001,0.27345
israel,2002,0.26190
israel,2003,0.32845
israel,2004,0.39500
israel,2005,0.38875
israel,2006,0.38250
israel,2007,0.37625
israel,2008,0.37000
israel,2009,0.39300
israel,2010,0.41600
israel,2011,0.42800
israel,2012,0.44000
israel,2013,0.45200
israel,2014,0.46400
israel,2015,0.47600
israel,2016,0.51200
israel,2017,0.52000
israel,2018,0.51400
israel,2019,0.54500
israel,2020,0.54800
israel,2021,0.55700
israel,2022,0.56200
italy,2000,0.23300
italy,2001,0.18600
italy,2002,0.13900
italy,2003,0.092000
italy,2004,0.045000
italy,2005,0.045000
italy,2006,0.045000
italy,2007,0.045000
italy,2008,0.045000
italy,2009,0.045000
italy,2010,0.045000
italy,2011,0.045000
italy,2012,0.045000
italy,2013,0.045000
italy,2014,0.045000
italy,2015,0.045000
italy,2016,0.045000
italy,2017,0.045000
italy,2018,0.045000
italy,2019,0.045000
italy,2020,0.045000
italy,2021,0.045000
italy,2022,0.045000
japan,1998,0.13000
japan,1999,0.13667
japan,2000,0.14333
japan,2001,0.15000
japan,2002,0.16500
japan,2003,0.18000
japan,2004,0.18500
japan,2005,0.19000
japan,2006,0.19000
japan,2007,0.19100
japan,2008,0.19200
japan,2009,0.19300
japan,2010,0.19400
japan,2011,0.19500
japan,2012,0.19500
japan,2013,0.19500
japan,2014,0.19500
japan,2015,0.19500
japan,2016,0.19500
japan,2017,0.19500
japan,2018,0.19500
japan,2019,0.19500
japan,2020,0.19500
japan,2021,0.19500
japan,2022,0.19500
jordan,1990,0.047000
jordan,1991,0.047429
jordan,1992,0.047857
jordan,1993,0.048286
jordan,1994,0.048714
jordan,1995,0.049143
jordan,1996,0.049571
jordan,1997,0.050000
jordan,1998,0.050300
jordan,1999,0.057600
jordan,2000,0.064900
jordan,2001,0.060693
jordan,2002,0.056486
jordan,2003,0.052279
jordan,2004,0.048071
jordan,2005,0.043864
jordan,2006,0.039657
jordan,2007,0.035450
jordan,2008,0.031243
jordan,2009,0.027036
jordan,2010,0.022829
jordan,2011,0.018621
jordan,2012,0.014414
jordan,2013,0.010207
jordan,2014,0.0060000
jordan,2015,0.0060000
jordan,2016,0.0042000
jordan,2017,0.14670
jordan,2018,0.14940
jordan,2019,0.15990
jordan,2020,0.17009
jordan,2021,0.16716
jordan,2022,0.16716
kazakhstan,2002,0.15000
kazakhstan,2003,0.15550
kazakhstan,2004,0.16100
kazakhstan,2005,0.16650
kazakhstan,2006,0.17200
kazakhstan,2007,0.17750
kazakhstan,2008,0.18300
kazakhstan,2009,0.18850
kazakhstan,2010,0.19400
kazakhstan,2011,0.17914
kazakhstan,2012,0.16429
kazakhstan,2013,0.14943
kazakhstan,2014,0.13457
kazakhstan,2015,0.11971
kazakhstan,2016,0.10486
kazakhstan,2017,0.090000
kazakhstan,2018,0.050000
kazakhstan,2019,0.070000
kazakhstan,2020,0.090000
kazakhstan,2021,0.090000
kazakhstan,2022,0.090000
kuwait,1994,0.052000
kuwait,1995,0.059000
kuwait,1996,0.066000
kuwait,1997,0.073000
kuwait,1998,0.080000
kuwait,1999,0.079500
kuwait,2000,0.079000
kuwait,2001,0.078500
kuwait,2002,0.078000
kuwait,2003,0.078000
kuwait,2004,0.078000
kuwait,2005,0.078000
kuwait,2006,0.078000
kuwait,2007,0.078000
kuwait,2008,0.078000
kuwait,2009,0.078000
kuwait,2010,0.078000
kuwait,2011,0.078000
kuwait,2012,0.078000
kuwait,2013,0.078000
kuwait,2014,0.078000
kuwait,2015,0.078000
kuwait,2016,0.078000
kuwait,2017,0.078000
kuwait,2018,0.078000
kuwait,2019,0.078000
kuwait,2020,0.078000
kuwait,2021,0.078000
kuwait,2022,0.078000
kyrgyzstan,1994,0.00010000
kyrgyzstan,1995,0.00010000
kyrgyzstan,1996,0.00010000
kyrgyzstan,1997,0.00010000
kyrgyzstan,1998,0.00010000
kyrgyzstan,1999,0.00010000
kyrgyzstan,2000,0.00010000
kyrgyzstan,2001,0.00010000
kyrgyzstan,2002,0.00010000
kyrgyzstan,2003,0.00010000
kyrgyzstan,2004,0.00010000
kyrgyzstan,2005,0.00010000
kyrgyzstan,2006,0.00010000
kyrgyzstan,2007,0.00010000
kyrgyzstan,2008,0.00010000
kyrgyzstan,2009,0.00010000
kyrgyzstan,2010,0.00010000
kyrgyzstan,2011,0.00010000
kyrgyzstan,2012,0.00010000
kyrgyzstan,2013,0.00010000
kyrgyzstan,2014,0.00010000
kyrgyzstan,2015,0.00010000
kyrgyzstan,2016,0.00010000
kyrgyzstan,2017,0.00010000
kyrgyzstan,2018,0.00010000
kyrgyzstan,2019,0.00010000
kyrgyzstan,2020,0.00010000
kyrgyzstan,2021,0.00010000
kyrgyzstan,2022,0.00010000
land_locked_developing_countries,2000,0.00020000
land_locked_developing_countries,2001,0.00020000
land_locked_developing_countries,2002,0.15020
land_locked_developing_countries,2003,0.15570
land_locked_developing_countries,2004,0.16120
land_locked_developing_countries,2005,0.16670
land_locked_developing_countries,2006,0.17220
land_locked_developing_countries,2007,0.17769
land_locked_developing_countries,2008,0.18318
land_locked_developing_countries,2009,0.18867
land_locked_developing_countries,2010,0.19416
land_locked_developing_countries,2011,0.18060
land_locked_developing_countries,2012,0.16573
land_locked_developing_countries,2013,0.15086
land_locked_developing_countries,2014,0.13600
land_locked_developing_countries,2015,0.12113
land_locked_developing_countries,2016,0.10627
land_locked_developing_countries,2017,0.091400
land_locked_developing_countries,2018,0.058930
land_locked_developing_countries,2019,0.97837
land_locked_developing_countries,2020,0.098195
land_locked_developing_countries,2021,0.098195
land_locked_developing_countries,2022,0.098195
latin_america_and_the_caribbean,2000,0.45840
latin_america_and_the_caribbean,2001,0.49379
latin_america_and_the_caribbean,2002,0.52919
latin_america_and_the_caribbean,2003,0.56458
latin_america_and_the_caribbean,2004,0.59998
latin_america_and_the_caribbean,2005,0.63537
latin_america_and_the_caribbean,2006,0.67076
latin_america_and_the_caribbean,2007,0.70616
latin_america_and_the_caribbean,2008,0.75055
latin_america_and_the_caribbean,2009,0.79107
latin_america_and_the_caribbean,2010,0.90077
latin_america_and_the_caribbean,2011,1.0925
latin_america_and_the_caribbean,2012,0.91657
latin_america_and_the_caribbean,2013,0.88236
latin_america_and_the_caribbean,2014,0.84815
latin_america_and_the_caribbean,2015,0.76367
latin_america_and_the_caribbean,2016,1.0706
latin_america_and_the_caribbean,2017,1.0706
latin_america_and_the_caribbean,2018,1.0706
latin_america_and_the_caribbean,2019,1.7224
latin_america_and_the_caribbean,2020,1.7724
latin_america_and_the_caribbean,2021,1.7524
latin_america_and_the_caribbean,2022,1.8224
latvia,1994,0.011800
latvia,1995,0.011813
latvia,1996,0.011827
latvia,1997,0.011840
latvia,1998,0.011853
latvia,1999,0.011867
latvia,2000,0.011880
latvia,2001,0.011893
latvia,2002,0.011907
latvia,2003,0.011920
latvia,2004,0.011933
latvia,2005,0.011947
latvia,2006,0.011960
latvia,2007,0.011973
latvia,2008,0.011987
latvia,2009,0.012000
latvia,2010,0.010286
latvia,2011,0.0085714
latvia,2012,0.0068571
latvia,2013,0.0051429
latvia,2014,0.0034286
latvia,2015,0.0017143
latvia,2016,0.0000
latvia,2017,0.0000
latvia,2018,0.0000
latvia,2019,0.0000
latvia,2020,0.0000
latvia,2021,0.0000
latvia,2022,0.0000
least_developed_countries,2000,0.0061000
least_developed_countries,2001,0.0061000
least_developed_countries,2002,0.0061000
least_developed_countries,2003,0.0061000
least_developed_countries,2004,0.0061000
least_developed_countries,2005,0.0061000
least_developed_countries,2006,0.0061000
least_developed_countries,2007,0.0061000
least_developed_countries,2008,0.0061000
least_developed_countries,2009,0.0061000
least_developed_countries,2010,0.0061000
least_developed_countries,2011,0.0074000
least_developed_countries,2012,0.0074000
least_developed_countries,2013,0.0074000
least_developed_countries,2014,0.0074000
least_developed_countries,2015,0.0074000
least_developed_countries,2016,0.0074000
least_developed_countries,2017,0.0074000
least_developed_countries,2018,0.0074000
least_developed_countries,2019,0.0074000
least_developed_countries,2020,0.0074000
least_developed_countries,2021,0.0074000
least_developed_countries,2022,0.0074000
lebanon,1991,0.0020000
lebanon,1992,0.0020000
lebanon,1993,0.0020000
lebanon,1994,0.0020000
lebanon,1995,0.0020000
lebanon,1996,0.0020000
lebanon,1997,0.0020000
lebanon,1998,0.0020000
lebanon,1999,0.0020000
lebanon,2000,0.0020000
lebanon,2001,0.0020000
lebanon,2002,0.0020000
lebanon,2003,0.0020000
lebanon,2004,0.0020000
lebanon,2005,0.0020000
lebanon,2006,0.0020000
lebanon,2007,0.0020000
lebanon,2008,0.0020000
lebanon,2009,0.0020000
lebanon,2010,0.0020000
lebanon,2011,0.0020000
lebanon,2012,0.0020000
lebanon,2013,0.0020000
lebanon,2014,0.0020000
lebanon,2015,0.0020000
lebanon,2016,0.0020000
lebanon,2017,0.0020000
lebanon,2018,0.0020000
lebanon,2019,0.0020000
lebanon,2020,0.0020000
lebanon,2021,0.0020000
lebanon,2022,0.0020000
lithuania,1995,0.0048000
lithuania,1996,0.0048143
lithuania,1997,0.0048286
lithuania,1998,0.0048429
lithuania,1999,0.0048571
lithuania,2000,0.0048714
lithuania,2001,0.0048857
lithuania,2002,0.0049000
lithuania,2003,0.0049143
lithuania,2004,0.0049286
lithuania,2005,0.0049429
lithuania,2006,0.0049571
lithuania,2007,0.0049714
lithuania,2008,0.0049857
lithuania,2009,0.0050000
lithuania,2010,0.0041667
lithuania,2011,0.0033333
lithuania,2012,0.0025000
lithuania,2013,0.0016667
lithuania,2014,0.00083333
lithuania,2015,0.0000
lithuania,2016,0.0000
lithuania,2017,0.0000
lithuania,2018,0.0000
lithuania,2019,0.0000
lithuania,2020,0.0000
lithuania,2021,0.0000
lithuania,2022,0.0000
luxembourg,2015,0.0000
luxembourg,2016,0.0000
luxembourg,2017,0.0000
luxembourg,2018,0.0000
luxembourg,2019,0.0000
luxembourg,2020,0.0000
luxembourg,2021,0.0000
luxembourg,2022,0.0000
malta,1993,0.0020000
malta,1994,0.0021818
malta,1995,0.0023636
malta,1996,0.0025455
malta,1997,0.0027273
malta,1998,0.0029091
malta,1999,0.0030909
malta,2000,0.0032727
malta,2001,0.0034545
malta,2002,0.0036364
malta,2003,0.0038182
malta,2004,0.0040000
malta,2005,0.0037100
malta,2006,0.0034200
malta,2007,0.0031300
malta,2008,0.0028400
malta,2009,0.0025500
malta,2010,0.0022600
malta,2011,0.0019700
malta,2012,0.0016800
malta,2013,0.0013900
malta,2014,0.0011000
malta,2015,0.0010000
malta,2016,0.0010000
malta,2017,0.00060000
malta,2018,0.00070397
malta,2019,0.00095096
malta,2020,0.0014988
malta,2021,0.0014127
malta,2022,0.0015818
mauritius,2015,0.0000
mauritius,2016,0.0060000
mauritius,2017,0.0060000
mauritius,2018,0.0050000
mauritius,2019,0.0030000
mauritius,2020,0.0010000
mauritius,2021,0.0010000
mauritius,2022,0.0010000
mexico,1998,0.28000
mexico,1999,0.31400
mexico,2000,0.34800
mexico,2001,0.38200
mexico,2002,0.41600
mexico,2003,0.45000
mexico,2004,0.48400
mexico,2005,0.51800
mexico,2006,0.55200
mexico,2007,0.58600
mexico,2008,0.62000
mexico,2009,0.65400
mexico,2010,0.68800
mexico,2011,0.80400
mexico,2012,0.76467
mexico,2013,0.72533
mexico,2014,0.68600
mexico,2015,0.59640
mexico,2016,0.89820
mexico,2017,0.89820
mexico,2018,0.89820
mexico,2019,1.5500
mexico,2020,1.6000
mexico,2021,1.5800
mexico,2022,1.6500
morocco,2008,0.070000
morocco,2009,0.070000
morocco,2010,0.070000
morocco,2011,0.070000
morocco,2012,0.070000
morocco,2013,0.070000
morocco,2014,0.070000
morocco,2015,0.070000
morocco,2016,0.070000
morocco,2017,0.070000
morocco,2018,0.070000
morocco,2019,0.070000
morocco,2020,0.070000
morocco,2021,0.070000
morocco,2022,0.070000
namibia,1996,0.0058000
namibia,1997,0.0058000
namibia,1998,0.0058000
namibia,1999,0.0058000
namibia,2000,0.0058000
namibia,2001,0.0058000
namibia,2002,0.0058000
namibia,2003,0.0058000
namibia,2004,0.0058000
namibia,2005,0.0058000
namibia,2006,0.0058000
namibia,2007,0.0058000
namibia,2008,0.0058000
namibia,2009,0.0058000
namibia,2010,0.0058000
namibia,2011,0.0058000
namibia,2012,0.0058000
namibia,2013,0.0058000
namibia,2014,0.0071360
namibia,2015,0.0084720
namibia,2016,0.0098080
namibia,2017,0.011144
namibia,2018,0.012480
namibia,2019,0.013816
namibia,2020,0.015152
namibia,2021,0.019315
namibia,2022,0.019315
netherlands_kingdom_of_the,2000,0.0080000
netherlands_kingdom_of_the,2001,0.0074667
netherlands_kingdom_of_the,2002,0.0069333
netherlands_kingdom_of_the,2003,0.0064000
netherlands_kingdom_of_the,2004,0.0058667
netherlands_kingdom_of_the,2005,0.0053333
netherlands_kingdom_of_the,2006,0.0048000
netherlands_kingdom_of_the,2007,0.0042667
netherlands_kingdom_of_the,2008,0.0037333
netherlands_kingdom_of_the,2009,0.0032000
netherlands_kingdom_of_the,2010,0.0026667
netherlands_kingdom_of_the,2011,0.0021333
netherlands_kingdom_of_the,2012,0.0016000
netherlands_kingdom_of_the,2013,0.0010667
netherlands_kingdom_of_the,2014,0.00053333
netherlands_kingdom_of_the,2015,0.0000
netherlands_kingdom_of_the,2016,0.0000
netherlands_kingdom_of_the,2017,0.0000
netherlands_kingdom_of_the,2018,0.0000
netherlands_kingdom_of_the,2019,0.0000
netherlands_kingdom_of_the,2020,0.0000
netherlands_kingdom_of_the,2021,0.0000
netherlands_kingdom_of_the,2022,0.0000
nicaragua,2000,0.0011000
nicaragua,2001,0.0011000
nicaragua,2002,0.0011000
nicaragua,2003,0.0011000
nicaragua,2004,0.0011000
nicaragua,2005,0.0011000
nicaragua,2006,0.0011000
nicaragua,2007,0.0011000
nicaragua,2008,0.0011000
nicaragua,2009,0.0011000
nicaragua,2010,0.0011000
nicaragua,2011,0.0011000
nicaragua,2012,0.0011000
nicaragua,2013,0.0011000
nicaragua,2014,0.0011000
nicaragua,2015,0.0011000
nicaragua,2016,0.0011000
nicaragua,2017,0.0011000
nicaragua,2018,0.0011000
nicaragua,2019,0.0011000
nicaragua,2020,0.0011000
nicaragua,2021,0.0011000
nicaragua,2022,0.0011000
northern_africa,2000,0.71700
northern_africa,2001,0.78800
northern_africa,2002,0.86550
northern_africa,2003,0.94300
northern_africa,2004,1.0458
northern_africa,2005,1.1486
northern_africa,2006,1.2514
northern_africa,2007,1.3542
northern_africa,2008,1.4270
northern_africa,2009,1.4370
northern_africa,2010,1.4380
northern_africa,2011,1.4287
northern_africa,2012,1.4195
northern_africa,2013,1.4103
northern_africa,2014,1.4010
northern_africa,2015,1.4418
northern_africa,2016,1.3325
northern_africa,2017,1.3331
northern_africa,2018,1.3340
northern_africa,2019,1.3412
northern_africa,2020,1.3409
northern_africa,2021,1.3289
northern_africa,2022,1.3329
northern_africa_and_western_asia,2000,1.8788
northern_africa_and_western_asia,2001,1.9848
northern_africa_and_western_asia,2002,2.0946
northern_africa_and_western_asia,2003,2.2830
northern_africa_and_western_asia,2004,2.9155
northern_africa_and_western_asia,2005,3.0528
northern_africa_and_western_asia,2006,3.1988
northern_africa_and_western_asia,2007,3.3437
northern_africa_and_western_asia,2008,3.4651
northern_africa_and_western_asia,2009,3.7298
northern_africa_and_western_asia,2010,3.9854
northern_africa_and_western_asia,2011,3.6508
northern_africa_and_western_asia,2012,3.3212
northern_africa_and_western_asia,2013,3.3429
northern_africa_and_western_asia,2014,3.4555
northern_africa_and_western_asia,2015,3.5023
northern_africa_and_western_asia,2016,3.4526
northern_africa_and_western_asia,2017,3.7412
northern_africa_and_western_asia,2018,3.8076
northern_africa_and_western_asia,2019,3.9040
northern_africa_and_western_asia,2020,3.9342
northern_africa_and_western_asia,2021,3.9396
northern_africa_and_western_asia,2022,3.9747
northern_america,2000,2.0664
northern_america,2001,2.2057
northern_america,2002,2.3450
northern_america,2003,2.4165
northern_america,2004,2.4880
northern_america,2005,2.5595
northern_america,2006,2.6310
northern_america,2007,2.7025
northern_america,2008,2.7740
northern_america,2009,2.7740
northern_america,2010,2.7740
northern_america,2011,2.7740
northern_america,2012,2.7740
northern_america,2013,2.7740
northern_america,2014,2.7740
northern_america,2015,2.7740
northern_america,2016,2.7740
northern_america,2017,2.7740
northern_america,2018,2.7740
northern_america,2019,2.7740
northern_america,2020,2.7740
northern_america,2021,2.7740
northern_america,2022,2.7740
oceania,2000,0.15800
oceania,2001,0.16600
oceania,2002,0.17467
oceania,2003,0.18333
oceania,2004,0.19200
oceania,2005,0.20067
oceania,2006,0.20933
oceania,2007,0.21800
oceania,2008,0.34800
oceania,2009,0.36050
oceania,2010,0.37300
oceania,2011,0.38867
oceania,2012,0.40433
oceania,2013,0.42000
oceania,2014,0.29500
oceania,2015,0.17000
oceania,2016,0.16000
oceania,2017,0.14000
oceania,2018,0.14000
oceania,2019,0.14000
oceania,2020,0.14000
oceania,2021,0.14000
oceania,2022,0.14000
oman,1991,0.026000
oman,1992,0.027591
oman,1993,0.029182
oman,1994,0.030773
oman,1995,0.032364
oman,1996,0.033955
oman,1997,0.035545
oman,1998,0.037136
oman,1999,0.038727
oman,2000,0.040318
oman,2001,0.041909
oman,2002,0.043500
oman,2003,0.045091
oman,2004,0.046682
oman,2005,0.048273
oman,2006,0.049864
oman,2007,0.051455
oman,2008,0.053045
oman,2009,0.054636
oman,2010,0.056227
oman,2011,0.057818
oman,2012,0.059409
oman,2013,0.061000
oman,2014,0.061000
oman,2015,0.061000
oman,2016,0.061000
oman,2017,0.061000
oman,2018,0.061000
oman,2019,0.061000
oman,2020,0.061000
oman,2021,0.061000
oman,2022,0.061000
palestine,1998,0.010000
palestine,1999,0.0095167
palestine,2000,0.0090333
palestine,2001,0.0085500
palestine,2002,0.0080667
palestine,2003,0.0075833
palestine,2004,0.0071000
palestine,2005,0.0066167
palestine,2006,0.0061333
palestine,2007,0.0056500
palestine,2008,0.0051667
palestine,2009,0.0046833
palestine,2010,0.0042000
palestine,2011,0.0037167
palestine,2012,0.0032333
palestine,2013,0.0027500
palestine,2014,0.0022667
palestine,2015,0.0017833
palestine,2016,0.0013000
palestine,2017,0.013000
palestine,2018,0.013000
palestine,2019,0.013000
palestine,2020,0.023360
palestine,2021,0.023300
palestine,2022,0.025100
peru,2000,0.018600
peru,2001,0.019967
peru,2002,0.021333
peru,2003,0.022700
peru,2004,0.024067
peru,2005,0.025433
peru,2006,0.026800
peru,2007,0.028167
peru,2008,0.029533
peru,2009,0.030900
peru,2010,0.10145
peru,2011,0.17200
peru,2012,0.030300
peru,2013,0.030300
peru,2014,0.030300
peru,2015,0.030300
peru,2016,0.030300
peru,2017,0.030300
peru,2018,0.030300
peru,2019,0.030300
peru,2020,0.030300
peru,2021,0.030300
peru,2022,0.030300
poland,2000,0.0030000
poland,2001,0.0030000
poland,2002,0.0030000
poland,2003,0.0030000
poland,2004,0.0030000
poland,2005,0.0030000
poland,2006,0.0030000
poland,2007,0.0030000
poland,2008,0.0030000
poland,2009,0.0030000
poland,2010,0.0030000
poland,2011,0.0030000
poland,2012,0.0030000
poland,2013,0.0030000
poland,2014,0.0030000
poland,2015,0.0030000
poland,2016,0.0030000
poland,2017,0.0030000
poland,2018,0.0030000
poland,2019,0.0030000
poland,2020,0.0030000
poland,2021,0.0030000
poland,2022,0.0030000
portugal,2000,0.0030000
portugal,2001,0.0030000
portugal,2002,0.0030000
portugal,2003,0.0030000
portugal,2004,0.0030000
portugal,2005,0.0030000
portugal,2006,0.0030000
portugal,2007,0.0030000
portugal,2008,0.0030000
portugal,2009,0.0030000
portugal,2010,0.0030000
portugal,2011,0.0030000
portugal,2012,0.0030000
portugal,2013,0.0030000
portugal,2014,0.0030000
portugal,2015,0.0030000
portugal,2016,0.0030000
portugal,2017,0.0030000
portugal,2018,0.0030000
portugal,2019,0.0030000
portugal,2020,0.0030000
portugal,2021,0.0030000
portugal,2022,0.0030000
qatar,1994,0.025200
qatar,1995,0.026167
qatar,1996,0.027133
qatar,1997,0.028100
qatar,1998,0.029067
qatar,1999,0.030033
qatar,2000,0.031000
qatar,2001,0.033400
qatar,2002,0.035800
qatar,2003,0.038200
qatar,2004,0.040600
qatar,2005,0.043000
qatar,2006,0.045000
qatar,2007,0.047000
qatar,2008,0.052483
qatar,2009,0.057967
qatar,2010,0.063450
qatar,2011,0.068933
qatar,2012,0.074417
qatar,2013,0.079900
qatar,2014,0.094000
qatar,2015,0.097500
qatar,2016,0.10420
qatar,2017,0.13340
qatar,2018,0.15088
qatar,2019,0.16270
qatar,2020,0.16270
qatar,2021,0.17552
qatar,2022,0.18502
republic_of_korea,2003,0.15700
republic_of_korea,2004,0.22845
republic_of_korea,2005,0.29989
republic_of_korea,2006,0.37134
republic_of_korea,2007,0.44278
republic_of_korea,2008,0.51423
republic_of_korea,2009,0.58567
republic_of_korea,2010,0.65712
republic_of_korea,2011,0.72856
republic_of_korea,2012,0.80001
republic_of_korea,2013,0.87145
republic_of_korea,2014,0.94290
republic_of_korea,2015,1.0280
republic_of_korea,2016,1.1180
republic_of_korea,2017,1.1180
republic_of_korea,2018,1.1180
republic_of_korea,2019,1.1180
republic_of_korea,2020,1.1180
republic_of_korea,2021,1.1180
republic_of_korea,2022,1.1180
republic_of_moldova,2017,0.0000
republic_of_moldova,2018,0.0000
republic_of_moldova,2019,0.0000
republic_of_moldova,2020,0.0000
republic_of_moldova,2021,0.0000
republic_of_moldova,2022,0.0000
rwanda,2021,0.0000
rwanda,2022,0.0000
saudi_arabia,1992,0.21700
saudi_arabia,1993,0.24556
saudi_arabia,1994,0.27413
saudi_arabia,1995,0.30269
saudi_arabia,1996,0.33125
saudi_arabia,1997,0.35981
saudi_arabia,1998,0.38838
saudi_arabia,1999,0.41694
saudi_arabia,2000,0.44550
saudi_arabia,2001,0.47406
saudi_arabia,2002,0.50262
saudi_arabia,2003,0.53119
saudi_arabia,2004,0.55975
saudi_arabia,2005,0.58831
saudi_arabia,2006,0.61687
saudi_arabia,2007,0.64544
saudi_arabia,2008,0.67400
saudi_arabia,2009,0.83850
saudi_arabia,2010,1.0030
saudi_arabia,2011,0.59850
saudi_arabia,2012,0.19400
saudi_arabia,2013,0.18300
saudi_arabia,2014,0.25600
saudi_arabia,2015,0.22900
saudi_arabia,2016,0.21600
saudi_arabia,2017,0.25400
saudi_arabia,2018,0.30000
saudi_arabia,2019,0.30000
saudi_arabia,2020,0.30000
saudi_arabia,2021,0.30000
saudi_arabia,2022,0.30000
seychelles,2003,0.0000060000
seychelles,2004,0.0000060000
seychelles,2005,0.0000060000
seychelles,2006,0.0000060000
seychelles,2007,0.0000060000
seychelles,2008,0.0000060000
seychelles,2009,0.0000060000
seychelles,2010,0.0000060000
seychelles,2011,0.0000060000
seychelles,2012,0.0000060000
seychelles,2013,0.0000060000
seychelles,2014,0.0000060000
seychelles,2015,0.0000060000
seychelles,2016,0.0000060000
seychelles,2017,0.0000060000
seychelles,2018,0.0000060000
seychelles,2019,0.0000060000
seychelles,2020,0.0000060000
seychelles,2021,0.0000060000
seychelles,2022,0.0000060000
singapore,2002,0.026000
singapore,2003,0.026400
singapore,2004,0.026800
singapore,2005,0.048533
singapore,2006,0.070267
singapore,2007,0.092000
singapore,2008,0.11000
singapore,2009,0.13800
singapore,2010,0.16600
singapore,2011,0.19400
singapore,2012,0.19400
singapore,2013,0.19400
singapore,2014,0.17190
singapore,2015,0.14980
singapore,2016,0.14760
singapore,2017,0.16010
singapore,2018,0.16110
singapore,2019,0.16340
singapore,2020,0.15410
singapore,2021,0.15410
singapore,2022,0.15410
small_island_developing_states,2000,0.0000
small_island_developing_states,2001,0.0000
small_island_developing_states,2002,0.026000
small_island_developing_states,2003,0.026406
small_island_developing_states,2004,0.026806
small_island_developing_states,2005,0.048539
small_island_developing_states,2006,0.070273
small_island_developing_states,2007,0.092006
small_island_developing_states,2008,0.11001
small_island_developing_states,2009,0.13801
small_island_developing_states,2010,0.16601
small_island_developing_states,2011,0.19401
small_island_developing_states,2012,0.19401
small_island_developing_states,2013,0.19401
small_island_developing_states,2014,0.17191
small_island_developing_states,2015,0.14981
small_island_developing_states,2016,0.15361
small_island_developing_states,2017,0.16611
small_island_developing_states,2018,0.16611
small_island_developing_states,2019,0.16947
small_island_developing_states,2020,0.16254
small_island_developing_states,2021,0.16701
small_island_developing_states,2022,0.17069
south_africa,2000,0.041000
south_africa,2001,0.21533
south_africa,2002,0.38967
south_africa,2003,0.56400
south_africa,2004,0.73833
south_africa,2005,0.91267
south_africa,2006,1.0870
south_africa,2007,1.2613
south_africa,2008,1.4357
south_africa,2009,1.6100
south_africa,2010,1.6100
south_africa,2011,1.6100
south_africa,2012,1.6100
south_africa,2013,1.6100
south_africa,2014,1.6100
south_africa,2015,1.6100
south_africa,2016,1.6100
south_africa,2017,1.6100
south_africa,2018,1.6100
south_africa,2019,1.6100
south_africa,2020,1.6100
south_africa,2021,1.6100
south_africa,2022,1.6100
south_eastern_asia,2002,0.026000
south_eastern_asia,2003,0.20140
south_eastern_asia,2004,0.20180
south_eastern_asia,2005,0.22353
south_eastern_asia,2006,0.24527
south_eastern_asia,2007,0.26700
south_eastern_asia,2008,0.28500
south_eastern_asia,2009,0.31300
south_eastern_asia,2010,0.34100
south_eastern_asia,2011,0.36900
south_eastern_asia,2012,0.36900
south_eastern_asia,2013,0.36900
south_eastern_asia,2014,0.34690
south_eastern_asia,2015,0.32480
south_eastern_asia,2016,0.32260
south_eastern_asia,2017,0.33510
south_eastern_asia,2018,0.33610
south_eastern_asia,2019,0.33840
south_eastern_asia,2020,0.32910
south_eastern_asia,2021,0.32910
south_eastern_asia,2022,0.32910
spain,2000,0.26800
spain,2001,0.30500
spain,2002,0.33100
spain,2003,0.36300
spain,2004,0.39300
spain,2005,0.45700
spain,2006,0.49600
spain,2007,0.50025
spain,2008,0.50450
spain,2009,0.50875
spain,2010,0.51300
spain,2011,0.51725
spain,2012,0.52150
spain,2013,0.52575
spain,2014,0.53000
spain,2015,0.51100
spain,2016,0.59200
spain,2017,0.52600
spain,2018,0.52600
spain,2019,0.52850
spain,2020,0.53100
spain,2021,0.53100
spain,2022,0.53100
sub_saharan_africa,2000,0.046900
sub_saharan_africa,2001,0.22123
sub_saharan_africa,2002,0.39557
sub_saharan_africa,2003,0.56991
sub_saharan_africa,2004,0.74424
sub_saharan_africa,2005,0.91857
sub_saharan_africa,2006,1.0929
sub_saharan_africa,2007,1.2672
sub_saharan_africa,2008,1.4416
sub_saharan_africa,2009,1.6159
sub_saharan_africa,2010,1.6159
sub_saharan_africa,2011,1.6172
sub_saharan_africa,2012,1.6172
sub_saharan_africa,2013,1.6172
sub_saharan_africa,2014,1.6185
sub_saharan_africa,2015,1.6199
sub_saharan_africa,2016,1.6272
sub_saharan_africa,2017,1.6285
sub_saharan_africa,2018,1.6364
sub_saharan_africa,2019,1.6383
sub_saharan_africa,2020,1.6418
sub_saharan_africa,2021,1.6504
sub_saharan_africa,2022,1.6541
switzerland,2019,0.0000
switzerland,2020,0.0000
switzerland,2021,0.0000
switzerland,2022,0.0000
syrian_arab_republic,2004,0.37000
syrian_arab_republic,2005,0.37000
syrian_arab_republic,2006,0.37000
syrian_arab_republic,2007,0.37000
syrian_arab_republic,2008,0.37000
syrian_arab_republic,2009,0.41500
syrian_arab_republic,2010,0.46000
syrian_arab_republic,2011,0.50500
syrian_arab_republic,2012,0.55000
syrian_arab_republic,2013,0.55000
syrian_arab_republic,2014,0.55000
syrian_arab_republic,2015,0.55000
syrian_arab_republic,2016,0.55000
syrian_arab_republic,2017,0.55000
syrian_arab_republic,2018,0.55000
syrian_arab_republic,2019,0.55000
syrian_arab_republic,2020,0.55000
syrian_arab_republic,2021,0.55000
syrian_arab_republic,2022,0.55000
tajikistan,2006,0.0000
tajikistan,2007,0.0000
tajikistan,2008,0.0000
tajikistan,2009,0.0000
tajikistan,2010,0.0000
tajikistan,2011,0.0000
tajikistan,2012,0.0000
tajikistan,2013,0.0000
tajikistan,2014,0.0000
tajikistan,2015,0.0000
tajikistan,2016,0.0000
tajikistan,2017,0.0000
tajikistan,2018,0.0000
tajikistan,2019,0.0000
tajikistan,2020,0.0000
tajikistan,2021,0.0000
tajikistan,2022,0.0000
tunisia,2000,0.027000
tunisia,2001,0.028000
tunisia,2002,0.035500
tunisia,2003,0.043000
tunisia,2004,0.045800
tunisia,2005,0.048600
tunisia,2006,0.051400
tunisia,2007,0.054200
tunisia,2008,0.057000
tunisia,2009,0.067000
tunisia,2010,0.068000
tunisia,2011,0.058750
tunisia,2012,0.049500
tunisia,2013,0.040250
tunisia,2014,0.031000
tunisia,2015,0.021750
tunisia,2016,0.012500
tunisia,2017,0.013100
tunisia,2018,0.014000
tunisia,2019,0.021200
tunisia,2020,0.020880
tunisia,2021,0.020880
tunisia,2022,0.020880
turkiye,2004,0.049000
turkiye,2005,0.047000
turkiye,2006,0.045000
turkiye,2007,0.043000
turkiye,2008,0.041000
turkiye,2009,0.039000
turkiye,2010,0.037000
turkiye,2011,0.035000
turkiye,2012,0.033000
turkiye,2013,0.031000
turkiye,2014,0.029000
turkiye,2015,0.027000
turkiye,2016,0.025000
turkiye,2017,0.035195
turkiye,2018,0.045390
turkiye,2019,0.057195
turkiye,2020,0.069000
turkiye,2021,0.070500
turkiye,2022,0.072000
ukraine,2017,0.0030000
ukraine,2018,0.0030000
ukraine,2019,0.0030000
ukraine,2020,0.27300
ukraine,2021,0.016000
ukraine,2022,0.013000
united_arab_emirates,2000,0.18530
united_arab_emirates,2001,0.19784
united_arab_emirates,2002,0.21038
united_arab_emirates,2003,0.22292
united_arab_emirates,2004,0.23546
united_arab_emirates,2005,0.24800
united_arab_emirates,2006,0.27098
united_arab_emirates,2007,0.29397
united_arab_emirates,2008,0.31695
united_arab_emirates,2009,0.33993
united_arab_emirates,2010,0.36292
united_arab_emirates,2011,0.38590
united_arab_emirates,2012,0.40888
united_arab_emirates,2013,0.43187
united_arab_emirates,2014,0.45485
united_arab_emirates,2015,0.47784
united_arab_emirates,2016,0.50082
united_arab_emirates,2017,0.54919
united_arab_emirates,2018,0.54294
united_arab_emirates,2019,0.56700
united_arab_emirates,2020,0.56400
united_arab_emirates,2021,0.56100
united_arab_emirates,2022,0.57439
united_kingdom_of_great_britain_and_northern_ireland,2008,0.16400
united_kingdom_of_great_britain_and_northern_ireland,2009,0.16400
united_kingdom_of_great_britain_and_northern_ireland,2010,0.16400
united_kingdom_of_great_britain_and_northern_ireland,2011,0.16400
united_kingdom_of_great_britain_and_northern_ireland,2012,0.16400
united_kingdom_of_great_britain_and_northern_ireland,2013,0.16400
united_kingdom_of_great_britain_and_northern_ireland,2014,0.16400
united_kingdom_of_great_britain_and_northern_ireland,2015,0.16400
united_kingdom_of_great_britain_and_northern_ireland,2016,0.16400
united_kingdom_of_great_britain_and_northern_ireland,2017,0.16400
united_kingdom_of_great_britain_and_northern_ireland,2018,0.16400
united_kingdom_of_great_britain_and_northern_ireland,2019,0.16400
united_kingdom_of_great_britain_and_northern_ireland,2020,0.16400
united_kingdom_of_great_britain_and_northern_ireland,2021,0.16400
united_kingdom_of_great_britain_and_northern_ireland,2022,0.16400
united_states_of_america,1990,1.2840
united_states_of_america,1991,1.3012
united_states_of_america,1992,1.3184
united_states_of_america,1993,1.3356
united_states_of_america,1994,1.3528
united_states_of_america,1995,1.3700
united_states_of_america,1996,1.5093
united_states_of_america,1997,1.6486
united_states_of_america,1998,1.7879
united_states_of_america,1999,1.9271
united_states_of_america,2000,2.0664
united_states_of_america,2001,2.2057
united_states_of_america,2002,2.3450
united_states_of_america,2003,2.4165
united_states_of_america,2004,2.4880
united_states_of_america,2005,2.5595
united_states_of_america,2006,2.6310
united_states_of_america,2007,2.7025
united_states_of_america,2008,2.7740
united_states_of_america,2009,2.7740
united_states_of_america,2010,2.7740
united_states_of_america,2011,2.7740
united_states_of_america,2012,2.7740
united_states_of_america,2013,2.7740
united_states_of_america,2014,2.7740
united_states_of_america,2015,2.7740
united_states_of_america,2016,2.7740
united_states_of_america,2017,2.7740
united_states_of_america,2018,2.7740
united_states_of_america,2019,2.7740
united_states_of_america,2020,2.7740
united_states_of_america,2021,2.7740
united_states_of_america,2022,2.7740
uzbekistan,2019,0.90000
uzbekistan,2020,0.0000
uzbekistan,2021,0.0000
uzbekistan,2022,0.0000
viet_nam,2003,0.17500
viet_nam,2004,0.17500
viet_nam,2005,0.17500
viet_nam,2006,0.17500
viet_nam,2007,0.17500
viet_nam,2008,0.17500
viet_nam,2009,0.17500
viet_nam,2010,0.17500
viet_nam,2011,0.17500
viet_nam,2012,0.17500
viet_nam,2013,0.17500
viet_nam,2014,0.17500
viet_nam,2015,0.17500
viet_nam,2016,0.17500
viet_nam,2017,0.17500
viet_nam,2018,0.17500
viet_nam,2019,0.17500
viet_nam,2020,0.17500
viet_nam,2021,0.17500
viet_nam,2022,0.17500
western_asia,2000,1.1618
western_asia,2001,1.1968
western_asia,2002,1.2291
western_asia,2003,1.3400
western_asia,2004,1.8697
western_asia,2005,1.9042
western_asia,2006,1.9474
western_asia,2007,1.9895
western_asia,2008,2.0381
western_asia,2009,2.2928
western_asia,2010,2.5474
western_asia,2011,2.2221
western_asia,2012,1.9017
western_asia,2013,1.9326
western_asia,2014,2.0545
western_asia,2015,2.0605
western_asia,2016,2.1201
western_asia,2017,2.4081
western_asia,2018,2.4736
western_asia,2019,2.5628
western_asia,2020,2.5934
western_asia,2021,2.6107
western_asia,2022,2.6419
world,2000,5.3320
world,2001,5.7913
world,2002,6.4515
world,2003,7.2714
world,2004,8.6808
world,2005,9.2859
world,2006,9.8696
world,2007,10.419
world,2008,12.895
world,2009,14.362
world,2010,15.713
world,2011,15.753
world,2012,15.401
world,2013,15.791
world,2014,15.782
world,2015,15.646
world,2016,16.053
world,2017,16.257
world,2018,16.293
world,2019,17.968
world,2020,17.435
world,2021,17.172
world,2022,17.285
yemen,2000,0.0060000
yemen,2001,0.0060000
yemen,2002,0.0060000
yemen,2003,0.0060000
yemen,2004,0.0060000
yemen,2005,0.0060000
yemen,2006,0.0060000
yemen,2007,0.0060000
yemen,2008,0.0060000
yemen,2009,0.0060000
yemen,2010,0.0060000
yemen,2011,0.0060000
yemen,2012,0.0060000
yemen,2013,0.0060000
yemen,2014,0.0060000
yemen,2015,0.0060000
yemen,2016,0.0060000
yemen,2017,0.0060000
yemen,2018,0.0060000
yemen,2019,0.0060000
yemen,2020,0.0060000
yemen,2021,0.0060000
yemen,2022,0.0060000
zimbabwe,2018,0.0075300
zimbabwe,2019,0.0069730
zimbabwe,2020,0.0067947
zimbabwe,2021,0.0067947
zimbabwe,2022,0.0067947
