area,year,harvested_irrigated_temporary_crop_area_maize
afghanistan,2011,183.00
afghanistan,2012,183.00
afghanistan,2013,183.00
afghanistan,2014,183.00
afghanistan,2015,183.00
afghanistan,2016,183.00
afghanistan,2017,183.00
afghanistan,2018,183.00
afghanistan,2019,183.00
afghanistan,2020,183.00
afghanistan,2021,183.00
afghanistan,2022,183.00
albania,2006,28.500
albania,2007,28.500
albania,2008,28.500
albania,2009,28.500
albania,2010,28.500
albania,2011,28.500
albania,2012,28.500
albania,2013,28.500
albania,2014,28.500
albania,2015,28.500
albania,2016,28.500
albania,2017,28.500
albania,2018,28.500
albania,2019,28.500
albania,2020,28.500
albania,2021,28.500
albania,2022,28.500
angola,2005,4.7990
angola,2006,4.7990
angola,2007,4.7990
angola,2008,4.7990
angola,2009,4.7990
angola,2010,4.7990
angola,2011,4.7990
angola,2012,4.7990
angola,2013,4.7990
angola,2014,4.7990
angola,2015,4.7990
angola,2016,4.7990
angola,2017,4.7990
angola,2018,4.7990
angola,2019,4.7990
angola,2020,4.7990
angola,2021,4.7990
angola,2022,4.7990
argentina,1997,171.20
argentina,1998,173.64
argentina,1999,176.07
argentina,2000,178.51
argentina,2001,180.95
argentina,2002,183.38
argentina,2003,185.82
argentina,2004,188.25
argentina,2005,190.69
argentina,2006,193.13
argentina,2007,195.56
argentina,2008,198.00
argentina,2009,198.00
argentina,2010,198.00
argentina,2011,198.00
argentina,2012,198.00
argentina,2013,198.00
argentina,2014,198.00
argentina,2015,198.00
argentina,2016,198.00
argentina,2017,198.00
argentina,2018,198.00
argentina,2019,198.00
argentina,2020,198.00
argentina,2021,198.00
argentina,2022,198.00
armenia,1995,0.90000
armenia,1996,1.1000
armenia,1997,1.3000
armenia,1998,1.5000
armenia,1999,1.7000
armenia,2000,1.9000
armenia,2001,2.1000
armenia,2002,2.3000
armenia,2003,2.5000
armenia,2004,2.7000
armenia,2005,2.9000
armenia,2006,3.1000
armenia,2007,3.1000
armenia,2008,3.1000
armenia,2009,3.1000
armenia,2010,3.1000
armenia,2011,3.1000
armenia,2012,3.1000
armenia,2013,3.1000
armenia,2014,3.1000
armenia,2015,3.1000
armenia,2016,3.1000
armenia,2017,3.1000
armenia,2018,3.1000
armenia,2019,3.1000
armenia,2020,3.1000
armenia,2021,3.1000
armenia,2022,3.1000
austria,1995,7.2600
austria,1996,7.5725
austria,1997,7.8850
austria,1998,8.1975
austria,1999,8.5100
austria,2000,8.8225
austria,2001,9.1350
austria,2002,9.4475
austria,2003,9.7600
austria,2004,9.2880
austria,2005,8.8160
austria,2006,8.3440
austria,2007,7.8720
austria,2008,7.4000
austria,2009,7.4000
austria,2010,7.4000
austria,2011,7.4000
austria,2012,7.4000
austria,2013,7.4000
austria,2014,7.4000
austria,2015,7.4000
austria,2016,7.4000
austria,2017,7.4000
austria,2018,7.4000
austria,2019,7.4000
austria,2020,7.4000
austria,2021,7.4000
austria,2022,7.4000
azerbaijan,1995,6.7680
azerbaijan,1996,9.7038
azerbaijan,1997,12.640
azerbaijan,1998,15.575
azerbaijan,1999,18.511
azerbaijan,2000,21.447
azerbaijan,2001,24.383
azerbaijan,2002,27.318
azerbaijan,2003,30.254
azerbaijan,2004,33.190
azerbaijan,2005,33.190
azerbaijan,2006,33.190
azerbaijan,2007,33.190
azerbaijan,2008,33.190
azerbaijan,2009,33.190
azerbaijan,2010,33.190
azerbaijan,2011,33.190
azerbaijan,2012,33.190
azerbaijan,2013,33.190
azerbaijan,2014,33.190
azerbaijan,2015,33.190
azerbaijan,2016,33.190
azerbaijan,2017,33.190
azerbaijan,2018,33.190
azerbaijan,2019,33.190
azerbaijan,2020,33.190
azerbaijan,2021,33.190
azerbaijan,2022,33.190
bangladesh,2008,90.000
bangladesh,2009,90.000
bangladesh,2010,90.000
bangladesh,2011,90.000
bangladesh,2012,90.000
bangladesh,2013,90.000
bangladesh,2014,90.000
bangladesh,2015,90.000
bangladesh,2016,90.000
bangladesh,2017,90.000
bangladesh,2018,90.000
bangladesh,2019,90.000
bangladesh,2020,90.000
bangladesh,2021,90.000
bangladesh,2022,90.000
belgium,2003,0.36000
belgium,2004,0.36000
belgium,2005,0.36000
belgium,2006,0.36000
belgium,2007,0.36000
belgium,2008,0.36000
belgium,2009,0.36000
belgium,2010,0.36000
belgium,2011,0.36000
belgium,2012,0.36000
belgium,2013,0.36000
belgium,2014,0.36000
belgium,2015,0.36000
belgium,2016,0.36000
belgium,2017,0.36000
belgium,2018,0.36000
belgium,2019,0.36000
belgium,2020,0.36000
belgium,2021,0.36000
belgium,2022,0.36000
bolivia_plurinational_state_of,2008,57.570
bolivia_plurinational_state_of,2009,57.570
bolivia_plurinational_state_of,2010,57.570
bolivia_plurinational_state_of,2011,57.570
bolivia_plurinational_state_of,2012,57.570
bolivia_plurinational_state_of,2013,57.570
bolivia_plurinational_state_of,2014,57.570
bolivia_plurinational_state_of,2015,57.570
bolivia_plurinational_state_of,2016,57.570
bolivia_plurinational_state_of,2017,57.570
bolivia_plurinational_state_of,2018,57.570
bolivia_plurinational_state_of,2019,57.570
bolivia_plurinational_state_of,2020,57.570
bolivia_plurinational_state_of,2021,57.570
bolivia_plurinational_state_of,2022,57.570
botswana,1991,0.35000
botswana,1992,0.35000
botswana,1993,0.35000
botswana,1994,0.35000
botswana,1995,0.35000
botswana,1996,0.35000
botswana,1997,0.35000
botswana,1998,0.35000
botswana,1999,0.35000
botswana,2000,0.35000
botswana,2001,0.35000
botswana,2002,0.35000
botswana,2003,0.35000
botswana,2004,0.35000
botswana,2005,0.35000
botswana,2006,0.35000
botswana,2007,0.35000
botswana,2008,0.35000
botswana,2009,0.35000
botswana,2010,0.35000
botswana,2011,0.35000
botswana,2012,0.35000
botswana,2013,0.35000
botswana,2014,0.35000
botswana,2015,0.35000
botswana,2016,0.35000
botswana,2017,0.35000
botswana,2018,0.35000
botswana,2019,0.35000
botswana,2020,0.35000
botswana,2021,0.35000
botswana,2022,0.35000
brazil,2006,559.00
brazil,2007,559.00
brazil,2008,559.00
brazil,2009,559.00
brazil,2010,559.00
brazil,2011,559.00
brazil,2012,559.00
brazil,2013,559.00
brazil,2014,559.00
brazil,2015,559.00
brazil,2016,559.00
brazil,2017,559.00
brazil,2018,559.00
brazil,2019,559.00
brazil,2020,559.00
brazil,2021,559.00
brazil,2022,559.00
bulgaria,2003,19.890
bulgaria,2004,19.312
bulgaria,2005,18.734
bulgaria,2006,18.156
bulgaria,2007,17.578
bulgaria,2008,17.000
bulgaria,2009,17.000
bulgaria,2010,17.000
bulgaria,2011,17.000
bulgaria,2012,17.000
bulgaria,2013,17.000
bulgaria,2014,17.000
bulgaria,2015,17.000
bulgaria,2016,17.000
bulgaria,2017,17.000
bulgaria,2018,17.000
bulgaria,2019,17.000
bulgaria,2020,17.000
bulgaria,2021,17.000
bulgaria,2022,17.000
burkina_faso,2002,0.56600
burkina_faso,2003,0.80644
burkina_faso,2004,1.0469
burkina_faso,2005,1.2873
burkina_faso,2006,1.5278
burkina_faso,2007,1.7682
burkina_faso,2008,2.0087
burkina_faso,2009,2.2491
burkina_faso,2010,2.4896
burkina_faso,2011,2.7300
burkina_faso,2012,2.7300
burkina_faso,2013,2.7300
burkina_faso,2014,2.7300
burkina_faso,2015,2.7300
burkina_faso,2016,2.7300
burkina_faso,2017,2.7300
burkina_faso,2018,2.7300
burkina_faso,2019,2.7300
burkina_faso,2020,2.7300
burkina_faso,2021,2.7300
burkina_faso,2022,2.7300
cabo_verde,1985,0.10000
cabo_verde,1986,0.10000
cabo_verde,1987,0.10000
cabo_verde,1988,0.10000
cabo_verde,1989,0.10000
cabo_verde,1990,0.10000
cabo_verde,1991,0.10000
cabo_verde,1992,0.10000
cabo_verde,1993,0.10000
cabo_verde,1994,0.10000
cabo_verde,1995,0.10000
cabo_verde,1996,0.10000
cabo_verde,1997,0.10000
cabo_verde,1998,0.10000
cabo_verde,1999,0.10000
cabo_verde,2000,0.10000
cabo_verde,2001,0.10000
cabo_verde,2002,0.10000
cabo_verde,2003,0.10000
cabo_verde,2004,0.10000
cabo_verde,2005,0.10000
cabo_verde,2006,0.10000
cabo_verde,2007,0.10000
cabo_verde,2008,0.10000
cabo_verde,2009,0.10000
cabo_verde,2010,0.10000
cabo_verde,2011,0.10000
cabo_verde,2012,0.10000
cabo_verde,2013,0.10000
cabo_verde,2014,0.10000
cabo_verde,2015,0.10000
cabo_verde,2016,0.10000
cabo_verde,2017,0.10000
cabo_verde,2018,0.10000
cabo_verde,2019,0.10000
cabo_verde,2020,0.10000
cabo_verde,2021,0.10000
cabo_verde,2022,0.10000
cameroon,2000,7.5460
cameroon,2001,7.5460
cameroon,2002,7.5460
cameroon,2003,7.5460
cameroon,2004,7.5460
cameroon,2005,7.5460
cameroon,2006,7.5460
cameroon,2007,7.5460
cameroon,2008,7.5460
cameroon,2009,7.5460
cameroon,2010,7.5460
cameroon,2011,7.5460
cameroon,2012,7.5460
cameroon,2013,7.5460
cameroon,2014,7.5460
cameroon,2015,7.5460
cameroon,2016,7.5460
cameroon,2017,7.5460
cameroon,2018,7.5460
cameroon,2019,7.5460
cameroon,2020,7.5460
cameroon,2021,7.5460
cameroon,2022,7.5460
chad,2002,6.0000
chad,2003,6.0000
chad,2004,6.0000
chad,2005,6.0000
chad,2006,6.0000
chad,2007,6.0000
chad,2008,6.0000
chad,2009,6.0000
chad,2010,6.0000
chad,2011,6.0000
chad,2012,6.0000
chad,2013,6.0000
chad,2014,6.0000
chad,2015,6.0000
chad,2016,6.0000
chad,2017,6.0000
chad,2018,6.0000
chad,2019,6.0000
chad,2020,6.0000
chad,2021,6.0000
chad,2022,6.0000
chile,1996,83.670
chile,1997,85.255
chile,1998,86.839
chile,1999,88.424
chile,2000,90.008
chile,2001,91.593
chile,2002,93.177
chile,2003,94.762
chile,2004,96.346
chile,2005,97.931
chile,2006,99.515
chile,2007,101.10
chile,2008,101.10
chile,2009,101.10
chile,2010,101.10
chile,2011,101.10
chile,2012,101.10
chile,2013,101.10
chile,2014,101.10
chile,2015,101.10
chile,2016,101.10
chile,2017,101.10
chile,2018,101.10
chile,2019,101.10
chile,2020,101.10
chile,2021,101.10
chile,2022,101.10
china,2006,12949
china,2007,12949
china,2008,12949
china,2009,12949
china,2010,12949
china,2011,12949
china,2012,12949
china,2013,12949
china,2014,12949
china,2015,12949
china,2016,12949
china,2017,12949
china,2018,12949
china,2019,12949
china,2020,12949
china,2021,12949
china,2022,12949
costa_rica,2013,0.046000
costa_rica,2014,0.046000
costa_rica,2015,0.046000
costa_rica,2016,0.046000
costa_rica,2017,0.046000
costa_rica,2018,0.046000
costa_rica,2019,0.046000
costa_rica,2020,0.046000
costa_rica,2021,0.046000
costa_rica,2022,0.046000
croatia,2010,1.5700
croatia,2011,1.5700
croatia,2012,1.5700
croatia,2013,1.5700
croatia,2014,1.5700
croatia,2015,1.5700
croatia,2016,1.5700
croatia,2017,1.5700
croatia,2018,1.5700
croatia,2019,1.5700
croatia,2020,1.5700
croatia,2021,1.5700
croatia,2022,1.5700
cuba,2007,10.100
cuba,2008,11.720
cuba,2009,13.340
cuba,2010,14.960
cuba,2011,16.580
cuba,2012,18.200
cuba,2013,18.200
cuba,2014,18.200
cuba,2015,18.200
cuba,2016,18.200
cuba,2017,18.200
cuba,2018,18.200
cuba,2019,18.200
cuba,2020,18.200
cuba,2021,18.200
cuba,2022,18.200
cyprus,2003,0.020000
cyprus,2004,0.020000
cyprus,2005,0.020000
cyprus,2006,0.020000
cyprus,2007,0.020000
cyprus,2008,0.020000
cyprus,2009,0.020000
cyprus,2010,0.020000
cyprus,2011,0.020000
cyprus,2012,0.020000
cyprus,2013,0.020000
cyprus,2014,0.020000
cyprus,2015,0.020000
cyprus,2016,0.020000
cyprus,2017,0.020000
cyprus,2018,0.020000
cyprus,2019,0.020000
cyprus,2020,0.020000
cyprus,2021,0.020000
cyprus,2022,0.020000
dominican_republic,2004,8.0000
dominican_republic,2005,8.0000
dominican_republic,2006,8.0000
dominican_republic,2007,8.0000
dominican_republic,2008,8.0000
dominican_republic,2009,8.0000
dominican_republic,2010,8.0000
dominican_republic,2011,8.0000
dominican_republic,2012,8.0000
dominican_republic,2013,8.0000
dominican_republic,2014,8.0000
dominican_republic,2015,8.0000
dominican_republic,2016,8.0000
dominican_republic,2017,8.0000
dominican_republic,2018,8.0000
dominican_republic,2019,8.0000
dominican_republic,2020,8.0000
dominican_republic,2021,8.0000
dominican_republic,2022,8.0000
ecuador,2000,60.640
ecuador,2001,60.640
ecuador,2002,60.640
ecuador,2003,60.640
ecuador,2004,60.640
ecuador,2005,60.640
ecuador,2006,60.640
ecuador,2007,60.640
ecuador,2008,60.640
ecuador,2009,60.640
ecuador,2010,60.640
ecuador,2011,60.640
ecuador,2012,60.640
ecuador,2013,60.640
ecuador,2014,60.640
ecuador,2015,60.640
ecuador,2016,60.640
ecuador,2017,60.640
ecuador,2018,60.640
ecuador,2019,60.640
ecuador,2020,60.640
ecuador,2021,60.640
ecuador,2022,60.640
egypt,1975,599.10
egypt,1976,599.68
egypt,1977,600.26
egypt,1978,600.84
egypt,1979,601.42
egypt,1980,602.00
egypt,1981,598.92
egypt,1982,595.84
egypt,1983,592.76
egypt,1984,589.68
egypt,1985,586.60
egypt,1986,616.86
egypt,1987,647.13
egypt,1988,677.39
egypt,1989,707.65
egypt,1990,737.91
egypt,1991,768.17
egypt,1992,798.44
egypt,1993,828.70
egypt,1994,828.61
egypt,1995,828.52
egypt,1996,828.43
egypt,1997,828.34
egypt,1998,828.26
egypt,1999,828.17
egypt,2000,828.08
egypt,2001,827.99
egypt,2002,827.90
egypt,2003,840.29
egypt,2004,852.67
egypt,2005,865.06
egypt,2006,877.45
egypt,2007,889.84
egypt,2008,902.23
egypt,2009,914.61
egypt,2010,927.00
egypt,2011,927.00
egypt,2012,927.00
egypt,2013,927.00
egypt,2014,927.00
egypt,2015,927.00
egypt,2016,927.00
egypt,2017,927.00
egypt,2018,927.00
egypt,2019,927.00
egypt,2020,927.00
egypt,2021,927.00
egypt,2022,927.00
el_salvador,1988,2.6910
el_salvador,1989,2.7072
el_salvador,1990,2.7234
el_salvador,1991,2.7396
el_salvador,1992,2.7558
el_salvador,1993,2.7720
el_salvador,1994,2.7883
el_salvador,1995,2.8045
el_salvador,1996,2.8207
el_salvador,1997,2.8369
el_salvador,1998,2.8531
el_salvador,1999,2.8693
el_salvador,2000,2.8855
el_salvador,2001,2.9017
el_salvador,2002,2.9179
el_salvador,2003,2.9341
el_salvador,2004,2.9503
el_salvador,2005,2.9665
el_salvador,2006,2.9827
el_salvador,2007,2.9990
el_salvador,2008,3.0152
el_salvador,2009,3.0314
el_salvador,2010,3.0476
el_salvador,2011,3.0638
el_salvador,2012,3.0800
el_salvador,2013,3.0800
el_salvador,2014,3.0800
el_salvador,2015,3.0800
el_salvador,2016,3.0800
el_salvador,2017,3.0800
el_salvador,2018,3.0800
el_salvador,2019,3.0800
el_salvador,2020,3.0800
el_salvador,2021,3.0800
el_salvador,2022,3.0800
eswatini,2002,0.50000
eswatini,2003,0.50000
eswatini,2004,0.50000
eswatini,2005,0.50000
eswatini,2006,0.50000
eswatini,2007,0.50000
eswatini,2008,0.50000
eswatini,2009,0.50000
eswatini,2010,0.50000
eswatini,2011,0.50000
eswatini,2012,0.50000
eswatini,2013,0.50000
eswatini,2014,0.50000
eswatini,2015,0.50000
eswatini,2016,0.50000
eswatini,2017,0.50000
eswatini,2018,0.50000
eswatini,2019,0.50000
eswatini,2020,0.50000
eswatini,2021,0.50000
eswatini,2022,0.50000
ethiopia,2002,86.860
ethiopia,2003,86.860
ethiopia,2004,86.860
ethiopia,2005,86.860
ethiopia,2006,86.860
ethiopia,2007,86.860
ethiopia,2008,86.860
ethiopia,2009,86.860
ethiopia,2010,86.860
ethiopia,2011,86.860
ethiopia,2012,86.860
ethiopia,2013,86.860
ethiopia,2014,86.860
ethiopia,2015,86.860
ethiopia,2016,86.860
ethiopia,2017,86.860
ethiopia,2018,86.860
ethiopia,2019,86.860
ethiopia,2020,86.860
ethiopia,2021,86.860
ethiopia,2022,86.860
france,2000,886.00
france,2001,839.40
france,2002,792.80
france,2003,746.20
france,2004,748.16
france,2005,750.12
france,2006,752.08
france,2007,754.04
france,2008,756.00
france,2009,756.00
france,2010,756.00
france,2011,756.00
france,2012,756.00
france,2013,756.00
france,2014,756.00
france,2015,756.00
france,2016,756.00
france,2017,756.00
france,2018,756.00
france,2019,756.00
france,2020,756.00
france,2021,756.00
france,2022,756.00
georgia,2007,6.1700
georgia,2008,6.1700
georgia,2009,6.1700
georgia,2010,6.1700
georgia,2011,6.1700
georgia,2012,6.1700
georgia,2013,6.1700
georgia,2014,6.1700
georgia,2015,6.1700
georgia,2016,6.1700
georgia,2017,6.1700
georgia,2018,6.1700
georgia,2019,6.1700
georgia,2020,6.1700
georgia,2021,6.1700
georgia,2022,6.1700
germany,2006,41.000
germany,2007,41.000
germany,2008,41.000
germany,2009,41.000
germany,2010,41.000
germany,2011,41.000
germany,2012,41.000
germany,2013,41.000
germany,2014,41.000
germany,2015,41.000
germany,2016,41.000
germany,2017,41.000
germany,2018,41.000
germany,2019,41.000
germany,2020,41.000
germany,2021,41.000
germany,2022,41.000
greece,1990,170.40
greece,1991,171.63
greece,1992,172.87
greece,1993,174.10
greece,1994,157.35
greece,1995,140.60
greece,1996,168.10
greece,1997,195.60
greece,1998,188.03
greece,1999,180.47
greece,2000,172.90
greece,2001,187.67
greece,2002,202.43
greece,2003,217.20
greece,2004,212.34
greece,2005,207.48
greece,2006,202.62
greece,2007,197.76
greece,2008,192.90
greece,2009,192.90
greece,2010,192.90
greece,2011,192.90
greece,2012,192.90
greece,2013,192.90
greece,2014,192.90
greece,2015,192.90
greece,2016,192.90
greece,2017,192.90
greece,2018,192.90
greece,2019,192.90
greece,2020,192.90
greece,2021,192.90
greece,2022,192.90
guatemala,2007,70.000
guatemala,2008,70.000
guatemala,2009,70.000
guatemala,2010,70.000
guatemala,2011,70.000
guatemala,2012,70.000
guatemala,2013,70.000
guatemala,2014,70.000
guatemala,2015,70.000
guatemala,2016,70.000
guatemala,2017,70.000
guatemala,2018,70.000
guatemala,2019,70.000
guatemala,2020,70.000
guatemala,2021,70.000
guatemala,2022,70.000
haiti,2009,12.800
haiti,2010,12.800
haiti,2011,12.800
haiti,2012,12.800
haiti,2013,12.800
haiti,2014,12.800
haiti,2015,12.800
haiti,2016,12.800
haiti,2017,12.800
haiti,2018,12.800
haiti,2019,12.800
haiti,2020,12.800
haiti,2021,12.800
haiti,2022,12.800
honduras,2006,31.000
honduras,2007,31.000
honduras,2008,31.000
honduras,2009,31.000
honduras,2010,31.000
honduras,2011,31.000
honduras,2012,31.000
honduras,2013,31.000
honduras,2014,31.000
honduras,2015,31.000
honduras,2016,31.000
honduras,2017,31.000
honduras,2018,31.000
honduras,2019,31.000
honduras,2020,31.000
honduras,2021,31.000
honduras,2022,31.000
hungary,2003,5.7400
hungary,2004,7.4320
hungary,2005,9.1240
hungary,2006,10.816
hungary,2007,12.508
hungary,2008,14.200
hungary,2009,14.200
hungary,2010,14.200
hungary,2011,14.200
hungary,2012,14.200
hungary,2013,14.200
hungary,2014,14.200
hungary,2015,14.200
hungary,2016,14.200
hungary,2017,14.200
hungary,2018,14.200
hungary,2019,14.200
hungary,2020,14.200
hungary,2021,14.200
hungary,2022,14.200
india,1961,556.00
india,1962,400.00
india,1963,500.00
india,1964,500.00
india,1965,600.00
india,1966,773.00
india,1967,800.00
india,1968,700.00
india,1969,1100.0
india,1970,1100.0
india,1971,929.00
india,1972,800.00
india,1973,1100.0
india,1974,900.00
india,1975,1200.0
india,1976,945.00
india,1977,1100.0
india,1978,900.00
india,1979,900.00
india,1980,1400.0
india,1981,1195.0
india,1982,1200.0
india,1983,1200.0
india,1984,977.00
india,1985,977.00
india,1986,1101.0
india,1987,1233.0
india,1988,1200.0
india,1989,1200.0
india,1990,1200.0
india,1991,1200.0
india,1992,1257.0
india,1993,1314.0
india,1994,1322.8
india,1995,1331.6
india,1996,1340.5
india,1997,1349.3
india,1998,1358.1
india,1999,1366.9
india,2000,1375.7
india,2001,1384.5
india,2002,1393.4
india,2003,1402.2
india,2004,1411.0
india,2005,1496.3
india,2006,1581.7
india,2007,1667.0
india,2008,1752.3
india,2009,1837.7
india,2010,1923.0
india,2011,2008.3
india,2012,2093.7
india,2013,2179.0
india,2014,2179.0
india,2015,2179.0
india,2016,2179.0
india,2017,2179.0
india,2018,2179.0
india,2019,2179.0
india,2020,2179.0
india,2021,2179.0
india,2022,2179.0
indonesia,2005,1269.0
indonesia,2006,1269.0
indonesia,2007,1269.0
indonesia,2008,1269.0
indonesia,2009,1269.0
indonesia,2010,1269.0
indonesia,2011,1269.0
indonesia,2012,1269.0
indonesia,2013,1269.0
indonesia,2014,1269.0
indonesia,2015,1269.0
indonesia,2016,1269.0
indonesia,2017,1269.0
indonesia,2018,1269.0
indonesia,2019,1269.0
indonesia,2020,1269.0
indonesia,2021,1269.0
indonesia,2022,1269.0
iran_islamic_republic_of,2003,275.90
iran_islamic_republic_of,2004,275.90
iran_islamic_republic_of,2005,275.90
iran_islamic_republic_of,2006,275.90
iran_islamic_republic_of,2007,275.90
iran_islamic_republic_of,2008,275.90
iran_islamic_republic_of,2009,275.90
iran_islamic_republic_of,2010,275.90
iran_islamic_republic_of,2011,275.90
iran_islamic_republic_of,2012,275.90
iran_islamic_republic_of,2013,275.90
iran_islamic_republic_of,2014,275.90
iran_islamic_republic_of,2015,275.90
iran_islamic_republic_of,2016,275.90
iran_islamic_republic_of,2017,275.90
iran_islamic_republic_of,2018,275.90
iran_islamic_republic_of,2019,275.90
iran_islamic_republic_of,2020,275.90
iran_islamic_republic_of,2021,275.90
iran_islamic_republic_of,2022,275.90
iraq,2010,113.10
iraq,2011,113.10
iraq,2012,113.10
iraq,2013,113.10
iraq,2014,113.10
iraq,2015,113.10
iraq,2016,113.10
iraq,2017,113.10
iraq,2018,113.10
iraq,2019,113.10
iraq,2020,113.10
iraq,2021,113.10
iraq,2022,113.10
italy,1990,506.70
italy,1991,518.67
italy,1992,530.63
italy,1993,542.60
italy,1994,553.97
italy,1995,565.34
italy,1996,576.71
italy,1997,588.09
italy,1998,599.46
italy,1999,610.83
italy,2000,622.20
italy,2001,637.03
italy,2002,651.87
italy,2003,666.70
italy,2004,680.56
italy,2005,694.42
italy,2006,708.28
italy,2007,722.14
italy,2008,736.00
italy,2009,736.00
italy,2010,736.00
italy,2011,736.00
italy,2012,736.00
italy,2013,736.00
italy,2014,736.00
italy,2015,736.00
italy,2016,736.00
italy,2017,736.00
italy,2018,736.00
italy,2019,736.00
italy,2020,736.00
italy,2021,736.00
italy,2022,736.00
kazakhstan,1993,118.00
kazakhstan,1994,116.68
kazakhstan,1995,115.36
kazakhstan,1996,114.05
kazakhstan,1997,112.73
kazakhstan,1998,111.41
kazakhstan,1999,110.09
kazakhstan,2000,108.78
kazakhstan,2001,107.46
kazakhstan,2002,106.14
kazakhstan,2003,104.82
kazakhstan,2004,103.51
kazakhstan,2005,102.19
kazakhstan,2006,100.87
kazakhstan,2007,99.553
kazakhstan,2008,98.235
kazakhstan,2009,96.918
kazakhstan,2010,95.600
kazakhstan,2011,95.600
kazakhstan,2012,95.600
kazakhstan,2013,95.600
kazakhstan,2014,95.600
kazakhstan,2015,95.600
kazakhstan,2016,95.600
kazakhstan,2017,95.600
kazakhstan,2018,95.600
kazakhstan,2019,95.600
kazakhstan,2020,95.600
kazakhstan,2021,95.600
kazakhstan,2022,95.600
kenya,1990,3.4500
kenya,1991,3.4923
kenya,1992,3.5346
kenya,1993,3.5769
kenya,1994,3.6192
kenya,1995,3.6615
kenya,1996,3.7038
kenya,1997,3.7462
kenya,1998,3.7885
kenya,1999,3.8308
kenya,2000,3.8731
kenya,2001,3.9154
kenya,2002,3.9577
kenya,2003,4.0000
kenya,2004,4.2857
kenya,2005,4.5714
kenya,2006,4.8571
kenya,2007,5.1429
kenya,2008,5.4286
kenya,2009,5.7143
kenya,2010,6.0000
kenya,2011,6.0000
kenya,2012,6.0000
kenya,2013,6.0000
kenya,2014,6.0000
kenya,2015,6.0000
kenya,2016,6.0000
kenya,2017,6.0000
kenya,2018,6.0000
kenya,2019,6.0000
kenya,2020,6.0000
kenya,2021,6.0000
kenya,2022,6.0000
kyrgyzstan,1994,42.500
kyrgyzstan,1995,44.227
kyrgyzstan,1996,45.955
kyrgyzstan,1997,47.682
kyrgyzstan,1998,49.409
kyrgyzstan,1999,51.136
kyrgyzstan,2000,52.864
kyrgyzstan,2001,54.591
kyrgyzstan,2002,56.318
kyrgyzstan,2003,58.045
kyrgyzstan,2004,59.773
kyrgyzstan,2005,61.500
kyrgyzstan,2006,61.500
kyrgyzstan,2007,61.500
kyrgyzstan,2008,61.500
kyrgyzstan,2009,61.500
kyrgyzstan,2010,61.500
kyrgyzstan,2011,61.500
kyrgyzstan,2012,61.500
kyrgyzstan,2013,61.500
kyrgyzstan,2014,61.500
kyrgyzstan,2015,61.500
kyrgyzstan,2016,61.500
kyrgyzstan,2017,61.500
kyrgyzstan,2018,61.500
kyrgyzstan,2019,61.500
kyrgyzstan,2020,61.500
kyrgyzstan,2021,61.500
kyrgyzstan,2022,61.500
lebanon,1994,3.1100
lebanon,1995,3.1733
lebanon,1996,3.2367
lebanon,1997,3.3000
lebanon,1998,3.3633
lebanon,1999,3.4267
lebanon,2000,3.4900
lebanon,2001,3.4900
lebanon,2002,3.4900
lebanon,2003,3.4900
lebanon,2004,3.4900
lebanon,2005,3.4900
lebanon,2006,3.4900
lebanon,2007,3.4900
lebanon,2008,3.4900
lebanon,2009,3.4900
lebanon,2010,3.4900
lebanon,2011,3.4900
lebanon,2012,3.4900
lebanon,2013,3.4900
lebanon,2014,3.4900
lebanon,2015,3.4900
lebanon,2016,3.4900
lebanon,2017,3.4900
lebanon,2018,3.4900
lebanon,2019,3.4900
lebanon,2020,3.4900
lebanon,2021,3.4900
lebanon,2022,3.4900
malawi,1992,2.0000
malawi,1993,2.0000
malawi,1994,2.0000
malawi,1995,2.0000
malawi,1996,2.0000
malawi,1997,2.0000
malawi,1998,2.0000
malawi,1999,2.0000
malawi,2000,2.0000
malawi,2001,2.0000
malawi,2002,2.0000
malawi,2003,2.0000
malawi,2004,2.0000
malawi,2005,2.0000
malawi,2006,2.0000
malawi,2007,2.0000
malawi,2008,2.0000
malawi,2009,2.0000
malawi,2010,2.0000
malawi,2011,2.0000
malawi,2012,2.0000
malawi,2013,2.0000
malawi,2014,2.0000
malawi,2015,2.0000
malawi,2016,2.0000
malawi,2017,2.0000
malawi,2018,2.0000
malawi,2019,2.0000
malawi,2020,2.0000
malawi,2021,2.0000
malawi,2022,2.0000
mali,2000,1.1550
mali,2001,1.0897
mali,2002,1.0245
mali,2003,0.95918
mali,2004,0.89391
mali,2005,0.82864
mali,2006,0.76336
mali,2007,0.69809
mali,2008,0.63282
mali,2009,0.56755
mali,2010,0.50227
mali,2011,0.43700
mali,2012,0.43700
mali,2013,0.43700
mali,2014,0.43700
mali,2015,0.43700
mali,2016,0.43700
mali,2017,0.43700
mali,2018,0.43700
mali,2019,0.43700
mali,2020,0.43700
mali,2021,0.43700
mali,2022,0.43700
mauritania,2004,0.53200
mauritania,2005,0.53200
mauritania,2006,0.53200
mauritania,2007,0.53200
mauritania,2008,0.53200
mauritania,2009,0.53200
mauritania,2010,0.53200
mauritania,2011,0.53200
mauritania,2012,0.53200
mauritania,2013,0.53200
mauritania,2014,0.53200
mauritania,2015,0.53200
mauritania,2016,0.53200
mauritania,2017,0.53200
mauritania,2018,0.53200
mauritania,2019,0.53200
mauritania,2020,0.53200
mauritania,2021,0.53200
mauritania,2022,0.53200
mauritius,2002,0.038000
mauritius,2003,0.038000
mauritius,2004,0.038000
mauritius,2005,0.038000
mauritius,2006,0.038000
mauritius,2007,0.038000
mauritius,2008,0.038000
mauritius,2009,0.038000
mauritius,2010,0.038000
mauritius,2011,0.038000
mauritius,2012,0.038000
mauritius,2013,0.038000
mauritius,2014,0.038000
mauritius,2015,0.038000
mauritius,2016,0.038000
mauritius,2017,0.038000
mauritius,2018,0.038000
mauritius,2019,0.038000
mauritius,2020,0.038000
mauritius,2021,0.038000
mauritius,2022,0.038000
mexico,1995,1428.0
mexico,1996,1421.4
mexico,1997,1414.8
mexico,1998,1408.3
mexico,1999,1401.7
mexico,2000,1395.1
mexico,2001,1388.5
mexico,2002,1381.9
mexico,2003,1375.3
mexico,2004,1368.8
mexico,2005,1362.2
mexico,2006,1355.6
mexico,2007,1349.0
mexico,2008,1349.0
mexico,2009,1349.0
mexico,2010,1349.0
mexico,2011,1349.0
mexico,2012,1349.0
mexico,2013,1349.0
mexico,2014,1349.0
mexico,2015,1349.0
mexico,2016,1349.0
mexico,2017,1349.0
mexico,2018,1349.0
mexico,2019,1349.0
mexico,2020,1349.0
mexico,2021,1349.0
mexico,2022,1349.0
morocco,2000,51.100
morocco,2001,53.275
morocco,2002,55.450
morocco,2003,57.625
morocco,2004,59.800
morocco,2005,61.257
morocco,2006,62.714
morocco,2007,64.171
morocco,2008,65.629
morocco,2009,67.086
morocco,2010,68.543
morocco,2011,70.000
morocco,2012,70.000
morocco,2013,70.000
morocco,2014,70.000
morocco,2015,70.000
morocco,2016,70.000
morocco,2017,70.000
morocco,2018,70.000
morocco,2019,70.000
morocco,2020,70.000
morocco,2021,70.000
morocco,2022,70.000
mozambique,1985,10.000
mozambique,1986,10.000
mozambique,1987,10.000
mozambique,1988,10.000
mozambique,1989,10.000
mozambique,1990,10.000
mozambique,1991,10.000
mozambique,1992,10.000
mozambique,1993,10.000
mozambique,1994,10.000
mozambique,1995,10.000
mozambique,1996,9.1667
mozambique,1997,8.3333
mozambique,1998,7.5000
mozambique,1999,6.6667
mozambique,2000,5.8333
mozambique,2001,5.0000
mozambique,2002,5.0000
mozambique,2003,5.0000
mozambique,2004,5.0000
mozambique,2005,5.0000
mozambique,2006,5.0000
mozambique,2007,5.0000
mozambique,2008,5.0000
mozambique,2009,5.0000
mozambique,2010,5.0000
mozambique,2011,5.0000
mozambique,2012,5.0000
mozambique,2013,5.0000
mozambique,2014,5.0000
mozambique,2015,5.0000
mozambique,2016,5.0000
mozambique,2017,5.0000
mozambique,2018,5.0000
mozambique,2019,5.0000
mozambique,2020,5.0000
mozambique,2021,5.0000
mozambique,2022,5.0000
myanmar,1995,6.1100
myanmar,1996,7.5545
myanmar,1997,8.9991
myanmar,1998,10.444
myanmar,1999,11.888
myanmar,2000,13.333
myanmar,2001,14.777
myanmar,2002,16.222
myanmar,2003,17.666
myanmar,2004,19.111
myanmar,2005,20.555
myanmar,2006,22.000
myanmar,2007,22.000
myanmar,2008,22.000
myanmar,2009,22.000
myanmar,2010,22.000
myanmar,2011,22.000
myanmar,2012,22.000
myanmar,2013,22.000
myanmar,2014,22.000
myanmar,2015,22.000
myanmar,2016,22.000
myanmar,2017,22.000
myanmar,2018,22.000
myanmar,2019,22.000
myanmar,2020,22.000
myanmar,2021,22.000
myanmar,2022,22.000
namibia,1991,2.2000
namibia,1992,2.2455
namibia,1993,2.2909
namibia,1994,2.3364
namibia,1995,2.3818
namibia,1996,2.4273
namibia,1997,2.4727
namibia,1998,2.5182
namibia,1999,2.5636
namibia,2000,2.6091
namibia,2001,2.6545
namibia,2002,2.7000
namibia,2003,2.7000
namibia,2004,2.7000
namibia,2005,2.7000
namibia,2006,2.7000
namibia,2007,2.7000
namibia,2008,2.7000
namibia,2009,2.7000
namibia,2010,2.7000
namibia,2011,2.7000
namibia,2012,2.7000
namibia,2013,2.7000
namibia,2014,2.7000
namibia,2015,2.7000
namibia,2016,2.7000
namibia,2017,2.7000
namibia,2018,2.7000
namibia,2019,2.7000
namibia,2020,2.7000
namibia,2021,2.7000
namibia,2022,2.7000
nepal,2006,580.00
nepal,2007,580.00
nepal,2008,580.00
nepal,2009,580.00
nepal,2010,580.00
nepal,2011,580.00
nepal,2012,580.00
nepal,2013,580.00
nepal,2014,580.00
nepal,2015,580.00
nepal,2016,580.00
nepal,2017,580.00
nepal,2018,580.00
nepal,2019,580.00
nepal,2020,580.00
nepal,2021,580.00
nepal,2022,580.00
netherlands_kingdom_of_the,2003,0.61000
netherlands_kingdom_of_the,2004,6.6880
netherlands_kingdom_of_the,2005,12.766
netherlands_kingdom_of_the,2006,18.844
netherlands_kingdom_of_the,2007,24.922
netherlands_kingdom_of_the,2008,31.000
netherlands_kingdom_of_the,2009,31.000
netherlands_kingdom_of_the,2010,31.000
netherlands_kingdom_of_the,2011,31.000
netherlands_kingdom_of_the,2012,31.000
netherlands_kingdom_of_the,2013,31.000
netherlands_kingdom_of_the,2014,31.000
netherlands_kingdom_of_the,2015,31.000
netherlands_kingdom_of_the,2016,31.000
netherlands_kingdom_of_the,2017,31.000
netherlands_kingdom_of_the,2018,31.000
netherlands_kingdom_of_the,2019,31.000
netherlands_kingdom_of_the,2020,31.000
netherlands_kingdom_of_the,2021,31.000
netherlands_kingdom_of_the,2022,31.000
nicaragua,2011,1.3090
nicaragua,2012,1.3090
nicaragua,2013,1.3090
nicaragua,2014,1.3090
nicaragua,2015,1.3090
nicaragua,2016,1.3090
nicaragua,2017,1.3090
nicaragua,2018,1.3090
nicaragua,2019,1.3090
nicaragua,2020,1.3090
nicaragua,2021,1.3090
nicaragua,2022,1.3090
niger,2011,0.41900
niger,2012,0.41900
niger,2013,0.41900
niger,2014,0.41900
niger,2015,0.41900
niger,2016,0.41900
niger,2017,0.41900
niger,2018,0.41900
niger,2019,0.41900
niger,2020,0.41900
niger,2021,0.41900
niger,2022,0.41900
nigeria,1989,20.000
nigeria,1990,19.900
nigeria,1991,19.800
nigeria,1992,19.700
nigeria,1993,19.600
nigeria,1994,19.500
nigeria,1995,19.400
nigeria,1996,19.300
nigeria,1997,19.200
nigeria,1998,19.100
nigeria,1999,19.000
nigeria,2000,19.000
nigeria,2001,19.000
nigeria,2002,19.000
nigeria,2003,19.000
nigeria,2004,19.000
nigeria,2005,19.000
nigeria,2006,19.000
nigeria,2007,19.000
nigeria,2008,19.000
nigeria,2009,19.000
nigeria,2010,19.000
nigeria,2011,19.000
nigeria,2012,19.000
nigeria,2013,19.000
nigeria,2014,19.000
nigeria,2015,19.000
nigeria,2016,19.000
nigeria,2017,19.000
nigeria,2018,19.000
nigeria,2019,19.000
nigeria,2020,19.000
nigeria,2021,19.000
nigeria,2022,19.000
oman,2004,1.6000
oman,2005,1.6000
oman,2006,1.6000
oman,2007,1.6000
oman,2008,1.6000
oman,2009,1.6000
oman,2010,1.6000
oman,2011,1.6000
oman,2012,1.6000
oman,2013,1.6000
oman,2014,1.6000
oman,2015,1.6000
oman,2016,1.6000
oman,2017,1.6000
oman,2018,1.6000
oman,2019,1.6000
oman,2020,1.6000
oman,2021,1.6000
oman,2022,1.6000
pakistan,2008,946.50
pakistan,2009,946.50
pakistan,2010,946.50
pakistan,2011,946.50
pakistan,2012,946.50
pakistan,2013,946.50
pakistan,2014,946.50
pakistan,2015,946.50
pakistan,2016,946.50
pakistan,2017,946.50
pakistan,2018,946.50
pakistan,2019,946.50
pakistan,2020,946.50
pakistan,2021,946.50
pakistan,2022,946.50
panama,2000,4.4220
panama,2001,4.4220
panama,2002,4.4220
panama,2003,4.4220
panama,2004,4.4220
panama,2005,4.4220
panama,2006,4.4220
panama,2007,4.4220
panama,2008,4.4220
panama,2009,4.4220
panama,2010,4.4220
panama,2011,4.4220
panama,2012,4.4220
panama,2013,4.4220
panama,2014,4.4220
panama,2015,4.4220
panama,2016,4.4220
panama,2017,4.4220
panama,2018,4.4220
panama,2019,4.4220
panama,2020,4.4220
panama,2021,4.4220
panama,2022,4.4220
peru,1994,219.50
peru,1995,219.50
peru,1996,219.50
peru,1997,219.50
peru,1998,219.50
peru,1999,219.50
peru,2000,219.50
peru,2001,219.50
peru,2002,219.50
peru,2003,219.50
peru,2004,219.50
peru,2005,219.50
peru,2006,219.50
peru,2007,219.50
peru,2008,219.50
peru,2009,219.50
peru,2010,219.50
peru,2011,219.50
peru,2012,219.50
peru,2013,219.50
peru,2014,219.50
peru,2015,219.50
peru,2016,219.50
peru,2017,219.50
peru,2018,219.50
peru,2019,219.50
peru,2020,219.50
peru,2021,219.50
peru,2022,219.50
philippines,2006,96.600
philippines,2007,96.600
philippines,2008,96.600
philippines,2009,96.600
philippines,2010,96.600
philippines,2011,96.600
philippines,2012,96.600
philippines,2013,96.600
philippines,2014,96.600
philippines,2015,96.600
philippines,2016,96.600
philippines,2017,96.600
philippines,2018,96.600
philippines,2019,96.600
philippines,2020,96.600
philippines,2021,96.600
philippines,2022,96.600
poland,2007,4.0000
poland,2008,4.0000
poland,2009,4.0000
poland,2010,4.0000
poland,2011,4.0000
poland,2012,4.0000
poland,2013,4.0000
poland,2014,4.0000
poland,2015,4.0000
poland,2016,4.0000
poland,2017,4.0000
poland,2018,4.0000
poland,2019,4.0000
poland,2020,4.0000
poland,2021,4.0000
poland,2022,4.0000
portugal,1990,177.70
portugal,1991,171.83
portugal,1992,165.96
portugal,1993,160.09
portugal,1994,154.22
portugal,1995,148.35
portugal,1996,142.48
portugal,1997,136.62
portugal,1998,130.75
portugal,1999,124.88
portugal,2000,119.01
portugal,2001,113.14
portugal,2002,107.27
portugal,2003,101.40
portugal,2004,99.928
portugal,2005,98.456
portugal,2006,96.984
portugal,2007,95.512
portugal,2008,94.040
portugal,2009,94.040
portugal,2010,94.040
portugal,2011,94.040
portugal,2012,94.040
portugal,2013,94.040
portugal,2014,94.040
portugal,2015,94.040
portugal,2016,94.040
portugal,2017,94.040
portugal,2018,94.040
portugal,2019,94.040
portugal,2020,94.040
portugal,2021,94.040
portugal,2022,94.040
qatar,1990,0.015000
qatar,1991,0.018000
qatar,1992,0.021000
qatar,1993,0.024000
qatar,1994,0.027000
qatar,1995,0.033600
qatar,1996,0.040200
qatar,1997,0.046800
qatar,1998,0.053400
qatar,1999,0.060000
qatar,2000,0.066600
qatar,2001,0.073200
qatar,2002,0.079800
qatar,2003,0.086400
qatar,2004,0.093000
qatar,2005,0.093000
qatar,2006,0.093000
qatar,2007,0.093000
qatar,2008,0.093000
qatar,2009,0.093000
qatar,2010,0.093000
qatar,2011,0.093000
qatar,2012,0.093000
qatar,2013,0.093000
qatar,2014,0.093000
qatar,2015,0.093000
qatar,2016,0.093000
qatar,2017,0.093000
qatar,2018,0.093000
qatar,2019,0.093000
qatar,2020,0.093000
qatar,2021,0.093000
qatar,2022,0.093000
republic_of_korea,2006,5.0000
republic_of_korea,2007,5.0000
republic_of_korea,2008,5.0000
republic_of_korea,2009,5.0000
republic_of_korea,2010,5.0000
republic_of_korea,2011,5.0000
republic_of_korea,2012,5.0000
republic_of_korea,2013,5.0000
republic_of_korea,2014,5.0000
republic_of_korea,2015,5.0000
republic_of_korea,2016,5.0000
republic_of_korea,2017,5.0000
republic_of_korea,2018,5.0000
republic_of_korea,2019,5.0000
republic_of_korea,2020,5.0000
republic_of_korea,2021,5.0000
republic_of_korea,2022,5.0000
romania,2003,88.170
romania,2004,78.176
romania,2005,68.182
romania,2006,58.188
romania,2007,48.194
romania,2008,38.200
romania,2009,38.200
romania,2010,38.200
romania,2011,38.200
romania,2012,38.200
romania,2013,38.200
romania,2014,38.200
romania,2015,38.200
romania,2016,38.200
romania,2017,38.200
romania,2018,38.200
romania,2019,38.200
romania,2020,38.200
romania,2021,38.200
romania,2022,38.200
russian_federation,2006,15.000
russian_federation,2007,15.000
russian_federation,2008,15.000
russian_federation,2009,15.000
russian_federation,2010,15.000
russian_federation,2011,15.000
russian_federation,2012,15.000
russian_federation,2013,15.000
russian_federation,2014,15.000
russian_federation,2015,15.000
russian_federation,2016,15.000
russian_federation,2017,15.000
russian_federation,2018,15.000
russian_federation,2019,15.000
russian_federation,2020,15.000
russian_federation,2021,15.000
russian_federation,2022,15.000
saudi_arabia,1992,2.4000
saudi_arabia,1993,3.0943
saudi_arabia,1994,3.7886
saudi_arabia,1995,4.4829
saudi_arabia,1996,5.1771
saudi_arabia,1997,5.8714
saudi_arabia,1998,6.5657
saudi_arabia,1999,7.2600
saudi_arabia,2000,7.9543
saudi_arabia,2001,8.6486
saudi_arabia,2002,9.3429
saudi_arabia,2003,10.037
saudi_arabia,2004,10.731
saudi_arabia,2005,11.426
saudi_arabia,2006,12.120
saudi_arabia,2007,12.120
saudi_arabia,2008,12.120
saudi_arabia,2009,12.120
saudi_arabia,2010,12.120
saudi_arabia,2011,12.120
saudi_arabia,2012,12.120
saudi_arabia,2013,12.120
saudi_arabia,2014,12.120
saudi_arabia,2015,12.120
saudi_arabia,2016,12.120
saudi_arabia,2017,12.120
saudi_arabia,2018,12.120
saudi_arabia,2019,12.120
saudi_arabia,2020,12.120
saudi_arabia,2021,12.120
saudi_arabia,2022,12.120
senegal,1993,2.9700
senegal,1994,2.9700
senegal,1995,2.9700
senegal,1996,2.9700
senegal,1997,2.9700
senegal,1998,2.9700
senegal,1999,2.9700
senegal,2000,2.9700
senegal,2001,2.9700
senegal,2002,2.9700
senegal,2003,2.9700
senegal,2004,2.9700
senegal,2005,2.9700
senegal,2006,2.9700
senegal,2007,2.9700
senegal,2008,2.9700
senegal,2009,2.9700
senegal,2010,2.9700
senegal,2011,2.9700
senegal,2012,2.9700
senegal,2013,2.9700
senegal,2014,2.9700
senegal,2015,2.9700
senegal,2016,2.9700
senegal,2017,2.9700
senegal,2018,2.9700
senegal,2019,2.9700
senegal,2020,2.9700
senegal,2021,2.9700
senegal,2022,2.9700
serbia,2011,10.000
serbia,2012,10.000
serbia,2013,10.000
serbia,2014,10.000
serbia,2015,10.000
serbia,2016,10.000
serbia,2017,10.000
serbia,2018,10.000
serbia,2019,10.000
serbia,2020,10.000
serbia,2021,10.000
serbia,2022,10.000
slovakia,2003,18.990
slovakia,2004,16.650
slovakia,2005,14.310
slovakia,2006,11.970
slovakia,2007,9.6300
slovakia,2008,7.2900
slovakia,2009,7.2900
slovakia,2010,7.2900
slovakia,2011,7.2900
slovakia,2012,7.2900
slovakia,2013,7.2900
slovakia,2014,7.2900
slovakia,2015,7.2900
slovakia,2016,7.2900
slovakia,2017,7.2900
slovakia,2018,7.2900
slovakia,2019,7.2900
slovakia,2020,7.2900
slovakia,2021,7.2900
slovakia,2022,7.2900
slovenia,2003,0.16000
slovenia,2004,0.17843
slovenia,2005,0.19686
slovenia,2006,0.21529
slovenia,2007,0.23371
slovenia,2008,0.25214
slovenia,2009,0.27057
slovenia,2010,0.28900
slovenia,2011,0.28900
slovenia,2012,0.28900
slovenia,2013,0.28900
slovenia,2014,0.28900
slovenia,2015,0.28900
slovenia,2016,0.28900
slovenia,2017,0.28900
slovenia,2018,0.28900
slovenia,2019,0.28900
slovenia,2020,0.28900
slovenia,2021,0.28900
slovenia,2022,0.28900
somalia,1984,150.00
somalia,1985,143.14
somalia,1986,136.27
somalia,1987,129.41
somalia,1988,122.55
somalia,1989,115.68
somalia,1990,108.82
somalia,1991,101.96
somalia,1992,95.095
somalia,1993,88.232
somalia,1994,81.368
somalia,1995,74.505
somalia,1996,67.642
somalia,1997,60.779
somalia,1998,53.916
somalia,1999,47.053
somalia,2000,40.189
somalia,2001,33.326
somalia,2002,26.463
somalia,2003,19.600
somalia,2004,19.600
somalia,2005,19.600
somalia,2006,19.600
somalia,2007,19.600
somalia,2008,19.600
somalia,2009,19.600
somalia,2010,19.600
somalia,2011,19.600
somalia,2012,19.600
somalia,2013,19.600
somalia,2014,19.600
somalia,2015,19.600
somalia,2016,19.600
somalia,2017,19.600
somalia,2018,19.600
somalia,2019,19.600
somalia,2020,19.600
somalia,2021,19.600
somalia,2022,19.600
south_africa,1980,77.000
south_africa,1981,80.625
south_africa,1982,84.250
south_africa,1983,87.875
south_africa,1984,91.500
south_africa,1985,95.125
south_africa,1986,98.750
south_africa,1987,102.38
south_africa,1988,106.00
south_africa,1989,107.90
south_africa,1990,109.80
south_africa,1991,111.70
south_africa,1992,113.60
south_africa,1993,115.50
south_africa,1994,117.40
south_africa,1995,119.30
south_africa,1996,121.20
south_africa,1997,123.10
south_africa,1998,125.00
south_africa,1999,126.90
south_africa,2000,128.80
south_africa,2001,141.57
south_africa,2002,154.35
south_africa,2003,167.13
south_africa,2004,179.90
south_africa,2005,192.68
south_africa,2006,205.45
south_africa,2007,218.22
south_africa,2008,231.00
south_africa,2009,231.00
south_africa,2010,231.00
south_africa,2011,231.00
south_africa,2012,231.00
south_africa,2013,231.00
south_africa,2014,231.00
south_africa,2015,231.00
south_africa,2016,231.00
south_africa,2017,231.00
south_africa,2018,231.00
south_africa,2019,231.00
south_africa,2020,231.00
south_africa,2021,231.00
south_africa,2022,231.00
spain,1990,327.20
spain,1991,275.43
spain,1992,223.67
spain,1993,171.90
spain,1994,219.05
spain,1995,266.20
spain,1996,358.90
spain,1997,451.60
spain,1998,418.63
spain,1999,385.67
spain,2000,352.70
spain,2001,393.67
spain,2002,434.63
spain,2003,475.60
spain,2004,446.97
spain,2005,418.33
spain,2006,389.70
spain,2007,361.07
spain,2008,332.43
spain,2009,303.80
spain,2010,303.80
spain,2011,303.80
spain,2012,303.80
spain,2013,303.80
spain,2014,303.80
spain,2015,303.80
spain,2016,303.80
spain,2017,303.80
spain,2018,303.80
spain,2019,303.80
spain,2020,303.80
spain,2021,303.80
spain,2022,303.80
sri_lanka,2006,0.70000
sri_lanka,2007,0.70000
sri_lanka,2008,0.70000
sri_lanka,2009,0.70000
sri_lanka,2010,0.70000
sri_lanka,2011,0.70000
sri_lanka,2012,0.70000
sri_lanka,2013,0.70000
sri_lanka,2014,0.70000
sri_lanka,2015,0.70000
sri_lanka,2016,0.70000
sri_lanka,2017,0.70000
sri_lanka,2018,0.70000
sri_lanka,2019,0.70000
sri_lanka,2020,0.70000
sri_lanka,2021,0.70000
sri_lanka,2022,0.70000
switzerland,2010,2.0270
switzerland,2011,2.0270
switzerland,2012,2.0270
switzerland,2013,2.0270
switzerland,2014,2.0270
switzerland,2015,2.0270
switzerland,2016,2.0270
switzerland,2017,2.0270
switzerland,2018,2.0270
switzerland,2019,2.0270
switzerland,2020,2.0270
switzerland,2021,2.0270
switzerland,2022,2.0270
syrian_arab_republic,1993,62.770
syrian_arab_republic,1994,62.770
syrian_arab_republic,1995,62.770
syrian_arab_republic,1996,62.770
syrian_arab_republic,1997,62.770
syrian_arab_republic,1998,62.770
syrian_arab_republic,1999,62.770
syrian_arab_republic,2000,62.770
syrian_arab_republic,2001,62.770
syrian_arab_republic,2002,62.770
syrian_arab_republic,2003,62.770
syrian_arab_republic,2004,62.770
syrian_arab_republic,2005,62.770
syrian_arab_republic,2006,62.770
syrian_arab_republic,2007,62.770
syrian_arab_republic,2008,62.770
syrian_arab_republic,2009,62.770
syrian_arab_republic,2010,62.770
syrian_arab_republic,2011,62.770
syrian_arab_republic,2012,62.770
syrian_arab_republic,2013,62.770
syrian_arab_republic,2014,62.770
syrian_arab_republic,2015,62.770
syrian_arab_republic,2016,62.770
syrian_arab_republic,2017,62.770
syrian_arab_republic,2018,62.770
syrian_arab_republic,2019,62.770
syrian_arab_republic,2020,62.770
syrian_arab_republic,2021,62.770
syrian_arab_republic,2022,62.770
tajikistan,1994,29.340
tajikistan,1995,28.367
tajikistan,1996,27.393
tajikistan,1997,26.420
tajikistan,1998,25.447
tajikistan,1999,24.473
tajikistan,2000,23.500
tajikistan,2001,22.527
tajikistan,2002,21.553
tajikistan,2003,20.580
tajikistan,2004,19.607
tajikistan,2005,18.633
tajikistan,2006,17.660
tajikistan,2007,16.687
tajikistan,2008,15.713
tajikistan,2009,14.740
tajikistan,2010,14.740
tajikistan,2011,14.740
tajikistan,2012,14.740
tajikistan,2013,14.740
tajikistan,2014,14.740
tajikistan,2015,14.740
tajikistan,2016,14.740
tajikistan,2017,14.740
tajikistan,2018,14.740
tajikistan,2019,14.740
tajikistan,2020,14.740
tajikistan,2021,14.740
tajikistan,2022,14.740
timor_leste,2002,7.0000
timor_leste,2003,7.0000
timor_leste,2004,7.0000
timor_leste,2005,7.0000
timor_leste,2006,7.0000
timor_leste,2007,7.0000
timor_leste,2008,7.0000
timor_leste,2009,7.0000
timor_leste,2010,7.0000
timor_leste,2011,7.0000
timor_leste,2012,7.0000
timor_leste,2013,7.0000
timor_leste,2014,7.0000
timor_leste,2015,7.0000
timor_leste,2016,7.0000
timor_leste,2017,7.0000
timor_leste,2018,7.0000
timor_leste,2019,7.0000
timor_leste,2020,7.0000
timor_leste,2021,7.0000
timor_leste,2022,7.0000
turkiye,2004,545.00
turkiye,2005,545.00
turkiye,2006,545.00
turkiye,2007,545.00
turkiye,2008,545.00
turkiye,2009,545.00
turkiye,2010,545.00
turkiye,2011,545.00
turkiye,2012,545.00
turkiye,2013,545.00
turkiye,2014,545.00
turkiye,2015,545.00
turkiye,2016,545.00
turkiye,2017,545.00
turkiye,2018,545.00
turkiye,2019,545.00
turkiye,2020,545.00
turkiye,2021,545.00
turkiye,2022,545.00
turkmenistan,1994,44.100
turkmenistan,1995,44.100
turkmenistan,1996,44.100
turkmenistan,1997,44.100
turkmenistan,1998,44.100
turkmenistan,1999,44.100
turkmenistan,2000,44.100
turkmenistan,2001,44.100
turkmenistan,2002,44.100
turkmenistan,2003,44.100
turkmenistan,2004,44.100
turkmenistan,2005,44.100
turkmenistan,2006,44.100
turkmenistan,2007,44.100
turkmenistan,2008,44.100
turkmenistan,2009,44.100
turkmenistan,2010,44.100
turkmenistan,2011,44.100
turkmenistan,2012,44.100
turkmenistan,2013,44.100
turkmenistan,2014,44.100
turkmenistan,2015,44.100
turkmenistan,2016,44.100
turkmenistan,2017,44.100
turkmenistan,2018,44.100
turkmenistan,2019,44.100
turkmenistan,2020,44.100
turkmenistan,2021,44.100
turkmenistan,2022,44.100
uganda,2012,0.40000
uganda,2013,0.40000
uganda,2014,0.40000
uganda,2015,0.40000
uganda,2016,0.40000
uganda,2017,0.40000
uganda,2018,0.40000
uganda,2019,0.40000
uganda,2020,0.40000
uganda,2021,0.40000
uganda,2022,0.40000
ukraine,2003,100.00
ukraine,2004,100.00
ukraine,2005,100.00
ukraine,2006,100.00
ukraine,2007,100.00
ukraine,2008,100.00
ukraine,2009,100.00
ukraine,2010,100.00
ukraine,2011,100.00
ukraine,2012,100.00
ukraine,2013,100.00
ukraine,2014,100.00
ukraine,2015,100.00
ukraine,2016,100.00
ukraine,2017,100.00
ukraine,2018,100.00
ukraine,2019,100.00
ukraine,2020,100.00
ukraine,2021,100.00
ukraine,2022,100.00
united_kingdom_of_great_britain_and_northern_ireland,2007,4.3400
united_kingdom_of_great_britain_and_northern_ireland,2008,4.3400
united_kingdom_of_great_britain_and_northern_ireland,2009,4.3400
united_kingdom_of_great_britain_and_northern_ireland,2010,4.3400
united_kingdom_of_great_britain_and_northern_ireland,2011,4.3400
united_kingdom_of_great_britain_and_northern_ireland,2012,4.3400
united_kingdom_of_great_britain_and_northern_ireland,2013,4.3400
united_kingdom_of_great_britain_and_northern_ireland,2014,4.3400
united_kingdom_of_great_britain_and_northern_ireland,2015,4.3400
united_kingdom_of_great_britain_and_northern_ireland,2016,4.3400
united_kingdom_of_great_britain_and_northern_ireland,2017,4.3400
united_kingdom_of_great_britain_and_northern_ireland,2018,4.3400
united_kingdom_of_great_britain_and_northern_ireland,2019,4.3400
united_kingdom_of_great_britain_and_northern_ireland,2020,4.3400
united_kingdom_of_great_britain_and_northern_ireland,2021,4.3400
united_kingdom_of_great_britain_and_northern_ireland,2022,4.3400
united_republic_of_tanzania,2002,57.000
united_republic_of_tanzania,2003,63.091
united_republic_of_tanzania,2004,69.182
united_republic_of_tanzania,2005,75.273
united_republic_of_tanzania,2006,81.364
united_republic_of_tanzania,2007,87.455
united_republic_of_tanzania,2008,93.545
united_republic_of_tanzania,2009,99.636
united_republic_of_tanzania,2010,105.73
united_republic_of_tanzania,2011,111.82
united_republic_of_tanzania,2012,117.91
united_republic_of_tanzania,2013,124.00
united_republic_of_tanzania,2014,124.00
united_republic_of_tanzania,2015,124.00
united_republic_of_tanzania,2016,124.00
united_republic_of_tanzania,2017,124.00
united_republic_of_tanzania,2018,124.00
united_republic_of_tanzania,2019,124.00
united_republic_of_tanzania,2020,124.00
united_republic_of_tanzania,2021,124.00
united_republic_of_tanzania,2022,124.00
united_states_of_america,2008,4831.0
united_states_of_america,2009,4831.0
united_states_of_america,2010,4831.0
united_states_of_america,2011,4831.0
united_states_of_america,2012,4831.0
united_states_of_america,2013,4831.0
united_states_of_america,2014,4831.0
united_states_of_america,2015,4831.0
united_states_of_america,2016,4831.0
united_states_of_america,2017,4831.0
united_states_of_america,2018,4831.0
united_states_of_america,2019,4831.0
united_states_of_america,2020,4831.0
united_states_of_america,2021,4831.0
united_states_of_america,2022,4831.0
uruguay,2000,3.8110
uruguay,2001,3.8110
uruguay,2002,3.8110
uruguay,2003,3.8110
uruguay,2004,3.8110
uruguay,2005,3.8110
uruguay,2006,3.8110
uruguay,2007,3.8110
uruguay,2008,3.8110
uruguay,2009,3.8110
uruguay,2010,13.700
uruguay,2011,13.700
uruguay,2012,13.700
uruguay,2013,13.700
uruguay,2014,13.700
uruguay,2015,13.700
uruguay,2016,13.700
uruguay,2017,13.700
uruguay,2018,13.700
uruguay,2019,13.700
uruguay,2020,13.700
uruguay,2021,13.700
uruguay,2022,13.700
uzbekistan,1993,75.800
uzbekistan,1994,75.800
uzbekistan,1995,75.800
uzbekistan,1996,75.800
uzbekistan,1997,75.800
uzbekistan,1998,75.800
uzbekistan,1999,75.800
uzbekistan,2000,75.800
uzbekistan,2001,75.800
uzbekistan,2002,75.800
uzbekistan,2003,75.800
uzbekistan,2004,75.800
uzbekistan,2005,75.800
uzbekistan,2006,75.800
uzbekistan,2007,75.800
uzbekistan,2008,75.800
uzbekistan,2009,75.800
uzbekistan,2010,75.800
uzbekistan,2011,75.800
uzbekistan,2012,75.800
uzbekistan,2013,75.800
uzbekistan,2014,75.800
uzbekistan,2015,75.800
uzbekistan,2016,75.800
uzbekistan,2017,75.800
uzbekistan,2018,75.800
uzbekistan,2019,75.800
uzbekistan,2020,75.800
uzbekistan,2021,75.800
uzbekistan,2022,75.800
venezuela_bolivarian_republic_of,2008,59.410
venezuela_bolivarian_republic_of,2009,59.410
venezuela_bolivarian_republic_of,2010,59.410
venezuela_bolivarian_republic_of,2011,59.410
venezuela_bolivarian_republic_of,2012,59.410
venezuela_bolivarian_republic_of,2013,59.410
venezuela_bolivarian_republic_of,2014,59.410
venezuela_bolivarian_republic_of,2015,59.410
venezuela_bolivarian_republic_of,2016,59.410
venezuela_bolivarian_republic_of,2017,59.410
venezuela_bolivarian_republic_of,2018,59.410
venezuela_bolivarian_republic_of,2019,59.410
venezuela_bolivarian_republic_of,2020,59.410
venezuela_bolivarian_republic_of,2021,59.410
venezuela_bolivarian_republic_of,2022,59.410
viet_nam,2005,265.50
viet_nam,2006,265.50
viet_nam,2007,265.50
viet_nam,2008,265.50
viet_nam,2009,265.50
viet_nam,2010,265.50
viet_nam,2011,265.50
viet_nam,2012,265.50
viet_nam,2013,265.50
viet_nam,2014,265.50
viet_nam,2015,265.50
viet_nam,2016,265.50
viet_nam,2017,265.50
viet_nam,2018,265.50
viet_nam,2019,265.50
viet_nam,2020,265.50
viet_nam,2021,265.50
viet_nam,2022,265.50
yemen,1994,17.000
yemen,1995,17.223
yemen,1996,17.446
yemen,1997,17.669
yemen,1998,17.892
yemen,1999,18.115
yemen,2000,18.338
yemen,2001,18.561
yemen,2002,18.784
yemen,2003,19.007
yemen,2004,19.230
yemen,2005,19.230
yemen,2006,19.230
yemen,2007,19.230
yemen,2008,19.230
yemen,2009,19.230
yemen,2010,19.230
yemen,2011,19.230
yemen,2012,19.230
yemen,2013,19.230
yemen,2014,19.230
yemen,2015,19.230
yemen,2016,19.230
yemen,2017,19.230
yemen,2018,19.230
yemen,2019,19.230
yemen,2020,19.230
yemen,2021,19.230
yemen,2022,19.230
zambia,2002,1.5000
zambia,2003,1.5000
zambia,2004,1.5000
zambia,2005,1.5000
zambia,2006,1.5000
zambia,2007,1.5000
zambia,2008,1.5000
zambia,2009,1.5000
zambia,2010,1.5000
zambia,2011,1.5000
zambia,2012,1.5000
zambia,2013,1.5000
zambia,2014,1.5000
zambia,2015,1.5000
zambia,2016,1.5000
zambia,2017,1.5000
zambia,2018,1.5000
zambia,2019,1.5000
zambia,2020,1.5000
zambia,2021,1.5000
zambia,2022,1.5000
zimbabwe,1999,18.000
zimbabwe,2000,18.000
zimbabwe,2001,18.000
zimbabwe,2002,18.000
zimbabwe,2003,18.000
zimbabwe,2004,18.000
zimbabwe,2005,18.000
zimbabwe,2006,18.000
zimbabwe,2007,18.000
zimbabwe,2008,18.000
zimbabwe,2009,18.000
zimbabwe,2010,18.000
zimbabwe,2011,18.000
zimbabwe,2012,18.000
zimbabwe,2013,18.000
zimbabwe,2014,18.000
zimbabwe,2015,18.000
zimbabwe,2016,18.000
zimbabwe,2017,18.000
zimbabwe,2018,18.000
zimbabwe,2019,18.000
zimbabwe,2020,18.000
zimbabwe,2021,18.000
zimbabwe,2022,18.000
